cycle,cycle_role,chg_V_cutoff,dchg_V_cutoff,chg_I_cutoff,chg_temp_avg,dchg_temp_avg,cycle_duration_h,SoHQ,dchgCapa,chgCapa,chgCCcapa,chgCVcapa,chgCapa_CCratio,chgCapa_CCratio_norm,delta_chgCapa_CCratio,chgCVtime,tau_CV,Q_CV_at_Tref,CE,CE_rev,CE_local_20,CI,CI_per_hour,VE,EE,chg_E,dchg_E,dE,Q_relax,Q_relax_pct,dSoHQ_dN,d2SoHQ,EoC_restV_init,EoC_restV_60s,EoC_restV_30m,EoC_restV_end,EoC_restV_relax,EoC_restV_relax_60s,EoC_restV_tau,delta_EoC_restV_60s,delta_EoC_restV_30m,delta_EoC_restV_end,delta_EoC_restV_tau,EoD_restV_init,EoD_restV_60s,EoD_restV_30m,EoD_restV_end,EoD_restV_relax,EoD_restV_relax_60s,EoD_restV_tau,delta_EoD_restV_60s,delta_EoD_restV_30m,delta_EoD_restV_end,delta_EoD_restV_tau,EoC_dchgR_10s,EoC_dchgR_10s_inc,EoC_dchgR_30s,EoC_dchgR_30s_inc,EoC_dchgR_60s,EoC_dchgR_60s_inc,EoD_chgR_10s,EoD_chgR_10s_inc,EoD_chgR_30s,EoD_chgR_30s_inc,EoD_chgR_60s,EoD_chgR_60s_inc,EoC_dchgR_10_60_ratio,EoD_chgR_10_60_ratio,EoC_dchgR_10s_T25,EoD_chgR_10s_T25,EoC_dchgR_10s_growth_50,R_ohmic_soc80,R_ct_soc80,tau_ct_soc80,A_diff_soc80,R_30s_total_soc80,R_ohmic_frac_soc80,R_ct_frac_soc80,R_diff_frac_soc80,R_recovery_tau1_soc80,R_recovery_tau2_soc80,V_inf_est_soc80,V_inf_rest_soc80,self_discharge_rate_soc80,dcir_fit_r2_soc80,dcir_fit_rmse_soc80,pulse_current_A_soc80,n_t_le_1s_soc80,relax_amp_ratio_soc80,relax_completeness_soc80,recovery_fit_r2_soc80,dcir_fit_valid_soc80,dcir_fit_cond_soc80,sd_fit_valid_soc80,n_points_soc80,R_ohmic_soc50,R_ct_soc50,tau_ct_soc50,A_diff_soc50,R_30s_total_soc50,R_ohmic_frac_soc50,R_ct_frac_soc50,R_diff_frac_soc50,R_recovery_tau1_soc50,R_recovery_tau2_soc50,V_inf_est_soc50,V_inf_rest_soc50,self_discharge_rate_soc50,dcir_fit_r2_soc50,dcir_fit_rmse_soc50,pulse_current_A_soc50,n_t_le_1s_soc50,relax_amp_ratio_soc50,relax_completeness_soc50,recovery_fit_r2_soc50,dcir_fit_valid_soc50,dcir_fit_cond_soc50,sd_fit_valid_soc50,n_points_soc50,R_ohmic_soc20,R_ct_soc20,tau_ct_soc20,A_diff_soc20,R_30s_total_soc20,R_ohmic_frac_soc20,R_ct_frac_soc20,R_diff_frac_soc20,R_recovery_tau1_soc20,R_recovery_tau2_soc20,V_inf_est_soc20,V_inf_rest_soc20,self_discharge_rate_soc20,dcir_fit_r2_soc20,dcir_fit_rmse_soc20,pulse_current_A_soc20,n_t_le_1s_soc20,relax_amp_ratio_soc20,relax_completeness_soc20,recovery_fit_r2_soc20,dcir_fit_valid_soc20,dcir_fit_cond_soc20,sd_fit_valid_soc20,n_points_soc20,mech_vs_chem_ratio,R_ohmic_growth_100,R_ct_growth_100,R_ratio_20_50,R_ratio_80_50,R_SOC_slope,R_SOC_curvature,R_ohmic_soc50_ff,R_ct_soc50_ff,chg_V_avg,dchg_V_avg,delta_chg_V_avg,delta_dchg_V_avg,chg_ir_drop_proxy,dchg_ir_drop_proxy,hyst_area,hyst_area_low,hyst_area_mid,hyst_area_high,hyst_frac_low,hyst_frac_high,hyst_max_dV,hyst_max_dV_low,hyst_max_dV_mid,hyst_max_dV_high,delta_hyst_area,delta_hyst_max_dV,chg_plateau_V,chg_plateau_width,dchg_plateau_V,dchg_plateau_width,delta_dchg_plateau_V,dchg_V_cutoff_margin,delta_dchg_V_cutoff_margin,dchg_shape_DTW,delta_dchg_shape_DTW,chg_dQdV_peak1_V,chg_dQdV_peak1,dchg_dQdV_peak1_V,dchg_dQdV_peak1,chg_dVdQ_peak1_Q,chg_dVdQ_peak1,dchg_dVdQ_peak1_Q,dchg_dVdQ_peak1,chg_dQdV_peak2_V,chg_dQdV_peak2,dchg_dQdV_peak2_V,dchg_dQdV_peak2,chg_dVdQ_peak2_Q,chg_dVdQ_peak2,dchg_dVdQ_peak2_Q,dchg_dVdQ_peak2,chg_dQdV_peak3_V,chg_dQdV_peak3,dchg_dQdV_peak3_V,dchg_dQdV_peak3,chg_dVdQ_peak3_Q,chg_dVdQ_peak3,dchg_dVdQ_peak3_Q,dchg_dVdQ_peak3,chg_dQdV_peak4_V,chg_dQdV_peak4,dchg_dQdV_peak4_V,dchg_dQdV_peak4,chg_dVdQ_peak4_Q,chg_dVdQ_peak4,dchg_dVdQ_peak4_Q,dchg_dVdQ_peak4,chg_dQdV_peak5_V,chg_dQdV_peak5,dchg_dQdV_peak5_V,dchg_dQdV_peak5,chg_dVdQ_peak5_Q,chg_dVdQ_peak5,dchg_dVdQ_peak5_Q,dchg_dVdQ_peak5,chg_dQdV_peak6_V,chg_dQdV_peak6,dchg_dQdV_peak6_V,dchg_dQdV_peak6,chg_dVdQ_peak6_Q,chg_dVdQ_peak6,dchg_dVdQ_peak6_Q,dchg_dVdQ_peak6,chg_dQdV_peak7_V,chg_dQdV_peak7,dchg_dQdV_peak7_V,dchg_dQdV_peak7,chg_dVdQ_peak7_Q,chg_dVdQ_peak7,dchg_dVdQ_peak7_Q,dchg_dVdQ_peak7,chg_dQdV_peak8_V,chg_dQdV_peak8,dchg_dQdV_peak8_V,dchg_dQdV_peak8,chg_dVdQ_peak8_Q,chg_dVdQ_peak8,dchg_dVdQ_peak8_Q,dchg_dVdQ_peak8,delta_chg_dQdV_peak1_V,delta_dchg_dQdV_peak1_V,dchg_dVdQ_SOC0,dchg_dVdQ_SOC5,dchg_dVdQ_SOC10,dchg_dVdQ_SOCmid,dchg_dVdQ_SOC0_Q,dchg_dVdQ_SOC0_cliff_width,dchg_dVdQ_SOC0_to_mid_ratio,chg_dVdQ_SOC100,delta_dchg_dVdQ_SOC0,delta_dchg_dVdQ_SOC5,delta_dchg_dVdQ_SOC10,delta_dchg_dVdQ_SOCmid,delta_chg_dVdQ_SOC100,delta_dchg_dVdQ_SOC0_cliff_width,delta_dchg_dVdQ_SOC0_to_mid_ratio,chg_dQdV_area_sum,dchg_dQdV_area_sum,RCF,RCF_slope_100,PER,eta_SOC20,eta_SOC50,eta_SOC80,eta_max,eta_mean,eta_argmax_SOC,eta_slope_lowSOC,Reff_scale,Reff_shape_fit_r2,Reff_resid_soc20,Reff_resid_soc50,Reff_resid_soc80,I_inf_norm,pulse_sample_count_1s,pulse_current_stability,rest_sufficiency,leg_completeness,relax_completeness_max,samples_per_mV,ocv_V_inf_soc80,ocv_V_inf_soc50,ocv_V_inf_soc20,ocv_spread_20_80,ocv_spread_50_80,ocv_spread_20_50,ocv_parallel_shift,ocv_spread_compression,delta_ocv_V_inf_soc80,delta_ocv_V_inf_soc50,delta_ocv_V_inf_soc20,delta_ocv_spread_20_80,LAM_curve_proxy,LLI_curve_proxy,R_curve_proxy,dchg_fit_scale,dchg_fit_offset,dchg_fit_dR,dchg_fit_residual_rms,dchg_fit_residual_max,dchg_fit_residual_argmax_SOC,dchg_fit_r2,dchg_fit_corr_s_o,dchg_fit_residual_argmax_DOD,dQV_min,dQV_mean,dQV_var,dQV_log_var,dQV_skew,dQV_kurtosis,dQV_argmin_V,dqdv_snr,quality_score,v_noise_sigma,dQV_ref_cycle,temperature_available,Q_relax_significant,dchg_fit_degenerate_flag,eta_valid,fade_exponent_b_se,dQV_valid_V_range,fade_exponent_b,fade_exponent_a,fade_fit_r2,fade_sohq0,knee_cycle_bw,knee_severity,knee_slope_before,knee_slope_after,knee_fit_r2,LAM_PE_pattern_score,LAM_NE_pattern_score,contact_loss_score,LLI_pattern_score,interface_R_score,solid_diffusion_score,SE_decomposition_score,microshort_score,impedance_pattern_score,transport_limitation_score,plating_risk_score,contact_loss_confidence,LAM_PE_confidence,LLI_confidence,PE_side_score,contact_stack_score,NE_side_score,shared_side_score,si_cosign,dominance_margin,pe_peak_hits,pe_peak_hits_delta,fc_ocp_hits,fc_ocp_hits_delta,electrode_confidence
7,routine_05c,4.1994295,2.499983,33.697,0.0,0.0,5.093319444444444,97.93055575641009,67.718,67.082,66.764,0.0,100.0,,0.0,0.0,,,100.9480933782535,97.27989603945775,,-0.9480933782535031,-0.1861444954699708,0.9087981336789702,0.917414388606072,251.4020361515,230.63984529025,20.76219086125002,-0.3179999999999978,-0.4598764985755366,,,4.199546,4.191829,4.180029,4.180029,-0.0195169999999995,-0.0077169999999995,536.4585113905099,-0.0003334999999999,-0.0007413999999998,-0.0007413999999998,3.140003773218268,2.499983,2.8822222,3.0145361,3.0145361,0.5145531000000001,0.3822392000000003,361.1878222208628,0.0549462000000002,0.0392269999999999,0.0392269999999999,-0.0053353393452653,0.1645946470798815,24.323327974835827,0.4588876347530114,20.585391019919147,0.8213466106390649,15.167693782062338,0.2951179056706979,-1.8199922501775712,0.7951615643850395,-7.3823995330056995,1.4249037550307513,-9.217062371780086,0.2003960872886727,0.2071142732474088,0.0786518291103392,0.1410225878910135,,,,,,,,,,,,,,,,,,,,,,,,,,1.1065948604773397,0.7330619913105731,,,,,,,,,,,,,,,,,,,,,,,,,,,,,,,,,,,,,,,,,,,,,,,1.5095515435181164,,,,,,,1.1065948604773397,0.7330619913105731,3.7655328642906367,3.417291609231464,0.025670304008531,-0.0224195212445255,0.0401051000000003,0.0401492999999995,0.5516574519909112,0.0898751995966978,0.2460565551191192,0.213335707969533,0.1629184909445918,0.3867177125943144,1.5403693196912838,0.7389368434162162,0.9451652631437346,1.5403693196912838,0.003146377895513,0.0072262847469453,3.6795428633442127,10.16846492985972,3.192358418232242,17.17732264529058,-0.0304748435236756,0.4263726964485981,-0.0153974924038604,0.0034024123272637,0.0022228972349464,3.4484490277931865,82.63279132493417,3.1971285123015623,-71.49183024210902,56.06035270541082,0.0160758500198676,9.738324649298598,-0.0225478986684843,3.700209233927629,89.38557442331619,3.6487240242712327,-53.490780849393786,,,31.64955511022044,-0.0213180702204081,3.940633109507848,81.31999841434654,3.9817003296866345,-61.26850087120207,,,,,4.158279046525949,96.87889555787068,,,,,,,,,,,,,,,,,,,,,,,,,,,,,,,,,,,,,,,0.0441403421495643,-0.0137786482480333,0.1084082590321977,0.049500315588311,0.0292255086617563,0.0196872421804568,67.492,5.004416833667342,5.5065233636335655,0.0109843402715686,0.0005335059635059,-0.0016824607565128,-0.0018138236503726,0.0003678594444287,-0.0037787061224927,-0.5143006012023932,-0.0772343859098372,66.76399999999992,67.49200000000002,0.9793055575641008,-0.0138118000587719,,,,,,,,,,,,,,,6,0.026906034935189,3.0,0.9997672352941176,,0.3647907927745299,,,,,,,,,,,,,-1.8554753782347837,-0.2655775147549432,0.8435057664956337,1.0185547537823478,-0.1836441956778956,0.8435057664956337,4.197818792001837,32.50035943117169,99.850852062967,0.9999108282347872,0.5273984536309482,0.1491479370329897,-2.951257018697632,-2.149468246385122,0.2074944124569409,-0.6829935937536061,-0.3542095729162409,-1.1378601378469542,3.156609951469469,71.44839085294308,1.0,0.0237878597363818,3.0,False,True,False,,0.0284132280585676,0.7713170950000006,0.6819415423650813,0.0028099348255316,0.982608591399509,97.79606357286438,40.0,0.0,-0.1282686738771933,-0.0362892859991625,0.998641276554908,0.5149118925377428,,0.7499903942956047,0.2023473227417457,0.3487598548952594,0.391769661387113,0.0477033647759793,0.0,,,,0.52,0.750967741935484,0.7597826086956522,0.4861839194033071,0.7499903942956047,0.164997886745033,0.1981160407600194,0.2,0.2638064748922976,1.0,0.0,1.0,0.0,0.8687499999999999
8,routine_05c,4.1995482,2.4999442,31.499,0.0,0.0,5.05498611111111,97.79606357286438,67.625,65.876,65.569,0.0,100.0,,0.0,0.0,,,102.65498815957253,96.57818853974123,,-2.6549881595725253,-0.5252216526840162,0.9061162062966246,0.9301734842857676,247.52529056705004,230.2414619756,17.283828591450032,-0.3179999999999978,-0.4598764985755366,,,4.1995535,4.1916986,4.1800995,4.1800995,-0.0194540000000005,-0.0078549000000007,535.920167244086,-0.0004639000000006,-0.0006709000000002,-0.0006709000000002,2.601659626794344,2.4999442,2.8814232,3.015125,3.015125,0.5151808,0.3814790000000001,363.3006651534513,0.0541472,0.0398158999999997,0.0398158999999997,2.1075075932432696,0.1672843065048812,26.35490929760245,0.4658712452412779,22.42052741864054,0.836879557182586,17.34569465025305,0.2857537311319473,-4.935271638921599,0.7735488657925318,-9.899770056067302,1.381887743061319,-11.95768251391134,0.1998905398861165,0.2067850536823724,0.0799370873931157,0.1365479013283104,,,,,,,,,,,,,,,,,,,,,,,,,,1.1065948604773397,0.7330619913105731,,,,,,,,,,,,,,,,,,,,,,,,,,,,,,,,,,,,,,,,,,,,,,,1.5095515435181164,,,,,,,1.1065948604773397,0.7330619913105731,3.7750353149666767,3.4156906845817194,0.035172754684571,-0.0240204458942701,0.040051,0.0400529,0.5538805850298045,0.0874968732753283,0.2493930133883262,0.2146092095614657,0.1579706450093752,0.387464762914406,1.5447792043963957,0.724248324141362,0.9544581078257336,1.5447792043963957,0.0053695109344064,0.011636169452057,3.686417732815224,9.85506012024048,3.191234956857036,17.155689378757508,-0.0315983048988819,0.4252183689610391,-0.0165518198914194,0.0037759824597575,0.0025964673674402,3.707564124593132,87.58634999312778,3.167645792227849,-71.67723507259547,36.7922244488978,0.0142672030805615,9.590975951903806,-0.0226040740526816,4.158431734239096,96.78111354691455,3.646511408154499,-53.94223531355576,54.662733466933865,0.0159972989883167,30.79919038076152,-0.0212761583402807,,,3.9791251200667306,-60.74242163141242,63.99219038076152,0.0127604900433275,,,,,,,,,,,,,,,,,,,,,,,,,,,,,,,,,,,,,,,,,,,0.3032554389495101,-0.0432613683217466,0.1087780702759074,0.0493357887309647,0.0292059571153668,0.0196443863305088,67.407,4.99811422845692,5.5373615874662825,0.0073537522350316,0.0009033172072156,-0.0018469876138591,-0.0018333751967621,0.0003250035944807,-0.0074092941590297,-0.5206032064128152,-0.0463961620771202,65.56899999999996,67.40699999999995,0.977960635728644,-0.0138118000587719,,,,,,,,,,,,,,,5,0.0235731865021121,3.0,0.9997701764705884,,0.3600827554897468,,,,,,,,,,,,,-1.8520566788631232,-0.1542682631251023,0.8758887302701511,1.0185205667886312,-0.106674961268377,0.8758887302701511,4.1655374358706405,32.717776044003166,99.85656192236598,0.999911574595604,0.4353423594990746,0.1434380776340111,-3.0924890588758203,-2.2816351939008226,0.2054213979161817,-0.687354319680647,-0.4350922073218429,-1.1051387609423742,3.158926219022022,84.44955023550624,1.0,0.0201257353681608,3.0,False,True,False,,0.0284132280585676,0.7713170950000006,0.6819415423650813,0.0028099348255316,0.982608591399509,97.79606357286438,40.0,0.0,-0.1282686738771933,-0.0362892859991625,0.998641276554908,0.5637104750641738,,0.783432473696809,0.2610841043334867,0.4032557213794074,0.4142968091378096,0.1058430124280397,,,,,0.52,0.750967741935484,0.7200000000000001,0.5227828562981304,0.783432473696809,0.172355144213298,0.2961199118196859,0.2,0.2606496173986786,0.0,0.0,0.0,0.0,0.8687499999999999
9,routine_05c,4.199545,2.499982,33.445,0.0,0.0,5.048013888888891,97.5588945610204,67.461,65.311,65.004,0.0,100.0,,0.0,0.0,,,103.29194163310926,96.784809000756,,-3.2919416331092606,-0.6521261045567059,0.9060038610995036,0.9358289794006156,245.34306575375,229.59915082735,15.74391492640001,-0.3179999999999978,-0.4598764985755366,,,4.199528,4.1915565,4.1797333,4.1797333,-0.0197947000000002,-0.0079715,543.128685585356,-0.0006060000000003,-0.0010371000000004,-0.0010371000000004,9.810177968064409,2.499982,2.8802912,3.0149124,3.0149124,0.5149303999999999,0.3803091999999997,363.6439331169484,0.0530151999999999,0.0396033,0.0396033,2.450775556740325,0.1731398169560291,30.777753899133295,0.4776585604215022,25.517969804176637,0.853545791059465,19.68260296005809,0.2870824263176109,-4.493240501132337,0.7851035345668747,-8.553923194243461,1.403682887958307,-10.569078355352872,0.2028477192080333,0.2045208563703299,0.0827351529166802,0.1371828205588965,,,,,,,,,,,,,,,,,,,,,,,,,,1.1065948604773397,0.7330619913105731,,,,,,,,,,,,,,,,,,,,,,,,,,,,,,,,,,,,,,,,,,,,,,,1.5095515435181164,,,,,,,1.1065948604773397,0.7330619913105731,3.7742764407382623,3.4142153049510773,0.0344138804561566,-0.0254958255249122,0.0400969999999998,0.040184,0.5528349990142051,0.0869629684444889,0.2492382442556252,0.2142625098152718,0.157303659499775,0.3875704508530335,1.5418225332430209,0.7217593461575604,0.9525228668008268,1.5418225332430209,0.0043239249188069,0.0086794982986821,3.688274356522919,9.770140280561126,3.1921177150606037,17.11522244488978,-0.0307155466953146,0.4239606160233915,-0.017809572829067,0.0034790694801267,0.0022995543878095,3.464740195577001,78.41122688497568,3.175990395853917,-71.5913571890893,36.21465330661323,0.0142377714289822,9.433587174348697,-0.0225732221752389,3.698795810932579,87.99884004764189,3.64731138260084,-53.575527063686856,54.452248496994,0.0161563021128874,30.052713426853707,-0.0212460478398803,3.950117561983904,81.18197343402252,3.979345914162397,-60.17322155060725,,,,,4.158901585065426,96.66282290539982,,,,,,,,,,,,,,,,,,,,,,,,,,,,,,,,,,,,,,,0.0604315099333789,-0.0349167646956787,0.1087966732441162,0.0492710023677867,0.0292775487104731,0.019655688693755,67.248,4.986324649298602,5.535123950079789,0.0103051322030217,0.0009219201754245,-0.0019117739770372,-0.0017617836016558,0.000336305957727,-0.0044579141910397,-0.5323927855711332,-0.0486337994636141,65.00399999999993,67.24799999999996,0.975588945610204,-0.0138118000587719,,,,,,,,,,,,,,,5,0.0264752505952295,3.0,0.9997442941176468,,0.360092077662447,,,,,,,,,,,,,-2.010432830251552,-0.0857522251068017,0.9098712470976034,1.0201043283025155,-0.0592968061391023,0.9098712470976034,3.740860126430273,31.083174765039523,100.0,0.9999287083801904,0.6101718425885881,0.0,-3.290630498765445,-2.4441738217579125,0.2239912111191997,-0.6497690220090632,-0.4490638355906677,-1.1232977799138817,3.1527495055485484,85.30433659081355,1.0,0.0199235509931042,3.0,False,True,False,,0.0284132280585676,0.7713170950000006,0.6819415423650813,0.0028099348255316,0.982608591399509,97.79606357286438,40.0,0.0,-0.1282686738771933,-0.0362892859991625,0.998641276554908,0.5395680236615223,,0.8429010365282852,0.2636650059851002,0.4298182218566118,0.4528033921607791,0.1067679937091148,,,,,0.52,0.750967741935484,0.7200000000000001,0.4546760177461417,0.8429010365282852,0.1854382280362227,0.3132636534279015,0.2,0.3882250187821434,1.0,0.0,1.0,0.0,0.825
10,routine_05c,4.1995373,2.4999902,31.932,0.0,0.0,5.043986111111113,97.36944858204744,67.33,65.292,64.995,0.0,100.0,,0.0,0.0,,,103.12136249463946,93.51403534828458,608.7840570843573,-3.121362494639456,-0.6188285268596562,0.9051475923151642,0.9334005297828216,245.45200337545,229.1050299869,16.346973388550026,-0.3179999999999978,-0.4598764985755366,,,4.19954,4.191363,4.179403,4.179403,-0.020137,-0.0081769999999998,545.1017727634353,-0.0007995000000002,-0.0013674000000003,-0.0013674000000003,11.783265146143664,2.4999902,2.879281,3.014734,3.014734,0.5147437999999998,0.3792908000000001,365.13008704513646,0.0520050000000003,0.0394248999999997,0.0394248999999997,3.9369294849284415,0.1765300366561895,33.3384896409539,0.4810272894775008,26.403196338285333,0.8608777379202126,20.710674909156328,0.3022289139566783,0.5457023932563426,0.8125845681008934,-5.353029818263643,1.446835620849511,-7.819747500747283,0.2050581968615741,0.2088895998974813,0.0843551751059445,0.1444205951678826,,,,,,,,,,,,,,,,,,,,,,,,,,1.1065948604773397,0.7330619913105731,,,,,,,,,,,,,,,,,,,,,,,,,,,,,,,,,,,,,,,,,,,,,,,1.5095515435181164,,,,,,,1.1065948604773397,0.7330619913105731,3.776475165404262,3.413212013570609,0.0366126051221562,-0.0264991169053803,0.0400230999999999,0.0401363000000003,0.5542841891811133,0.0864750702645038,0.2504914532952577,0.2149437869529523,0.1560121539679134,0.3877862496321703,1.5449259065760113,0.7196954491876775,0.956601194035894,1.5449259065760113,0.0057731150857152,0.0117828716316727,3.685872654519162,10.029288577154308,3.190038197504209,17.21792384769539,-0.0327950642517089,0.4229187798039211,-0.0188514090485374,0.0031235269836838,0.0019440118913666,3.7055561960501344,87.41354012128053,3.1712669806225176,-71.27746142780798,54.05395791583168,0.0160969946068115,9.55056713426854,-0.0224834411980603,4.162882308852962,96.94360942358117,3.653960539257468,-53.72255532858029,63.43199398797597,0.0125621913054523,30.131366733466937,-0.0213511408660171,,,3.975501285037096,-60.30193313325495,,,,,,,,,,,,,,,,,,,,,,,,,,,,,,,,,,,,,,,,,,,,,0.3012475104065122,-0.039640179927078,0.1090725216910211,0.0491696066228603,0.0292226792130496,0.019689090726886,67.123,4.977056112224446,5.539743973147506,0.0075698506662087,0.0011977686223294,-0.0020131697219636,-0.0018166530990793,0.0003697079908579,-0.0071931957278526,-0.5416613226452895,-0.0440137763958965,64.99499999999998,67.12299999999993,0.9736944858204746,-0.0138118000587719,,,,,,,,,,,,,,,5,0.0289209279257217,3.0,0.9997387058823528,,0.3606824795043505,,,,,,,,,,,,,-2.1722177571630974,-0.0591259351945204,0.938242087626115,1.021722177571631,-0.0408849929276589,0.938242087626115,3.7715957579921726,31.75442217737689,100.0,0.9999279119426672,0.4653968607585431,0.0,-3.459606870179712,-2.563972310523253,0.2529849270464825,-0.5969053535084122,-0.4386399670046217,-1.144090729004733,3.158154129837837,86.36376766257385,1.0,0.0196790372397858,3.0,False,True,False,,0.0284132280585676,0.7713170950000006,0.6819415423650813,0.0028099348255316,0.982608591399509,97.79606357286438,40.0,0.0,-0.1282686738771933,-0.0362892859991625,0.998641276554908,0.567899525808591,,0.8701117705552365,0.2670514239382275,0.448876609589495,0.4824021619894499,0.1137841221647417,,,,,0.52,0.750967741935484,0.7200000000000001,0.4759246443564432,0.8701117705552365,0.191424589522152,0.3280285794204786,0.2,0.3941871261987932,0.0,0.0,0.0,0.0,0.825
20,routine_05c,4.1995173,2.4999952,34.3,0.0,0.0,5.012044444444441,95.949326816006,66.348,62.963,62.652,0.0,100.0,,0.0,0.0,,,105.37617330813332,93.10604690420207,552.8498477758881,-5.376173308133332,-1.0726507651169188,0.9004530818730513,0.9488630001129744,236.8412066157001,224.72985785975,12.111348755950075,-0.3179999999999978,-0.4598764985755366,,,4.1995,4.190319,4.176899,4.176899,-0.0226009999999998,-0.0091809999999998,523.9054334678099,-0.0018435000000005,-0.0038714000000004,-0.0038714000000004,-9.413074149481758,2.4999952,2.874823,3.0154543,3.0154543,0.5154591000000002,0.3748278000000002,382.1786177769936,0.0475470000000002,0.0401451999999999,0.0401451999999999,20.985460216785555,0.1589271692078101,20.04251008202974,0.4496605909528557,18.160730601255757,0.8045751771351844,12.816034576263387,0.3257812232664862,8.38109925034627,0.8741042073368017,1.812559695650472,1.556895925548073,-0.8076263371134625,0.1975292971052066,0.2092504822708696,0.0759436152711342,0.155675105808741,,,,,,,,,,,,,,,,,,,,,,,,,,1.1065948604773397,0.7330619913105731,,,,,,,,,,,,,,,,,,,,,,,,,,,,,,,,,,,,,,,,,,,,,,,1.5095515435181164,,,,,,,1.1065948604773397,0.7330619913105731,3.780265699669605,3.4030385211507004,0.0404031393874988,-0.0366726093252891,0.0401023,0.0387129999999995,0.5533803170416383,0.0818235964727914,0.2536547863182631,0.2155638504492787,0.1478614145696743,0.3895401477263944,1.5438213189695755,0.6920393687046533,0.9613198740774432,1.5438213189695755,0.0048692429462401,0.010678284025237,3.704018972788432,8.286637274549097,3.1868081814972915,17.20428857715431,-0.0360250802586263,0.4150373540836014,-0.0267328347688571,0.0038528377120475,0.0026733226197303,3.483198964387241,76.07131488580984,3.166093233122832,-70.01657895695604,53.86314228456914,0.0163375706070795,8.602144288577154,-0.0223866149743466,3.7094606243500703,84.84980067646636,3.639130706399022,-54.09448764210772,,,30.30601603206413,-0.0212130956326986,3.955141892042236,80.42510937140105,3.963488045957672,-58.18279160140781,,,,,4.169723420920616,93.6213337962054,,,,,,,,,,,,,,,,,,,,,,,,,,,,,,,,,,,,,,,0.0788902787436187,-0.0448139274267633,0.1099304908600024,0.0487703030290637,0.0296695050108946,0.0197786030122024,66.038,4.896605210420837,5.558051334170587,0.0103477236805228,0.0020557377913106,-0.0024124733157602,-0.0013698273012343,0.0004592202761744,-0.0044153227135385,-0.6221122244488981,-0.0257064153728157,62.65199999999999,66.03800000000001,0.95949326816006,-0.0138118000587719,,,,,,,,,,,,,,,5,0.0274127083380085,3.0,0.9997198823529408,,0.3583356702624583,,,,,,,,,,,,,-2.9126714431295886,0.6130302306596538,1.0824373888943426,1.029126714431296,0.423904274198844,1.0824373888943426,7.070798223978027,93.98841980169423,100.0,0.9997387278828084,0.6520139735139088,0.0,-4.629302198614944,-3.5004169611754232,0.3952758547079542,-0.4030997135774204,-0.606480579479864,-1.1635261695589538,3.1411681677857857,81.53523822787909,1.0,0.0208440404043473,3.0,False,True,False,,0.0284132280585676,0.7713170950000006,0.6819415423650813,0.0028099348255316,0.982608591399509,97.79606357286438,40.0,0.0,-0.1282686738771933,-0.0362892859991625,0.998641276554908,0.5700578016103696,,0.6649863164329143,0.3293389886226496,0.4023078777763808,0.6696645251630052,0.151062841090822,,,,,0.364,0.750967741935484,0.7200000000000001,0.4775433512077772,0.6649863164329143,0.1462969896152411,0.3880935581632144,0.2,0.1874429652251371,1.0,0.0,1.0,0.0,0.8030251891439899
30,routine_05c,4.19944,2.4999642,32.914,0.0,0.0,4.984472222222232,94.69985104629131,65.484,61.774,61.508,0.0,100.0,,0.0,0.0,,,106.0057629423382,92.54779793537354,508.16543929253305,-6.005762942338194,-1.204894455136644,0.8972157567286637,0.9511004081590928,232.83649243725,221.4508829914,11.38560944584998,-0.3179999999999978,-0.4598764985755366,,,4.1995173,4.1893945,4.1747065,4.1747065,-0.0248108,-0.0101228000000004,515.7243776456638,-0.0027680000000005,-0.0060639,-0.0060639,-17.594129971627808,2.4999642,2.8744152,3.0177462,3.0177462,0.517782,0.3744510000000001,380.6586977832308,0.0471392000000001,0.0424370999999998,0.0424370999999998,19.465540223022742,0.1698941926921546,28.326235474934983,0.4745235436232034,24.694157616078886,0.8476985920401954,18.86271959119624,0.3594199369887355,19.572047378142003,0.9556087338223196,11.305918037392368,1.677974816629373,6.90650690053142,0.2004181607560093,0.2141986479336556,0.0811842258999909,0.1717494217729165,,,,,,,,,,,,,,,,,,,,,,,,,,1.1065948604773397,0.7330619913105731,,,,,,,,,,,,,,,,,,,,,,,,,,,,,,,,,,,,,,,,,,,,,,,1.5095515435181164,,,,,,,1.1065948604773397,0.7330619913105731,3.785466808175359,3.3962775748635057,0.045604247893253,-0.0434335556124838,0.0401530000000001,0.0400709999999993,0.5550494192857323,0.0784919400152702,0.2571984024764335,0.2170361508603028,0.1414143268833213,0.3910213096693204,1.5494039696951516,0.6747578032555555,0.9697358057577844,1.5494039696951516,0.0065383451903341,0.0162609347508131,3.7155368625862506,7.02596392785571,3.182415375689821,16.595006012024044,-0.040417886066097,0.4093392967741933,-0.0324308920782652,0.0037413829624027,0.0025618678700855,3.735002723889096,80.9184401439794,3.1687431716241408,-68.93111070124185,52.87962324649298,0.016483567430554,8.101498997995991,-0.0226026888335657,4.17352362899358,90.45941205372571,3.641029249394667,-53.99104188647092,,,29.26993186372745,-0.0212492813330671,,,3.952842764777115,-56.20535527779052,,,,,,,,,,,,,,,,,,,,,,,,,,,,,,,,,,,,,,,,,,,,,0.3306940382454741,-0.0421639889254548,0.1101363467825217,0.0488029874046337,0.0300302397384272,0.0199161225378371,65.204,4.704096192384768,5.5300094972443485,0.0067075686808495,0.0022615937138299,-0.0023797889401902,-0.0010090925737017,0.000596739801809,-0.0080554777132119,-0.8146212424849679,-0.0537482522990542,61.50799999999996,65.20399999999998,0.9469985104629132,-0.0138118000587719,,,,,,,,,,,,,,,5,0.0281317257618809,3.0,0.9997466470588235,,0.3571493083571231,,,,,,,,,,,,,-3.644861185378701,1.205217890213385,1.1690439309484668,1.036448611853787,0.8333961189036536,1.1690439309484668,8.667307747628694,111.16220821095357,100.0,0.9996084856187216,0.7076206338535039,0.0,-5.606593946436668,-4.276082232172476,0.5549663986570618,-0.2557333111460699,-0.6449316786476187,-1.1856848742915431,3.1419402569699697,77.77901411675667,1.0,0.0218512579427751,3.0,False,True,False,,0.0284132280585676,0.7713170950000006,0.6819415423650813,0.0028099348255316,0.982608591399509,97.79606357286438,40.0,0.0,-0.1282686738771933,-0.0362892859991625,0.998641276554908,0.666438540285187,,0.8120603409520025,0.3836928500311489,0.5075688362070473,0.7856752606392009,0.1754333858671022,,,,,0.364,0.616,0.7200000000000001,0.5498289052138903,0.8120603409520025,0.1786532750094406,0.4630925831861248,0.2,0.2622314357381122,0.0,0.0,0.0,0.0,0.825
40,routine_05c,4.1994762,2.499969,33.624,0.0,0.0,4.97375,93.77575959160652,64.845,60.604,60.285,0.0,100.0,,0.0,0.0,,,106.99788792818956,91.6508597424628,471.69566189577455,-6.997887928189556,-1.4069641474118233,0.8962495162914172,0.9589680529984316,228.33091928935,218.96205711025,9.368862179099978,-0.3179999999999978,-0.4598764985755366,,,4.199485,4.1886635,4.1727624,4.1727624,-0.0267226000000002,-0.0108215000000004,533.4468376070892,-0.0034990000000005,-0.0080080000000002,-0.0080080000000002,0.1283299897975212,2.499969,2.8750412,3.019606,3.019606,0.5196369999999999,0.3750721999999999,381.80489130081054,0.0477652000000001,0.0442968999999999,0.0442968999999999,20.61173374060252,0.1852549226969103,39.92866063392164,0.5037775434454199,32.38145345998912,0.886257836136028,24.269425066052243,0.3303766257613222,9.90990060020402,0.9019009404192028,5.050224635988136,1.60406474761491,2.197576096083751,0.2090305046041661,0.2059621509995531,0.0885243765839786,0.1578710266246935,,,,,,,,,,,,,,,,,,,,,,,,,,1.1065948604773397,0.7330619913105731,,,,,,,,,,,,,,,,,,,,,,,,,,,,,,,,,,,,,,,,,,,,,,,1.5095515435181164,,,,,,,1.1065948604773397,0.7330619913105731,3.787524579735424,3.390030300514786,0.0476620194533179,-0.0496808299612037,0.0401911999999997,0.040019,0.5547591119130981,0.0756484085964322,0.2592783924682641,0.217527755534955,0.1363626247355489,0.3921120912909499,1.5496231288115254,0.6570233565719925,0.9736394133675236,1.5496231288115254,0.0062480378177,0.0164800938671869,3.721581454788954,5.798957915831664,3.176758684160938,16.17985971943888,-0.0460745775949797,0.4036011414473681,-0.0381690474050904,0.0041957890638498,0.0030162739715326,3.520472962916505,76.84734867029657,3.159634666507956,-67.99191647022646,51.94899799599198,0.0167016841937435,7.766332665330661,-0.0226943309369164,3.727190131679671,79.78192344065515,3.6367934897500542,-53.883883159503,,,30.677014028056117,-0.0214793600060573,3.96225130369396,79.89809258272807,3.9460863470443255,-55.33180830975024,,,,,4.173815644113545,88.2015005901017,,,,,,,,,,,,,,,,,,,,,,,,,,,,,,,,,,,,,,,0.1161642772728828,-0.0512724940416395,0.1102036407653006,0.0485593498194614,0.0302860929881686,0.0200366158274575,64.59,4.659799599198401,5.50011247978718,0.0080917929929852,0.0023288876966089,-0.0026234265253624,-0.0007532393239603,0.0007172330914294,-0.0066712534010762,-0.8589178356713347,-0.0836452697562224,60.28499999999998,64.58999999999997,0.9377575959160652,-0.0138118000587719,,,,,,,,,,,,,,,5,0.030915064282348,3.0,0.9997191176470585,,0.3565707426644838,,,,,,,,,,,,,-4.293634784848366,1.5062468257157688,1.3072547511533594,1.0429363478484837,1.041554617514197,1.3072547511533594,9.693275250896912,121.28271188172324,100.0,0.9995048603080208,0.6877925244763798,0.0,-6.433635390437708,-4.917669497443391,0.7289007437437656,-0.1373316066323219,-0.6730652541136048,-1.1785535542133736,3.1411681677857857,76.68183019489084,1.0,0.0221633012107376,3.0,False,True,False,,0.0284132280585676,0.7713170950000006,0.6819415423650813,0.0028099348255316,0.982608591399509,97.79606357286438,40.0,0.0,-0.1282686738771933,-0.0362892859991625,0.998641276554908,0.7424740197969781,,0.921237882640496,0.4209644415071367,0.5664652668788894,0.8468326370076642,0.1824731170563843,,,,,0.364,0.616,0.7200000000000001,0.6068555148477337,0.921237882640496,0.2026723341809091,0.5041838656125186,0.2,0.3143823677927623,1.0,0.0,1.0,0.0,0.825
50,routine_05c,4.199484,2.4999971,34.361,0.0,0.0,4.968388888888876,93.1119755889456,64.386,59.431,59.138,0.0,100.0,,0.0,0.0,,,108.33739967357104,91.3894324853229,441.4158067105909,-8.337399673571028,-1.6780891874660786,0.8941269167263172,0.9686738513627678,224.02907737145,217.01110919465,7.017968176800025,-0.3179999999999978,-0.4598764985755366,,,4.1994653,4.188239,4.171103,4.171103,-0.0283623000000003,-0.0112262999999996,529.4892655417744,-0.0039234999999999,-0.0096674000000005,-0.0096674000000005,-3.829242075517186,2.4999971,2.8743742,3.01957,3.01957,0.5195729,0.3743771000000002,383.1394438755139,0.0470982000000002,0.0442608999999998,0.0442608999999998,21.946286315305883,0.1940458183517121,46.568690690027104,0.52691071956894,38.46033394646973,0.9203007372530236,29.042857330227083,0.3523834316602034,17.231138424763177,0.948401348021872,10.466427286863455,1.6706709534705342,6.441165889776881,0.210850443226758,0.2109233005626792,0.0927251208671918,0.1683870158596483,,,,,,,,,,,,,,,,,,,,,,,,,,1.1065948604773397,0.7330619913105731,,,,,,,,,,,,,,,,,,,,,,,,,,,,,,,,,,,,,,,,,,,,,,,1.5095515435181164,,,,,,,1.1065948604773397,0.7330619913105731,3.788242371596097,3.3827645154422314,0.0483798113139917,-0.056946615033758,0.0401421000000001,0.0401403,0.555414529535292,0.0732209363243721,0.2617394051241624,0.2181648312978624,0.1318311503043233,0.3927964064613111,1.551973879567582,0.6445011087983641,0.9780483424706444,1.551973879567582,0.0069034554398939,0.0188308446232436,3.954086450410712,5.09606012024048,3.1689752042573955,15.941579158316635,-0.0538580574985223,0.3963136036303631,-0.0454565852220953,0.0045341079568134,0.0033545928644961,3.530586553155701,77.2457129641192,3.166788155453792,-67.5049355398109,51.31614028056112,0.016815635270311,7.456545090180361,-0.0227835389977749,3.733196400879474,79.36267814777116,3.641423929932949,-53.97595490231372,,,30.083302605210424,-0.0215421513123908,3.966156002838243,79.6999878979414,3.936942711817773,-53.99222731946724,,,,,,,,,,,,,,,,,,,,,,,,,,,,,,,,,,,,,,,,,,,,,0.1262778675120786,-0.0441190050958035,0.1078083527187204,0.0483156369136374,0.0304388013217847,0.0201165634717324,64.152,4.628200400801603,5.359183384886358,0.0098346583316853,-6.640034997133781e-05,-0.0028671394311865,-0.0006005309903442,0.0007971807357043,-0.004928388062376,-0.8905170340681323,-0.2245743646570446,59.13799999999996,64.1519999999999,0.931119755889456,-0.0138118000587719,,,,,,,,,,,,,,,5,0.0333065533515485,3.0,0.9996981764705882,,0.3554013861477837,,,,,,,,,,,,,-4.698480866990651,1.8080490384257488,1.467559967943379,1.0469848086699065,1.250247829581021,1.467559967943379,10.690441618735573,131.998317736314,100.0,0.9993897234955692,0.6626989741448877,0.0,-7.196784450838386,-5.527097506383754,0.8834209601201298,-0.0538323008474282,-0.6893160888390146,-1.1722581021809424,3.1373077218648646,75.26379265093392,1.0,0.0225804047356748,3.0,False,True,False,,0.0284132280585676,0.7713170950000006,0.6819415423650813,0.0028099348255316,0.982608591399509,97.79606357286438,40.0,0.0,-0.1282686738771933,-0.0362892859991625,0.998641276554908,0.7911873399833599,,0.9529320692971333,0.4544837765006993,0.6180539885801997,0.8804138086214026,0.1975391973187382,,,,,0.364,0.616,0.7200000000000001,0.6433905049875199,0.9529320692971333,0.2096450552453693,0.53762269275526,0.2,0.3095415643096133,1.0,0.0,1.0,0.0,0.825
60,routine_05c,4.19948,2.4999352,33.884,0.0,0.0,4.963055555555556,92.58557607485288,64.022,58.842,58.583,0.0,100.0,,0.0,0.0,,,108.80323578396384,90.98591109306174,415.8302243316196,-8.803235783963842,-1.7737532222684185,0.8915980977125528,0.9700875804995251,222.0490503533,215.40702600945,6.642024343849954,-0.3179999999999978,-0.4598764985755366,,,4.199477,4.1876044,4.1694794,4.1694794,-0.0299975999999997,-0.0118726000000002,528.9992360511877,-0.0045581000000005,-0.0112909999999999,-0.0112909999999999,-4.319271566103907,2.4999352,2.8742592,3.0195062,3.0195062,0.519571,0.3743240000000001,385.3123990450028,0.0469832000000001,0.0441970999999998,0.0441970999999998,24.11924148479477,0.2032702906115667,53.53621430335637,0.5481146878981434,44.03226184016245,0.948609656874863,33.01228137615125,0.3766393901177294,25.30062571638341,0.9976572374796336,16.203578697059587,1.7477694492622875,11.35323655418557,0.2142823332425566,0.2154971814370049,0.0971330504608136,0.1799777664299444,,,,,,,,,,,,,,,,,,,,,,,,,,1.1065948604773397,0.7330619913105731,,,,,,,,,,,,,,,,,,,,,,,,,,,,,,,,,,,,,,,,,,,,,,,1.5095515435181164,,,,,,,1.1065948604773397,0.7330619913105731,3.790332525703702,3.376126922079683,0.0504699654215965,-0.0635842083963065,0.0401010999999997,0.0401454000000001,0.5577018451446004,0.0711821365907521,0.2648406835478959,0.2193977464982859,0.1276347518131235,0.3933961280716234,1.5564271152996607,0.6353734052591968,0.9852420297435844,1.5564271152996607,0.0091907710492022,0.0232840803553222,3.9564448816629487,5.635238476953909,3.164773295643686,15.854853707414833,-0.058059966112232,0.3897996468421048,-0.0519705420103537,0.0054838848694405,0.0043043697771232,3.732749065923112,78.28525085719255,3.1648657239727047,-67.11673841196377,51.3041503006012,0.0169439037214567,7.288118236472947,-0.0229771643473457,3.967348829333837,78.94566937138048,3.64166018133897,-53.76343868338337,,,30.431090180360727,-0.0216549530745492,,,3.931841422793768,-52.77095660012053,,,,,,,,,,,,,,,,,,,,,,,,,,,,,,,,,,,,,,,,,,,,,0.3284403802794902,-0.0460414365768908,0.1058664664760886,0.0479623777816978,0.0304875067794339,0.0201563423833797,63.803,4.603022044088171,5.25226573663397,0.0084026070751607,-0.0020082865926031,-0.003220398563126,-0.000551825532695,0.0008369596473516,-0.0063604393189007,-0.9156953907815648,-0.3314920129094325,58.58299999999998,63.80299999999996,1.0012667928246353,-0.0138118000587719,,,,,,,,,,,,,,,5,0.0334792753264052,3.0,0.9997369411764704,,0.3536224352665008,,,,,,,,,,,,,-5.076642235396212,2.000356939548519,1.6304236888204329,1.050766422353962,1.3832268201284053,1.6304236888204329,11.520099417311725,140.2408094280405,100.0,0.9992831267807252,0.7250951981938326,0.0,-7.851805547527313,-6.062958577149529,1.020810041951015,0.0089449336565706,-0.6906811772096433,-1.1707561390054644,3.131131008391391,73.02637286621027,1.0,0.0232731372693767,3.0,False,True,False,,0.0284132280585676,0.7713170950000006,0.6819415423650813,0.0028099348255316,0.982608591399509,97.79606357286438,40.0,0.0,-0.1282686738771933,-0.0362892859991625,0.998641276554908,0.810001977123121,,0.9727706050109706,0.4775592033134772,0.6600762347603609,0.0,0.214747682029968,,,,,0.364,0.616,0.7200000000000001,0.6575014828423409,0.9727706050109706,0.2140095331024135,0.3380957800259515,0.2,0.3152691221686297,0.0,0.0,0.0,0.0,0.825
70,routine_05c,4.1994734,2.4999971,33.657,0.0,0.0,4.964444444444444,92.24139177717682,63.784,58.251,57.937,0.0,100.0,,0.0,0.0,,,109.49854938112652,90.40041389690204,393.9493904065844,-9.498549381126509,-1.9133156765921795,0.8903958016831726,0.974970486593526,219.7540056303,214.25366980025,5.500335830049977,-0.3179999999999978,-0.4598764985755366,,,4.1994734,4.186945,4.167878,4.167878,-0.0315953999999996,-0.0125283999999998,503.4893967852524,-0.0052175000000005,-0.0128924000000001,-0.0128924000000001,-29.829110832039248,2.4999971,2.874901,3.0194752,3.0194752,0.5194781000000002,0.3749039,389.0590003345745,0.047625,0.0441660999999999,0.0441660999999999,27.865842774366456,0.2173524757588074,64.17291576189831,0.5756239613995403,51.2610826900101,0.9837466538530086,37.939125726615856,0.3517200770425531,17.010453199467285,0.9475212955760256,10.363921897430512,1.6631676420475543,5.963117705460902,0.2209435477188258,0.211476022110161,0.1038622463329211,0.1680700307392168,,,,,,,,,,,,,,,,,,,,,,,,,,1.1065948604773397,0.7330619913105731,,,,,,,,,,,,,,,,,,,,,,,,,,,,,,,,,,,,,,,,,,,,,,,1.5095515435181164,,,,,,,1.1065948604773397,0.7330619913105731,3.792982129387093,3.3696160952480185,0.0531195691049872,-0.070095035227971,0.0401462000000001,0.0401430000000004,0.5600791284590392,0.0690205432869273,0.2682527223519636,0.2205327848321589,0.1232335571525856,0.393752906734655,1.560695075595997,0.622441748153646,0.9925980436710948,1.560695075595997,0.011568054363641,0.0275520406516585,3.724221828927993,5.573098196392785,3.1605797260856288,15.800432865731466,-0.0622535356702891,0.3829019158940396,-0.0588682729584189,0.0053807403662163,0.004201225273899,3.741934721935418,78.2218690908785,3.145507215355103,-66.39044890796448,50.97062725450902,0.0170688039538607,7.008256513026052,-0.0230760428651184,3.967291722673241,78.31657076875342,3.644403468946705,-53.59224308665263,,,29.689523046092184,-0.0216344891275496,4.176723854724802,78.49020033937427,3.922037457617252,-51.87457630772403,,,,,,,,,,,,,,,,,,,,,,,,,,,,,,,,,,,,,,,,,,,,,0.3376260362917964,-0.0653999451944926,0.103295286406238,0.04765251306104,0.0306564621353554,0.0201395103138153,63.584,4.459799599198391,5.128986991077892,0.0076854000693881,-0.0045794666624536,-0.0035302632837839,-0.0003828701767735,0.0008201275777873,-0.0070776463246732,-1.058917835671345,-0.4547707584655107,57.93699999999997,63.58399999999999,0.99754461143867,-0.0138118000587719,,,,,,,,,,,,,,,5,0.0329843602578921,3.0,0.9997005294117643,,0.3554005496587243,,,,,,,,,,,,,-5.245710169847362,2.1783811528292,1.7923046757444652,1.0524571016984736,1.5063287833698635,1.7923046757444652,12.268254963962756,147.94136350655052,100.0,0.9991863893444244,0.7363934625784776,0.0,-8.414964214899904,-6.532653819608249,1.123042499457823,0.0503961916409818,-0.7041298393376869,-1.1556449410376577,3.1234101165495494,74.49580858809425,1.0,0.0228132418750819,3.0,False,True,False,,0.0284132280585676,0.7713170950000006,0.6819415423650813,0.0028099348255316,0.982608591399509,97.79606357286438,40.0,0.0,-0.1282686738771933,-0.0362892859991625,0.998641276554908,0.8228631706643781,,0.9882812212600134,0.4977594468114816,0.688610912022408,0.0490683336072622,0.2226384533062094,,,,,0.364,0.616,0.7200000000000001,0.6671473779982836,0.9882812212600134,0.2174218686772029,0.3645192864368404,0.2,0.3211338432617298,0.0,0.0,0.0,0.0,0.825
80,routine_05c,4.199539,2.4999611,33.566,0.0,0.0,4.967222222222222,91.98831508770915,63.609,57.661,57.361,0.0,100.0,,0.0,0.0,,,110.3154645254158,89.72472448867298,375.0404620145064,-10.315464525415791,-2.076706872357502,0.8863631242891779,0.977795597941595,217.6422967837,212.809679721,4.832617062699995,-0.3179999999999978,-0.4598764985755366,,,4.199519,4.1864653,4.166277,4.166277,-0.0332419999999995,-0.0130536999999995,547.7897721986421,-0.0056972000000001,-0.0144934000000001,-0.0144934000000001,14.47126458135051,2.4999611,2.876094,3.0196934,3.0196934,0.5197322999999998,0.3761329,389.4337687990436,0.0488180000000002,0.0443842999999999,0.0443842999999999,28.240611238835527,0.1770553037813324,33.735239828351226,0.4937292494390761,29.74098688369916,0.8720891659502681,22.282720490765804,0.3607673806106892,20.020315757335094,0.9746608089855,13.525036219865443,1.7078275891365264,8.808475629982787,0.2030243129880015,0.2112434433695337,0.084606174885688,0.1723932999753364,,,,,,,,,,,,,,,,,,,,,,,,,,1.1065948604773397,0.7330619913105731,,,,,,,,,,,,,,,,,,,,,,,,,,,,,,,,,,,,,,,,,,,,,,,1.5095515435181164,,,,,,,1.1065948604773397,0.7330619913105731,3.794255622874427,3.362240966300124,0.0543930625923212,-0.0774701641758661,0.0402119,0.0400985000000004,0.5622054516812436,0.0668838340003018,0.2714247814964396,0.2216323793822433,0.1189668897736397,0.3942195486000078,1.5648934536925037,0.6098962009922846,0.9993936999254948,1.5648934536925037,0.0136943775858454,0.0317504187481652,3.960474747252272,5.977498997995994,3.1579419459204923,15.728368737474952,-0.0648913158354256,0.37567876452459,-0.0660914243278685,0.0057657229145526,0.0045862078222353,3.965887242855732,78.93730395969946,3.1603261669214096,-65.77076748254994,50.57883767535071,0.0171702421377355,6.849450901803609,-0.0230821027218633,4.176721669668458,74.80449252353438,3.634640713748251,-53.49606447506963,,,29.04674549098197,-0.0216905484973477,,,3.91565855553045,-50.92370709185264,,,,,,,,,,,,,,,,,,,,,,,,,,,,,,,,,,,,,,,,,,,,,0.5615785572121093,-0.050580993628186,0.1005954321786443,0.04728762991502,0.0307368912002148,0.0201865457289898,63.294,4.439458917835665,4.9832910260708765,0.0074087839404138,-0.0072793208900474,-0.0038951464298039,-0.0003024411119142,0.0008671629929617,-0.0073542624536475,-1.07925851703407,-0.6004667234725263,57.36099999999995,63.294,0.9948077133607544,-0.0138118000587719,,,,,,,,,,,,,,,5,0.037753734648805,3.0,0.999759352941176,,0.3547912618265961,,,,,,,,,,,,,-5.48381553412467,2.2007231258691538,1.970173773995872,1.0548381553412467,1.521778034307261,1.970173773995872,12.838765479034675,153.06880701487023,100.0,0.999102707588942,0.7149084235487262,0.0,-8.937734196739264,-6.933692383783171,1.261043484160156,0.1007300624696994,-0.7142827173248185,-1.146974425118117,3.129586830023023,73.20412744536816,1.0,0.0232171457991681,3.0,False,True,False,,0.0284132280585676,0.7713170950000006,0.6819415423650813,0.0028099348255316,0.982608591399509,97.79606357286438,40.0,0.0,-0.1282686738771933,-0.0362892859991625,0.998641276554908,0.8345615618715893,,0.8739138617173644,0.5104092798703898,0.6318163861121198,0.1034740474088975,0.2477034116853654,,,,,0.364,0.616,0.7200000000000001,0.675921171403692,0.8739138617173644,0.1922610495778202,0.3733507812691931,0.2,0.1979926903136724,0.0,0.0,0.0,0.0,0.8214872080489266
90,routine_05c,4.1995735,2.4999921,34.137,0.0,0.0,4.972694444444496,91.6369000274769,63.366,57.073,56.782,0.0,100.0,,0.0,0.0,,,111.026229565644,89.14559858599249,358.5395724864526,-11.026229565644002,-2.217355135898713,0.884890163444831,0.9824601842700604,215.49464524295,211.7149088746,3.779736368350029,-0.3179999999999978,-0.4598764985755366,,,4.199484,4.186007,4.1651382,4.1651382,-0.0343457999999996,-0.0134769999999999,552.9896035669846,-0.0061555000000002,-0.0156321999999997,-0.0156321999999997,19.671095949692926,2.4999921,2.878824,3.020786,3.020786,0.5207939000000001,0.3788318999999998,389.8155917740852,0.0515479999999999,0.0454769000000001,0.0454769000000001,28.62243421387717,0.187834319650953,41.87695736886413,0.5158343625479045,35.54971543922518,0.8956268022921478,25.583124071254147,0.3708479105442452,23.37391270276476,0.987519823533656,15.02280865400148,1.7224669085058408,9.741170496237372,0.2097238706682682,0.215300455824686,0.089756945759443,0.1772102981690317,,,,,,,,,,,,,,,,,,,,,,,,,,1.1065948604773397,0.7330619913105731,,,,,,,,,,,,,,,,,,,,,,,,,,,,,,,,,,,,,,,,,,,,,,,1.5095515435181164,,,,,,,1.1065948604773397,0.7330619913105731,3.795122490277729,3.356611422687636,0.0552599299956235,-0.0830997077883535,0.0402702000000001,0.0401788999999999,0.5637745230794904,0.0652484024874203,0.2739578642226755,0.2223123329758834,0.1157349256064566,0.3943284484753812,1.566649787630571,0.6021902098245615,1.0040025233672232,1.566649787630571,0.0152634489840922,0.0335067526862324,3.9632972527885184,6.144745490981968,3.154331443764093,15.92650100200401,-0.0685018179918248,0.3691251357837837,-0.0726450530686748,0.0067284814165679,0.0055489663242506,3.538540669350084,75.05247213304058,3.159130440095474,-65.21608147368478,50.75104609218437,0.0172038862630397,6.69924248496994,-0.0232699876431347,3.7383347678587713,78.66501158834447,3.6363574442801063,-53.54782810620937,,,28.945783567134267,-0.0218528966998625,3.9641805425829046,78.57165580943627,3.906910220291257,-50.33992894884175,,,,,,,,,,,,,,,,,,,,,,,,,,,,,,,,,,,,,,,,,,,,,0.1342319837064618,-0.0517767204541215,0.0980034825632243,0.0471261037221186,0.0310024365712031,0.0202095753470051,63.074,4.424028056112228,4.849358825233678,0.009572765001657,-0.0098712705054673,-0.0040566726227052,-3.689574092591297e-05,0.000890192610977,-0.0051902813924043,-1.0946893787575078,-0.7343989243097244,56.78200000000001,63.0739999999999,0.9910073348868488,-0.0138118000587719,,,,,,,,,,,,,,,6,0.0356765304285584,3.0,0.9997705294117644,,0.3547872956023615,,,,,,,,,,,,,-5.792478824030045,2.281772484956889,2.1170986029449046,1.0579247882403005,1.5778228556228393,2.1170986029449046,13.533573896853458,158.7321938317663,100.0,0.9989969992442116,0.6857461773250123,0.0,-9.459099827821696,-7.349354510120851,1.3997276373898848,0.1460435377599342,-0.7240481429147818,-1.1337207886189418,3.129586830023023,72.80743463244357,1.0,0.0233439058604413,3.0,False,True,False,,0.0284132280585676,0.7713170950000006,0.6819415423650813,0.0028099348255316,0.982608591399509,97.79606357286438,40.0,0.0,-0.1282686738771933,-0.0362892859991625,0.998641276554908,0.815644211935811,,0.932219926381612,0.524103087463412,0.6692713891810984,0.1779388188658165,0.2563142131080383,,,,,0.364,0.616,0.7200000000000001,0.6617331589518584,0.932219926381612,0.2050883838039546,0.4069068771545913,0.2,0.2704867674297535,1.0,0.0,1.0,0.0,0.825
100,routine_05c,4.199464,2.499946,34.518,0.0,0.0,4.977777777777778,91.24788500195233,63.097,56.488,56.213,0.0,100.0,,0.0,0.0,,,111.69983005240051,95.10753284625258,344.01958763739066,-11.699830052400516,-2.3504122873126034,0.8829858665260356,0.9862937122962978,213.3574467549,210.43310820595,2.924338548949976,-0.3179999999999978,-0.4598764985755366,,,4.199457,4.185736,4.163935,4.163935,-0.0355219999999993,-0.0137209999999994,550.0242091951961,-0.0064264999999998,-0.0168353999999997,-0.0168353999999997,16.705701577904506,2.499946,2.8822062,3.0222182,3.0222182,0.5222722000000002,0.3822602000000001,391.2769639921305,0.0549302000000002,0.0469091000000001,0.0469091000000001,30.083806431922483,0.1936064210965787,46.23680061929666,0.5247790493456527,37.900178762643584,0.9106256681181606,27.68623713479313,0.3798720050778623,26.3760540646456,1.0141991864408295,18.130326276991138,1.7655819771742982,12.488101701903618,0.2126081307335352,0.2151539888767007,0.0925151541493462,0.1815224769289468,,,,,,,,,,,,,,,,,,,,,,,,,,1.1065948604773397,0.7330619913105731,,,,,,,,,,,,,,,,,,,,,,,,,,,,,,,,,,,,,,,,,,,,,,,1.5095515435181164,,,,,,,1.1065948604773397,0.7330619913105731,3.795517882961237,3.349832187808625,0.0556553226791307,-0.0898789426673642,0.0401767999999997,0.0400960000000001,0.5657652773419695,0.0635294837872537,0.2769718404275564,0.2230170102732206,0.1122894711491001,0.3941864571841175,1.569250558606138,0.5940369884824581,1.009311624148916,1.569250558606138,0.0172542032465713,0.0361075236617995,3.735270592203773,7.322334669338677,3.150658374101029,15.98800200400801,-0.0721748876548886,0.3625349816339871,-0.0792352072184714,0.0069828073308935,0.0058032922385762,3.5335938497982617,73.9335630324033,3.1645179868534967,-64.52682263248772,50.46778356713427,0.0174655646904505,6.672158316633266,-0.0233410344781647,3.739673337561822,78.83820473788154,3.624663185747702,-53.20801280432286,,,28.3252004008016,-0.0218277438081989,3.961636783424399,77.85776977481135,3.90013831358344,-49.12875728905614,,,,,,,,,,,,,,,,,,,,,,,,,,,,,,,,,,,,,,,,,,,,,0.1292851641546395,-0.0463891736960988,0.0953086595444135,0.0468334699610413,0.0308120440431301,0.0201986543650769,62.819,4.280252505010026,4.718564802475172,0.0108911638100488,-0.0125660935242782,-0.0043493063837826,-0.0002272882689988,0.0008792716290488,-0.0038718825840125,-1.2384649298597097,-0.8651929470682305,56.213,62.81899999999998,0.9868003315556528,-0.0138118000587719,,,,,,,,,,,,,,,6,0.039359324026518,3.0,0.999813176470588,,0.3547721621404093,,,,,,,,,,,,,-6.206583535465637,2.255377040069768,2.338644726212025,1.0620658353546564,1.5595706694378435,2.338644726212025,14.051701547803162,164.83368697512856,100.0,0.9989114501003516,0.7465415237487296,0.0,-10.070346234879535,-7.850100026076563,1.552454556290422,0.1910188962942043,-0.7130991556247509,-1.132912099304792,3.120321759812813,72.34187660727666,1.0,0.0234951383584792,3.0,False,True,False,,0.0284132280585676,0.7713170950000006,0.6819415423650813,0.0028099348255316,0.982608591399509,97.79606357286438,40.0,0.0,-0.1282686738771933,-0.0362892859991625,0.998641276554908,0.8118922828231941,,0.951696207657012,0.532918533636641,0.6970959580074088,0.2580268564722869,0.2670137424490797,,,,,0.364,0.616,0.7200000000000001,0.6589192121173957,0.951696207657012,0.2093731656845427,0.4387637726413541,0.2,0.2927769955396164,1.0,0.0,1.0,0.0,0.825
120,routine_05c,4.199459,2.4999812,26.392,0.0,0.0,4.980722222222119,90.64339325225238,62.679,57.855,56.154,0.983000000000004,98.27957365629976,98.27957365629976,-1.7204263437002254,120.0,,,108.33808659579984,88.23369868696055,296.82938647497656,-8.338086595799837,-1.674071795973366,0.8758230240410609,0.9488499062115576,219.70485125365,208.46692750625,11.237923747400004,0.0329999999999941,0.051583455778901,-0.1309813621958516,-0.0053509597201803,4.1995792,4.1847672,4.1614904,4.1614904,-0.0380887999999997,-0.014812,562.9893684585219,-0.0073953000000006,-0.0192800000000001,-0.0192800000000001,29.67086084123025,2.4999812,2.8889232,3.025877,3.025877,0.5258957999999998,0.3889419999999997,381.7250129961899,0.0616471999999999,0.0505678999999998,0.0505678999999998,20.531855435981868,0.2061331328993221,55.698605893819874,0.5484333211559705,44.11599152271908,0.940695980953796,31.902640460413167,0.3926388867041151,30.62334815599501,1.027989974496414,19.73662838648122,1.7776369212084868,13.256141808825651,0.2191283231489076,0.2208768742478573,0.0985010644660145,0.187623152799971,,,,,,,,,,,,,,,,,,,,,,,,,,2.258782260189049,0.7992200805428099,,,,,,,,,,,,,,,,,,,,,,,,,,,,,,,,,,,,,,,,,,,,,,,2.8262331179854017,1.0973213330587712,0.0630077040307016,,,,,2.258782260189049,0.7992200805428099,3.8151151499209903,3.339157269725777,0.0752525896388847,-0.1005538607502125,0.0403110999999998,0.0400978999999996,0.5838203294210824,0.0595792870953609,0.2915609153334342,0.2304048778474546,0.1020507236437618,0.3946503166066941,1.5881538970922535,0.5742161284186045,1.0484461502433553,1.5881538970922535,0.0353092553256843,0.055010862147915,3.73905442816864,7.847663326653304,3.1450719634783995,16.01436472945892,-0.0777612982775184,0.3509944516346155,-0.090775737217843,0.007803358420956,0.0066238433286388,,,3.148631262552265,-63.793713826521824,50.08655711422845,0.0176041697459392,6.505835671342686,-0.0234483195466644,,,3.6306897482431615,-52.85538094869334,,,27.90002605210421,-0.0219597508627671,,,3.883272030728151,-48.32000933736645,,,,,,,,,,,,,,,,,,,,,,,,,,,,,,,,,,,,,,,,,,,,,,-0.0622758979973303,0.0906710947771535,0.0460688079826562,0.0306120870966803,0.0202067497032656,62.431,4.253815631262526,4.487168699006551,0.0001382574216361,-0.0172036582915381,-0.0051139683621676,-0.0004272452154486,0.0008873669672375,-0.0146247889724253,-1.2649018036072093,-1.096589050536852,59.43575624684142,62.431,0.9797574014443368,-0.0138118000587719,,,,,,,,,,,,,,,6,0.0414943546873439,3.0,0.999817705882353,,0.3541822123927179,,,,,,,,,,,,,-6.80215332930747,2.278103156174786,2.665188057538073,1.0680215332930747,1.575285551463303,2.665188057538073,15.092702922722257,174.36300056321306,100.0,0.9987268710179056,0.7499917912887323,0.0,-11.021597737563958,-8.612531641047626,1.8323014836966072,0.2629969332695739,-0.7147289856845287,-1.1092880398590093,3.121093848996997,71.53588422733954,1.0,0.0237599649233162,3.0,False,False,False,,0.0284132280585676,0.7713170950000006,0.6819415423650813,0.0028099348255316,0.982608591399509,97.79606357286438,40.0,0.0,-0.1282686738771933,-0.0362892859991625,0.998641276554908,0.7603473821043457,,0.9914625329724556,0.5498018519748925,0.7658075486097438,0.3840928251938901,0.3029550794811451,,,,,0.448,0.5319999999999999,0.7200000000000001,0.6702605365782592,0.9914625329724556,0.3817130751943954,0.5006643263149179,0.6,0.3212019963941964,0.0,0.0,0.0,0.0,0.95625
130,routine_05c,4.199447,2.4999912,33.748,0.0,0.0,4.980833333333333,90.25871668426151,62.413,55.304,54.987,0.0,100.0,,0.0,0.0,,,112.8544047446839,87.67083780622627,287.146492699698,-12.854404744683904,-2.5807739156132987,0.8787364106544815,0.9916927455189164,209.08430580225,207.34738926595,1.736916536300015,0.0329999999999941,0.051583455778901,-0.1803370247070966,-0.0055592518186712,4.1995792,4.184343,4.160046,4.160046,-0.0395331999999992,-0.0152361999999994,563.1618199957173,-0.0078195,-0.0207243999999997,-0.0207243999999997,29.843312378425708,2.4999912,2.893387,3.028546,3.028546,0.5285547999999998,0.3933957999999999,376.572764418086,0.0661110000000002,0.0532368999999999,0.0532368999999999,15.379606857877944,0.2107529318452181,59.188080124714446,0.5613584760941996,47.51243270827919,0.952015223935675,33.489803653997754,0.3566923708887257,18.664638997655864,0.9534361577508718,11.052864077565818,1.674432261965064,6.680804976454723,0.2213755899553326,0.2130228728811771,0.1007086431671639,0.1704460497216918,,,,,,,,,,,,,,,,,,,,,,,,,,2.258782260189049,0.7992200805428099,,,,,,,,,,,,,,,,,,,,,,,,,,,,,,,,,,,,,,,,,,,,,,,2.8262331179854017,1.0973213330587712,0.0630077040307016,,,,,2.258782260189049,0.7992200805428099,3.802431589325659,3.334524287831688,0.0625690290435532,-0.1051868426443016,0.0402629999999999,0.0401030000000002,0.5739320073678156,0.0587593823017244,0.286794162586618,0.2261424136647774,0.1023803892227731,0.3940230040522023,1.580672872083278,0.5660672812583547,1.029558791877787,1.580672872083278,0.0254209332724174,0.0475298371389394,3.744427356266216,8.154384769539078,3.1399118478411374,15.701266533066132,-0.0829214139147804,0.3455013034527687,-0.0962688853996898,0.0079388799591205,0.0067593648668032,3.740139293956819,79.43462472044924,3.124035877334056,-62.754914371285,50.13844689378757,0.0175626131166909,6.355274549098196,-0.0234338392725159,,,3.6268076480919857,-52.52320189747791,,,27.788749498997998,-0.0219860130044263,,,3.878562307402301,-47.806946563391136,,,,,,,,,,,,,,,,,,,,,,,,,,,,,,,,,,,,,,,,,,,,,0.3358306083131972,-0.0868712832155398,0.0884221408582813,0.045954271589675,0.0305204424767148,0.0202943835010915,62.182,4.236849699398796,4.356975951180074,0.0084404159544174,-0.0194526122104104,-0.0052285047551488,-0.0005188898354141,0.0009750007650634,-0.0063226304396439,-1.2818677354709394,-1.2267817983633291,54.98699999999997,62.18199999999998,0.975599462281552,-0.0138118000587719,,,,,,,,,,,,,,,6,0.0399811545705293,3.0,0.9998092941176469,,0.3535968447629837,,,,,,,,,,,,,-7.31446898120971,2.184722714387868,2.824591985538932,1.073144689812097,1.5107139097720672,2.824591985538932,15.467061597059146,176.67870219084446,100.0,0.9986734863099032,0.7510476332209074,0.0,-11.519250976635618,-8.971569003694457,2.051554085945043,0.3120829709340717,-0.7181850954398967,-1.1023599345659083,3.1234101165495494,69.4003098183098,1.0,0.0244908964304302,3.0,False,False,False,,0.0284132280585676,0.7713170950000006,0.6819415423650813,0.0028099348255316,0.982608591399509,97.79606357286438,40.0,0.0,-0.1282686738771933,-0.0362892859991625,0.998641276554908,0.8552505374568873,,0.9933099773710776,0.5544356791646655,0.7557051981260454,0.4526361676642216,0.2891451700391381,,,,,0.448,0.616,0.7200000000000001,0.7414379030926654,0.9933099773710776,0.300476268154751,0.5129805537485177,0.4,0.2518720742784122,0.0,0.0,0.0,0.0,0.9125
140,routine_05c,4.199591,2.4999223,33.899,0.0,0.0,5.006111111111111,90.09819375551344,62.302,54.718,54.412000000000006,0.0,100.0,,0.0,0.0,,,113.86015570744544,87.80777503129916,287.8260749275502,-13.86015570744543,-2.7686472393077097,0.8770219442232496,0.9985785512810572,207.01544162555,206.72117979125,0.2942618343000163,0.0329999999999941,0.051583455778901,-0.2421663985692761,-0.001092816191135,4.1994333,4.184814,4.1604323,4.1604323,-0.0390009999999998,-0.0146192999999996,571.4813814057205,-0.0073484999999999,-0.0203381,-0.0203381,38.1628737884289,2.4999223,2.8983402,3.03199,3.03199,0.5320676999999998,0.3984178999999996,374.18561616487153,0.0710641999999999,0.0566808999999999,0.0566808999999999,12.992458604663511,0.2213856928242833,67.21932691147545,0.578610795597603,52.04595581015619,0.9714768601584748,36.2186780804246,0.3579135899098135,19.070914898408603,0.9690393059577638,12.870263473336228,1.6837382256133022,7.273703068319362,0.2278857087632218,0.2125708049298716,0.1057895258953285,0.1710296112861591,,,,,,,,,,,,,,,,,,,,,,,,,,2.258782260189049,0.7992200805428099,,,,,,,,,,,,,,,,,,,,,,,,,,,,,,,,,,,,,,,,,,,,,,,2.8262331179854017,1.0973213330587712,0.0630077040307016,,,,,2.258782260189049,0.7992200805428099,3.804591664073182,3.3299159115858568,0.0647291037910764,-0.1097952188901327,0.040302,0.0400591000000001,0.5760316120655278,0.0571180455922994,0.2898273421297392,0.226859057155608,0.0991578316118558,0.3938309155328113,1.582936950716883,0.5577847395591329,1.034692957219554,1.582936950716883,0.0275205379701296,0.0497939157725442,3.749840248806636,8.832408817635272,3.137513892724309,15.924328657314632,-0.0853193690316089,0.3403869435897437,-0.1013832452627148,0.0080601844532589,0.0068806693609416,3.740601328358106,79.42192561959305,3.133730686271128,-62.58105114145984,49.39606412825652,0.0177104598601691,6.3448496993987975,-0.0235110193025815,3.970167711712458,77.02078128617704,3.6152151282307594,-52.42487501606642,,,27.618757515030055,-0.0220972489003008,,,3.876160742312051,-47.5132564908418,,,,,,,,,,,,,,,,,,,,,,,,,,,,,,,,,,,,,,,,,,,,,0.3362926427144836,-0.0771764742784677,0.086377675481834,0.0455723170744925,0.0305577425421477,0.020285833947966,62.08,4.105490981963932,4.25802930771277,0.0092592663276565,-0.0214970775868576,-0.0056104592703314,-0.0004815897699812,0.0009664512119379,-0.0055037800664049,-1.4132264529058034,-1.3257284418306323,54.41199999999997,62.07999999999996,0.9738643824053522,-0.0138118000587719,,,,,,,,,,,,,,,6,0.0393436595841639,3.0,0.9998309999999996,,0.3535891683341544,,,,,,,,,,,,,-7.426570580507663,2.2534153570992688,2.9474398136467106,1.0742657058050766,1.558214185280573,2.9474398136467106,16.17564479736848,182.78322069537236,100.0,0.9985310284522132,0.7447996086653392,0.0,-11.861268492192565,-9.262665361641153,2.13735220240852,0.329876093038939,-0.722724488731843,-1.0962773747781989,3.1241822057337334,69.19336758945218,1.0,0.0245646766332428,3.0,False,False,False,,0.0284132280585676,0.7713170950000006,0.6819415423650813,0.0028099348255316,0.982608591399509,97.79606357286438,40.0,0.0,-0.1282686738771933,-0.0362892859991625,0.998641276554908,0.8312979737111514,,0.9960484334265785,0.5652576786798565,0.7768292139700403,0.4797906986687619,0.2974037718224431,,,,,0.448,0.616,0.7200000000000001,0.7234734802833636,0.9960484334265785,0.30130465111154,0.5298203407852755,0.4,0.2725749531432149,0.0,0.0,0.0,0.0,0.9125
150,routine_05c,4.199581,2.4999862,33.136,0.0,0.0,4.980611111111163,89.53419427612836,61.912,54.706,54.39,0.0,100.0,,0.0,0.0,,,113.17222973714034,87.41277942886678,288.3796139579485,-13.17222973714034,-2.644701512180831,0.8754725004659127,0.9907917495127698,207.06607226250003,205.1593560017,1.9067162608000103,0.0329999999999941,0.051583455778901,-0.2021933485297985,0.0039964680203802,4.1996202,4.183327,4.157155,4.157155,-0.0424651999999996,-0.0162931999999997,560.692265516847,-0.0088354999999999,-0.0236153999999997,-0.0236153999999997,27.37375789955536,2.4999862,2.9033852,3.0354412,3.0354412,0.5354550000000002,0.4033990000000003,372.2474736289727,0.0761092000000003,0.0601321000000001,0.0601321000000001,11.054316068764706,0.2249524061319338,69.9133736268831,0.5826342759144869,53.10323630875479,0.9717781821377448,36.26092888780463,0.3544066187824891,17.904213570420357,0.9560229223744228,11.35416125179669,1.6617636033631398,5.873664115444866,0.2314853433291507,0.2132713811189676,0.1074938858519603,0.1693537992309387,,,,,,,,,,,,,,,,,,,,,,,,,,2.258782260189049,0.7992200805428099,,,,,,,,,,,,,,,,,,,,,,,,,,,,,,,,,,,,,,,,,,,,,,,2.8262331179854017,1.0973213330587712,0.0630077040307016,,,,,2.258782260189049,0.7992200805428099,3.807061449944843,3.3250033386551494,0.0671988896627375,-0.1147077918208401,0.0400700999999998,0.0400177999999997,0.5798562573960102,0.055838148213618,0.2934747820044467,0.2283129903022548,0.0962965347039164,0.3937406682951935,1.5886909816424328,0.5496018786242964,1.0428757776928823,1.5886909816424328,0.031345183300612,0.0555479466980943,3.753653809594626,7.738857715430864,3.133474656748396,15.951018036072142,-0.0893586050075216,0.3345837520000003,-0.1071864368524582,0.0088665952360177,0.0076870801437004,3.558489976987969,72.02451251447343,3.149271316093441,-61.606170464904615,49.26709418837675,0.0177230235912524,6.182565130260521,-0.0235717480976369,3.7457121953165857,79.2700469613902,3.620316327549666,-52.07576509314539,,,26.95598396793587,-0.0222220374032695,3.968462724790848,76.81154016544383,3.8709661365585424,-47.024197836765296,,,,,4.197194689404726,203.38732944485503,,,,,,,,,,,,,,,,,,,,,,,,,,,,,,,,,,,,,,,0.1541812913443472,-0.0616358444561546,0.0843269035368831,0.0452273631371486,0.0305379827647706,0.0203706816657806,61.702,4.080492985971944,4.139621094690133,0.0071484495939559,-0.0235478495318085,-0.0059554132076752,-0.0005013495473583,0.0010512989297525,-0.0076145968001055,-1.4382244488977918,-1.4441366548532697,54.22011801229371,61.70199999999998,0.9677681558132992,-0.0138118000587719,,,,,,,,,,,,,,,6,0.0409928077279112,3.0,0.9997863529411763,,0.3536049584240586,,,,,,,,,,,,,-8.165400062231631,2.147119710128433,3.1205265314121413,1.0816540006223163,1.48471180835671,3.1205265314121413,16.453869390178056,183.4785677179327,100.0,0.998477331166856,0.7438274028356979,0.0,-12.425688441766184,-9.680994967518444,2.4060798958189324,0.3813100443411595,-0.7162010802886818,-1.0870323925283607,3.11800549226026,68.489873273845,1.0,0.0248158847250935,3.0,False,False,False,,0.0284132280585676,0.7713170950000006,0.6819415423650813,0.0028099348255316,0.982608591399509,97.79606357286438,40.0,0.0,-0.1282686738771933,-0.0362892859991625,0.998641276554908,0.8302002816300159,,0.9966405258357728,0.5688270739936727,0.7859556352727908,0.5680484828423086,0.3045437173767493,,,,,0.448,0.616,0.7200000000000001,0.7226502112225119,0.9966405258357728,0.3014837590653214,0.5568437273713803,0.4,0.2739903146132609,1.0,0.0,1.0,0.0,0.9125
160,routine_05c,4.19957,2.499994,33.159,0.0,0.0,4.991305555555607,89.3172713994418,61.762,54.119,53.824,0.0,100.0,,0.0,0.0,,,114.12258171806576,86.68436902950033,288.94964764663047,-14.122581718065746,-2.829436419164222,0.8736702940849644,0.9970550953135788,205.0217055017,204.41793612035,0.6037693813499914,0.0329999999999941,0.051583455778901,-0.1622370381616706,0.003995777078527,4.199624,4.183491,4.156983,4.156983,-0.0426409999999997,-0.0161329999999999,565.1211147909036,-0.0086715000000001,-0.0237873999999997,-0.0237873999999997,31.80260717361193,2.499994,2.9082453,3.0389972,3.0389972,0.5390031999999998,0.4082512999999999,368.5830911210569,0.0809693,0.0636880999999998,0.0636880999999998,7.389933560848874,0.2304229291230698,74.04542552581768,0.5917215527714422,55.49116910561912,0.9844016299774372,38.03096526032266,0.3668051163253489,22.028953416610587,0.9836088440549589,14.567271627293277,1.6992837467499051,8.26413352424299,0.2340741036037813,0.2158586622316079,0.1101079844698467,0.1752784421477446,,,,,,,,,,,,,,,,,,,,,,,,,,2.258782260189049,0.7992200805428099,,,,,,,,,,,,,,,,,,,,,,,,,,,,,,,,,,,,,,,,,,,,,,,2.8262331179854017,1.0973213330587712,0.0630077040307016,,,,,2.258782260189049,0.7992200805428099,3.809113137293772,3.3206831839430464,0.0692505770116667,-0.1190279465329431,0.0400590999999996,0.040137,0.581815993343025,0.0542473020512984,0.2963511768699327,0.2289956500807446,0.0932379011095961,0.393587754033661,1.5905099084637606,0.5410935344615386,1.047721222256116,1.5905099084637606,0.0333049192476269,0.0573668735194221,3.748732838767999,7.766188376753504,3.131421050771426,15.667320641282563,-0.0914122109844912,0.3300541811688307,-0.1117160076836278,0.0087460111320882,0.0075664960397709,3.760786451818186,79.30176441328464,3.1209366791843767,-61.20801815592918,48.970132264529056,0.0178691088501283,6.168236472945892,-0.0235222471092948,3.9732111360501694,76.8838790268208,3.61811608955053,-51.8265297029506,,,27.016875751503004,-0.0221425002167578,4.197135766404286,186.6569732738492,3.866411442102609,-46.65082442757458,,,,,,,,,,,,,,,,,,,,,,,,,,,,,,,,,,,,,,,,,,,,,0.3564777661745637,-0.0899704813652189,0.0827141219802106,0.0449906674218564,0.0304769670616055,0.0203358316959383,61.559,4.071036072144288,4.067407874777556,0.0075394740405292,-0.0251606310884811,-0.0061921089229675,-0.0005623652505234,0.0010164489599102,-0.0072235723535321,-1.4476813627254472,-1.5163498747658464,53.66251566185928,61.55899999999991,0.9654234532778944,-0.0138118000587719,,,,,,,,,,,,,,,6,0.0406628790328863,3.0,0.9997823529411765,,0.3530180098021334,,,,,,,,,,,,,-8.442253643415087,2.1047502629733006,3.267435425751976,1.0844225364341509,1.4554137593434076,3.267435425751976,16.930588706295936,187.64067406941987,100.0,0.9983809317248468,0.7792585330457464,0.0,-12.788760114520969,-9.97525953220696,2.5004794520934497,0.3980232900459896,-0.720432859662192,-1.0687460188667577,3.104879976129129,65.849126062023,1.0,0.0258109727743254,3.0,False,False,False,,0.0284132280585676,0.7713170950000006,0.6819415423650813,0.0028099348255316,0.982608591399509,97.79606357286438,40.0,0.0,-0.1282686738771933,-0.0362892859991625,0.998641276554908,0.8639117072711645,,0.9973348224647204,0.5735697308285274,0.8018299331253724,0.5989645993087556,0.3124696298152265,,,,,0.448,0.616,0.7200000000000001,0.7479337804533733,0.9973348224647204,0.3016937837955779,0.5717084732694704,0.4,0.249401042011347,0.0,0.0,0.0,0.0,0.9125
170,routine_05c,4.199541,2.4999642,33.697,0.0,0.0,4.976583333333385,88.78508727530405,61.394,53.538,53.243,0.0,100.0,,0.0,0.0,,,114.67368971571594,86.2543571033,289.5576648687924,-14.673689715715938,-2.9485469714594927,0.8721451095672067,1.0001209768158894,202.89807778085,202.92262374425,-0.0245459634000155,0.0329999999999941,0.051583455778901,-0.1222778069592579,0.0041032614451567,4.1995764,4.182678,4.154907,4.154907,-0.0446694,-0.0168983999999996,573.2467889743764,-0.0094845000000001,-0.0258634000000004,-0.0258634000000004,39.92828135708476,2.4999642,2.9139411,3.04342,3.04342,0.5434557999999998,0.4139769000000002,363.4413163571411,0.0866651000000002,0.0681108999999997,0.0681108999999997,2.248158796933069,0.2304573358340677,74.07141395795573,0.5891317929736402,54.81063824312658,0.975843833901479,36.83100701473078,0.3746421906218195,24.63619615037404,0.9800547829266348,14.153307184893496,1.6848571034166495,7.3449885944303555,0.2361621069148802,0.2223584361321198,0.1101244257746015,0.1790234012896532,,,,,,,,,,,,,,,,,,,,,,,,,,2.258782260189049,0.7992200805428099,,,,,,,,,,,,,,,,,,,,,,,,,,,,,,,,,,,,,,,,,,,,,,,2.8262331179854017,1.0973213330587712,0.0630077040307016,,,,,2.258782260189049,0.7992200805428099,3.810793489864395,3.3161626314591777,0.0709309295822895,-0.1235484990168118,0.040251,0.0400640999999999,0.5836860109398194,0.0526347924454376,0.2993211909511714,0.2295159385006175,0.090176552905025,0.3932181587341171,1.591004080913979,0.5310074601656809,1.052224155787099,1.591004080913979,0.0351749368444213,0.0578610459696404,3.7557355965570536,8.535951903807614,3.1287271280633866,15.32865731462926,-0.0941061336925312,0.3250303923684212,-0.1167397964840373,0.0097174222109768,0.0085379071186595,3.741828274325018,80.03087534876339,3.1222639525057785,-60.89364077087956,49.29512224448897,0.0179073785327135,28.695246492985973,-0.0224867104356471,,,3.6211573750531754,-51.542954092929904,,,,,,,3.861493135240929,-45.98856618182634,,,,,,,,,,,,,,,,,,,,,,,,,,,,,,,,,,,,,,,,,,,,,0.3375195886813964,-0.088643208043817,0.0810646323115903,0.0448091933794289,0.0303505104437226,0.0205150102969734,61.192,3.9241362725450912,3.951478996993225,0.0089356544755623,-0.0268101207571013,-0.0063735829653949,-0.0006888218684063,0.0011956275609453,-0.005827391918499,-1.5945811623246442,-1.6322787525501776,53.24299999999997,61.19199999999994,0.9896990311608336,-0.0138118000587719,,,,,,,,,,,,,,,6,0.0393877925778052,3.0,0.9997992941176468,,0.3524236746810595,,,,,,,,,,,,,-9.138981742489303,1.981102930456507,3.4325079005313084,1.091389817424893,1.36991286538137,3.4325079005313084,16.986254665336944,188.873421566504,100.0,0.9983599895405126,0.7882321969517475,0.0,-13.338018379952048,-10.355684528542833,2.821425840615315,0.4504686396018488,-0.7111468857866963,-1.0779198383772004,3.104879976129129,65.40167225500508,1.0,0.0259880021625888,3.0,False,False,False,,0.0284132280585676,0.7713170950000006,0.6819415423650813,0.0028099348255316,0.982608591399509,97.79606357286438,40.0,0.0,-0.1282686738771933,-0.0362892859991625,0.998641276554908,0.8968280795982589,,0.9973385072100612,0.5755572945033424,0.8059474614454472,0.2031532656199367,0.3188661190543926,,,,,0.448,0.616,0.7200000000000001,0.7726210596986942,0.9973385072100612,0.3016948984310436,0.4758810351557797,0.4,0.224717447511367,0.0,0.0,0.0,0.0,0.9125
180,routine_05c,4.1995673,2.499967,34.096,0.0,0.0,4.977222222222222,88.53201058583639,61.219,52.955,52.66,0.0,100.0,,0.0,0.0,,,115.60570295533944,85.54533723190512,290.0960611660137,-15.605702955339453,-3.135424190156381,0.8711183496098732,1.0070624916394455,200.7281653308,202.14580632025,-1.4176409894500068,0.0329999999999941,0.051583455778901,-0.0801718092585349,0.0042173686996553,4.1994915,4.182266,4.153674,4.153674,-0.0458175,-0.0172254999999994,579.0010255073089,-0.0098964999999999,-0.0270964000000004,-0.0270964000000004,45.68251789001727,2.499967,2.9191213,3.0477211,3.0477211,0.5477541000000001,0.4191543000000002,361.1367997881733,0.0918453000000001,0.0724119999999999,0.0724119999999999,-0.056357772034687,0.2239005364281358,69.11886454355553,0.5827943857970463,53.14530959932182,0.9688285136741032,35.8473318631393,0.3722139524132036,23.82836835829711,0.9715849830197796,13.16677491403963,1.6728964471751748,6.582955716259603,0.2311044042036236,0.2224967080548936,0.106991248143765,0.1778630635750824,,,,,,,,,,,,,,,,,,,,,,,,,,2.258782260189049,0.7992200805428099,,,,,,,,,,,,,,,,,,,,,,,,,,,,,,,,,,,,,,,,,,,,,,,2.8262331179854017,1.0973213330587712,0.0630077040307016,,,,,2.258782260189049,0.7992200805428099,3.811776781823016,3.312725230990152,0.0719142215409105,-0.1269858994858381,0.0402190999999998,0.0400532,0.5848492967634118,0.0513952906906997,0.3013148477087728,0.2299315870267402,0.0878778361795494,0.3931467273692458,1.5912327826193269,0.5235183660644855,1.055493668106858,1.5912327826193269,0.0363382226680136,0.0580897476749884,3.758839480928016,8.231422845691384,3.1303831477343267,15.285821643286567,-0.0924501140215912,0.3208067378431374,-0.1209634510093211,0.0096949109384868,0.0085153958461695,3.743685118319211,79.55585008862818,3.136119738800445,-59.85544205853829,48.22769539078156,0.0181882951148131,26.53618637274549,-0.022246097894984,3.97700546703608,75.74701922306389,3.603252491980424,-51.49015145670238,,,,,,,3.857043994420869,-45.7029108131531,,,,,,,,,,,,,,,,,,,,,,,,,,,,,,,,,,,,,,,,,,,,,0.3393764326755888,-0.0747874217491504,0.0798537394543939,0.0444798576846457,0.0303590078754179,0.0204398343340978,61.021,3.9131703406813614,3.906770385177798,0.0107668297666307,-0.0280210136142977,-0.0067029186601781,-0.0006803244367111,0.0011204515980698,-0.0039962166274306,-1.605547094188374,-1.6769873643656048,52.66,61.02099999999994,0.9868779520577756,-0.0138118000587719,,,,,,,,,,,,,,,6,0.043255434337509,3.0,0.9997847058823532,,0.3518404550626781,,,,,,,,,,,,,-9.307565776381011,2.0977254748149115,3.510404999609269,1.09307565776381,1.450556188579763,3.510404999609269,17.676500426396636,192.7677138524708,100.0,0.9982274384702344,0.7733534507218487,0.0,-13.617218379843443,-10.594636202272646,2.8552644509277787,0.455646338242227,-0.7229973650075541,-1.0468501327774782,3.105652065313313,63.44633639152988,1.0,0.0267885286474461,3.0,False,False,False,,0.0284132280585676,0.7713170950000006,0.6819415423650813,0.0028099348255316,0.982608591399509,97.79606357286438,40.0,0.0,-0.1282686738771933,-0.0362892859991625,0.998641276554908,0.8995217706450592,,0.9964788670269312,0.5853707678558371,0.8076839835485126,0.2565772230605383,0.3230151787659244,,,,,0.448,0.616,0.7200000000000001,0.7746413279837944,0.9964788670269312,0.3014348572756468,0.4931617883077031,0.4,0.2218375390431369,0.0,0.0,0.0,0.0,0.9125
190,routine_05c,4.1995955,2.499979,34.807,0.0,0.0,4.992055555555659,88.26591852376751,61.035,52.37,52.075,0.0,100.0,,0.0,0.0,,,116.5457322894787,84.87916769066929,290.6507963948106,-16.545732289478707,-3.3144126913942213,0.8697981944030279,1.0137126751076724,198.5647357186,201.28758942735,-2.7228537087499944,0.0329999999999941,0.051583455778901,-0.037930432966151,0.0041286735483355,4.199484,4.182453,4.1537023,4.1537023,-0.0457817,-0.0170310000000002,583.6885582217919,-0.0097095000000004,-0.0270681000000001,-0.0270681000000001,50.37005060450031,2.499979,2.9239542,3.0517993,3.0517993,0.5518202999999997,0.4239751999999996,351.2481696932087,0.0966781999999999,0.0764901999999998,0.0764901999999998,-9.944987866999329,0.2295241428339061,73.36654498754139,0.5880430819927178,54.524549385202,0.9806003003681288,37.49794989416817,0.3716124417373483,23.62825741388369,0.9676059226360086,12.70330806482998,1.661270838223695,5.842269246309569,0.2340649322131964,0.2236916661552266,0.1096784979289648,0.1775756306863175,,,,,,,,,,,,,,,,,,,,,,,,,,2.258782260189049,0.7992200805428099,,,,,,,,,,,,,,,,,,,,,,,,,,,,,,,,,,,,,,,,,,,,,,,2.8262331179854017,1.0973213330587712,0.0630077040307016,,,,,2.258782260189049,0.7992200805428099,3.813053014279405,3.3084201348983417,0.0731904539972991,-0.1312909955776477,0.0402117999999998,0.0401001,0.5866942459717011,0.0499372720388691,0.3041063395855367,0.2304475836384416,0.0851163487314614,0.3927899160776107,1.5911091816212406,0.5142009725640273,1.0604761979905306,1.5911091816212406,0.0381831718763029,0.0579661466769021,3.763503768489717,8.139979959919838,3.1268862524964245,15.36265731462926,-0.0959470092594934,0.3156856845833333,-0.1260845042691252,0.010486875250481,0.0093073601581637,3.5640927772344666,67.84222167828312,3.1275244776773885,-59.48367073139123,48.10936873747495,0.0181084721954306,25.97020641282565,-0.0223843428369793,3.759024847340264,80.0881931188007,3.6352568079933287,-51.32962512387154,,,,,3.965874047217581,75.43978794322409,3.849719444626058,-45.42284172661996,,,,,,,,,,,,,,,,,,,,,,,,,,,,,,,,,,,,,,,,,,,,,0.1597840915908444,-0.083382682872207,0.0777596962682828,0.0442997687143911,0.0303295447952654,0.0204976159420835,60.841,3.779701402805607,3.793597093827617,0.0144223745137748,-0.0301150568004089,-0.0068830076304328,-0.0007097875168635,0.0011782332060554,-0.0003406718802865,-1.7390160320641286,-1.790160655715786,52.07499999999996,60.84099999999991,0.9839117888865604,-0.0138118000587719,,,,,,,,,,,,,,,6,0.0418662912218605,3.0,0.999786176470588,,0.3518399375395856,,,,,,,,,,,,,-9.70766605539186,1.9342719850318653,3.69003416092576,1.0970766605539186,1.3375297349296846,3.69003416092576,17.86138539349023,195.757417837914,100.0,0.9981794394064436,0.7744158616686242,0.0,-14.013844603149517,-10.882159019248943,3.0608316887609366,0.4858394489532177,-0.727374610750124,-1.0371825074085994,3.101019530208208,63.77832001923719,1.0,0.0266491262154184,3.0,False,False,False,,0.0284132280585676,0.7713170950000006,0.6819415423650813,0.0028099348255316,0.982608591399509,97.79606357286438,40.0,0.0,-0.1282686738771933,-0.0362892859991625,0.998641276554908,0.8946483926181835,,0.9972358186788908,0.5837352974797873,0.8198641624129792,0.3111012684009568,0.3281680477623852,,,,,0.448,0.616,0.7200000000000001,0.7709862944636376,0.9972358186788908,0.3016638351503645,0.510717194014027,0.4,0.2262495242152532,1.0,0.0,1.0,0.0,0.9125
200,routine_05c,4.199359,2.499983,35.28,0.0,0.0,4.965916666666615,87.84942660052928,60.747,51.806,51.541,0.0,100.0,,0.0,0.0,,,117.2586186928155,85.22890019260211,291.1908348561067,-17.258618692815503,-3.475414480605933,0.8680925958764232,1.0179133868992989,196.57662242185,200.09797551465,-3.521353092799984,0.0329999999999941,0.051583455778901,0.0024016617081763,0.0038502055286653,4.1994042,4.181234,4.1508255,4.1508255,-0.0485787000000002,-0.0181702000000001,588.8497565501696,-0.0109285000000003,-0.0299449000000002,-0.0299449000000002,55.53124893287793,2.499983,2.929106,3.056265,3.056265,0.5562819999999999,0.4291230000000001,347.6991175300667,0.10183,0.0809558999999997,0.0809558999999997,-13.49404003014132,0.2240800079583279,69.25442483245963,0.5781929084767312,51.93614443574504,0.9706212259341754,36.09870264124078,0.390315668923736,29.85045862506747,1.009513604364685,17.584566285410965,1.7211693728339026,9.6585023865071,0.2308624641323518,0.2267735384351407,0.1070770089165074,0.1865129992737764,,,,,,,,,,,,,,,,,,,,,,,,,,2.258782260189049,0.7992200805428099,,,,,,,,,,,,,,,,,,,,,,,,,,,,,,,,,,,,,,,,,,,,,,,2.8262331179854017,1.0973213330587712,0.0630077040307016,,,,,2.258782260189049,0.7992200805428099,3.813985417858598,3.304455122942332,0.0741228575764925,-0.1352560075336573,0.0401697000000003,0.0401501999999998,0.5880683954425296,0.0485468083410344,0.3065370958860356,0.23079129191792,0.0825529967555939,0.3924565470726349,1.590766073155212,0.5068513834863269,1.0630403502860055,1.590766073155212,0.0395573213471315,0.0576230382108735,3.767057479379377,9.502549098196392,3.1234865090635378,15.290188376753504,-0.0993467526923801,0.3114497415730337,-0.1303204472794248,0.0106742251139126,0.0094947100215953,3.5703597580873323,67.283983693059,3.109899194403673,-59.075504795839606,,,25.9690501002004,-0.0223022494870699,3.746605033867128,79.77562237763367,3.604622554948964,-51.11693498559782,,,,,3.9888655725002127,75.0784928764696,3.847717407506885,-44.90421758250447,,,,,,,,,,,,,,,,,,,,,,,,,,,,,,,,,,,,,,,,,,,,,0.1660510724437101,-0.1010079661459224,0.0765997305354597,0.0440079975684576,0.0303958493494564,0.0205115692351518,60.554,3.761871743486978,3.734464665150361,0.0162375501244418,-0.031275022533232,-0.0071747787763662,-0.0006434829626725,0.0011921864991237,0.0014745037303804,-1.7568456913827577,-1.8492930843930415,51.54099999999995,60.55399999999995,0.9792690987055276,-0.0138118000587719,,,,,,,,,,,,,,,7,0.040841878030978,3.0,0.9997742941176472,,0.3500790148929496,,,,,,,,,,,,,-10.22946021687181,1.9772783953412172,3.788710124086248,1.102294602168718,1.3672682375944984,3.788710124086248,18.390369175875225,197.2847018050765,100.0,0.9980588973592196,0.7951846485308194,0.0,-14.401289960668729,-11.204022507259332,3.1969471503171043,0.5047354568800919,-0.7209845557716584,-1.0293961790907205,3.104879976129129,62.604490692302576,1.0,0.0271484725968543,3.0,False,False,False,,0.0284132280585676,0.7713170950000006,0.6819415423650813,0.0028099348255316,0.982608591399509,97.79606357286438,40.0,0.0,-0.1282686738771933,-0.0362892859991625,0.998641276554908,0.9020132547138874,,0.9965071758575296,0.5894600314140043,0.8230721644360224,0.3923867455263344,0.3345298405989791,,,,,0.448,0.616,0.7200000000000001,0.7765099410354155,0.9965071758575296,0.3014434206969028,0.5348621954938351,0.4,0.2199972348221142,1.0,0.0,1.0,0.0,0.9125
210,routine_05c,4.199606,2.499978,33.743,0.0,0.0,4.977777777777778,87.1668426152222,60.275,51.774,51.514,0.0,100.0,,0.0,0.0,,,116.41943832811836,92.40978846951474,291.6162053116092,-16.41943832811836,-3.2985478784166347,0.8636409507339166,1.005445944016047,196.77585267905,197.84748295645,-1.0716302774000042,0.0329999999999941,0.051583455778901,0.0390736776071554,0.0169311526188713,4.199488,4.181597,4.151225,4.151225,-0.0482629999999995,-0.0178909999999996,592.0599238806825,-0.0105655000000002,-0.0295453999999999,-0.0295453999999999,58.74141626339088,2.499978,2.9349802,3.0617702,3.0617702,0.5617922000000002,0.4350022,341.8830616662699,0.1077042000000001,0.0864611000000001,0.0864611000000001,-19.31009589393813,0.1793388640056063,35.460082110584786,0.4937563651608932,29.74811228798221,0.8582420850412429,20.34110856560641,0.3847709471150671,28.005837137568985,1.0015255779099324,16.65414927854993,1.696149727083111,8.064460029853153,0.2089606966745148,0.2268496353660725,0.0856973779819563,0.1838634446260597,,,,,,,,,,,,,,,,,,,,,,,,,,2.258782260189049,0.7992200805428099,,,,,,,,,,,,,,,,,,,,,,,,,,,,,,,,,,,,,,,,,,,,,,,2.8262331179854017,1.0973213330587712,0.0630077040307016,,,,,2.258782260189049,0.7992200805428099,3.819851936930737,3.298832562842018,0.0799893766486317,-0.1408785676339716,0.0402230999999999,0.0401360000000003,0.5937071872308899,0.04627451558445,0.3124777650403528,0.2327627172087006,0.0779416462857372,0.3920496874803376,1.5996493709611517,0.492773511941512,1.0742352060486695,1.5996493709611517,0.0451961131354917,0.066506336016813,3.7651749156811367,8.465226452905814,3.1239489404761804,14.783416833667337,-0.0988843212797374,0.3058840603053436,-0.1358861285471149,0.0125263751276883,0.011346860035371,3.756548236823813,80.25466899772229,3.111474299811713,-58.55190387731187,47.6943246492986,0.0181449505829047,26.32169338677355,-0.022614221441093,,,3.632380944812271,-50.99010609839165,,,,,,,3.839895339735329,-44.18016461530409,,,,,,,,,,,,,,,,,,,,,,,,,,,,,,,,,,,,,,,,,,,,,0.3522395511801903,-0.0994328607378824,0.0751276706495633,0.0437522531548115,0.0304483185655678,0.0205620505239757,59.975,3.725901803607215,3.653705186745019,0.009534862423739,-0.0327470824191283,-0.0074305231900123,-0.0005910137465611,0.0012426677879476,-0.0052281839703223,-1.7928156312625203,-1.9300525627983836,51.51399999999998,59.97499999999993,0.9716602453532796,-0.0138118000587719,,,,,,,,,,,,,,,7,0.0438996499070302,3.0,0.9997831176470584,,0.3500759252903851,,,,,,,,,,,,,-10.89741509794524,2.0689471086871283,3.9131690167224074,1.1089741509794524,1.4306562361860624,3.9131690167224074,19.179957434037423,203.95834139785583,100.0,0.997891476645966,0.7397492488346817,0.0,-14.953700073522889,-11.604587813669736,3.515616388042778,0.5460014802683758,-0.7136651471301158,-1.025170646345764,3.100247441024024,62.47797380593989,1.0,0.0272036878993411,3.0,False,False,False,,0.0284132280585676,0.7713170950000006,0.6819415423650813,0.0028099348255316,0.982608591399509,97.79606357286438,40.0,0.0,-0.1282686738771933,-0.0362892859991625,0.998641276554908,0.9353056508980226,,0.9622021543361008,0.5971486614494493,0.7417643547487104,0.5130016929272962,0.3496390746307123,,,,,0.448,0.616,0.7200000000000001,0.801479238173517,0.9622021543361008,0.2910661516866705,0.550388445939042,0.4,0.1607229161625839,0.0,0.0,0.0,0.0,0.8437651032845219
220,routine_05c,4.199382,2.499936,15.139,0.0,0.0,4.960277777777778,86.59995083081462,59.883,57.724,51.491,5.713000000000001,90.01293615831061,90.00873568961113,-9.987063841689393,900.0,916.3387196601442,5.715669558789423,103.74021204351745,84.5081241754755,495.6734729267554,-3.740212043517445,-0.7540327802353588,0.8548728316555878,0.8868468882619287,221.9168118295,196.806234024,25.11057780549996,0.0670000000000001,0.1078904991948472,0.0121197913385571,0.0115184350977808,4.199497,4.180805,4.14919,4.14919,-0.0503070000000001,-0.0186919999999997,590.9689853693845,-0.0113574999999999,-0.0315804000000001,-0.0315804000000001,57.65047775209291,2.499936,2.939876,3.0663702,3.0663702,0.5664342000000002,0.43994,337.3670244074249,0.1126,0.0910611000000001,0.0910611000000001,-23.826133152783143,0.2321242066454592,75.33045202664661,0.5942329689318172,56.15111301514626,0.9957106625428837,39.61669676830966,0.3829097031166634,27.3866373307247,0.9919494002458628,15.538750048234162,1.681429418737635,7.126605224097053,0.2331241548148653,0.227728680638965,0.1109209427970716,0.1829740460490571,,,,,,,,,,,,,,,,,,,,,,,,,,2.765078539827835,0.9011842425062768,,,,,,,,,,,,,,,,,,,,,,,,,,,,,,,,,,,,,,,,,,,,,,,3.0682721794356898,0.7897541330240453,0.0800582148550969,,,,,2.765078539827835,0.9011842425062768,3.862042286585684,3.2965868345728646,0.1221797263035782,-0.1431242959031249,0.0401279999999997,0.0401017999999999,0.6316976370892436,0.0437686424619948,0.3393729778556333,0.2462443556747928,0.069287329716276,0.3898136406041431,1.6122994758610243,0.48419153561295,1.1581235113992858,1.6122994758610243,0.0831865629938455,0.079156440916686,3.764801359368419,6.909138276553104,3.1175088444522183,14.595991983967934,-0.1053244173036995,0.3015360769230768,-0.1402341119293817,0.011738832905763,0.0105593178134458,4.199551400854761,103615.61235769084,3.128899211288898,-57.83845511395053,47.90335871743487,0.0182274569615576,24.64569138276553,-0.0225860071824759,,,3.6381859611221015,-50.68655015231258,,,,,,,,,,,,,,,,,,,,,,,,,,,,,,,,,,,,,,,,,,,,,,,,,,,,,0.7952427152111392,-0.0820079492606975,0.0738601474437914,0.0437025676993744,0.0305551930151549,0.0207792248779035,59.7,3.7088176352705418,3.5545188946067774,0.0001736690652718,-0.0340146056249002,-0.0074802086454495,-0.000484139296974,0.0014598421418755,-0.0145893773287896,-1.8098997995991937,-2.0292388549366254,59.58998164485986,59.69999999999996,0.9642995169082126,-0.0138118000587719,,,,,,,,,,,,,,0.1730928244103831,7,0.0417155926821009,3.0,0.9998002352941175,,0.3483048731381869,,,,,,,,,,,,,-11.888592833617428,1.8288033306603315,4.056529145492023,1.1188859283361745,1.2645992151183123,4.056529145492023,19.16935974662313,201.9700102699864,100.0,0.9978659298748408,0.7962671403466924,0.0,-15.466720933148608,-11.925425848433784,3.9021381684580927,0.5913026430023717,-0.7143582301192859,-1.0124373477523478,3.0979311734714714,64.81913008547916,1.0,0.0262215860928494,3.0,False,True,False,,0.0284132280585676,0.7713170950000006,0.6819415423650813,0.0028099348255316,0.982608591399509,97.79606357286438,40.0,0.0,-0.1282686738771933,-0.0362892859991625,0.998641276554908,0.946604159036045,,0.9915375986470484,0.5908295853063807,0.91367703438194,0.6131850316878599,0.3737362540418181,,,,,0.448,0.616,0.7200000000000001,0.8099531192770337,0.9915375986470484,0.3817419754791136,0.6228569763544997,0.6,0.1815844793700146,0.0,0.0,0.0,0.0,0.9240228388975256
230,routine_05c,4.199591,2.499982,35.165,0.0,0.0,4.968111111111162,86.61441235592704,59.893,50.606,50.344,0.0,100.0,,0.0,0.0,,,118.3515788641663,84.48900539295077,496.4401455486677,-18.3515788641663,-3.693874483427527,0.8617752471669299,1.019924611282633,192.36409459545,196.196874405,-3.832779809550004,0.0670000000000001,0.1078904991948472,0.071864838670937,0.0079924955632648,4.19959,4.1805964,4.148754,4.148754,-0.0508359999999994,-0.0189935999999999,589.4143618851424,-0.0115661000000004,-0.0320163999999998,-0.0320163999999998,56.09585426785077,2.499982,2.944328,3.0705793,3.0705793,0.5705972999999998,0.4443459999999999,337.12330948214753,0.1170520000000001,0.0952701999999998,0.0952701999999998,-24.069848078060488,0.1759721664433455,32.91711335278616,0.4899331873390066,28.74346679815764,0.8572428971215837,20.20100429431405,0.3881620359403112,29.133986669486244,0.9983783423595756,16.2875704374261,1.683407961216576,7.2526613860141795,0.2052769023041403,0.2305810860367987,0.0840885958858738,0.1854838821282078,,,,,,,,,,,,,,,,,,,,,,,,,,2.765078539827835,0.9011842425062768,,,,,,,,,,,,,,,,,,,,,,,,,,,,,,,,,,,,,,,,,,,,,,,3.0682721794356898,0.7897541330240453,0.0800582148550969,,,,,2.765078539827835,0.9011842425062768,3.820993456925353,3.292225297932678,0.0811308966432475,-0.1474858325433117,0.0401419,0.0400152,0.5960581851010862,0.0440444539066906,0.3165044692156969,0.2333283460724437,0.0738928765808678,0.3914522976190207,1.5972534814172206,0.4782425880616383,1.0800484923246598,1.5972534814172206,0.047547111005688,0.0641104464728821,3.7768287288276063,9.887198396793586,3.1187760215198,14.570076152304612,-0.1040572402361177,0.2977878871844659,-0.1439823016679926,0.0133590691413729,0.0121795540490557,3.75527607629375,79.69904131823375,3.121944562801416,-57.73814082170891,47.418196392785575,0.0182672321901175,24.363078156312625,-0.0224803827052032,4.00118378501368,75.0003696216352,3.640131390572281,-50.79837842086282,,,,,,,,,,,,,,,,,,,,,,,,,,,,,,,,,,,,,,,,,,,,,,,,,,,,,0.3509673906501276,-0.0889625977481798,0.0726492344218241,0.0434425674860891,0.0307228001572162,0.0206422213359121,59.594,3.702232464929857,3.519448475994833,0.0165901650734932,-0.0352255186468675,-0.0077402088587347,-0.0003165321549127,0.0013228385998841,0.0018271186794317,-1.8164849699398784,-2.0643092735485693,50.34399999999994,59.59399999999992,0.9644605475040258,-0.0138118000587719,,,,,,,,,,,,,,,7,0.0458895206565419,3.0,0.999780764705882,,0.3494883848947355,,,,,,,,,,,,,-11.765155573417571,1.902402784798879,4.138612435087076,1.1176515557341755,1.3154925016605767,4.138612435087076,19.668174073449737,205.96261381778905,100.0,0.9977488586311816,0.7590540519842678,0.0,-15.57305199266343,-12.074993640184989,3.809369862978612,0.5808531416430568,-0.7197443594494495,-1.001795366916284,3.0979311734714714,63.77776650416639,1.0,0.0266492132472053,3.0,False,True,False,,0.0284132280585676,0.7713170950000006,0.6819415423650813,0.0028099348255316,0.982608591399509,97.79606357286438,40.0,0.0,-0.1282686738771933,-0.0362892859991625,0.998641276554908,0.9473649370542684,,0.948462126484406,0.5959002398644881,0.7475720262291341,0.6111713869470973,0.355364195239981,,,,,0.448,0.616,0.7200000000000001,0.8105237027907012,0.948462126484406,0.2869097932615329,0.5775019620701751,0.4,0.1379384236937049,0.0,0.0,0.0,0.0,0.8038922414639835
237,routine_05c,4.1996284,2.499939,34.0,0.0,0.0,4.958472222222222,86.43075098699909,59.766,50.603,50.341,0.0,100.0,,0.0,0.0,,,118.10762207774242,84.66184787337282,501.8399599455474,-18.10762207774242,-3.6518551009704328,0.8625113947725561,1.0186916985154355,192.5166270646,196.1150898169,-3.598462752300037,0.0670000000000001,0.1078904991948472,0.137700462680923,-0.0651081094134581,4.199459,4.180023,4.1471586,4.1471586,-0.0523004,-0.0194359999999997,597.8176016328504,-0.0121394999999999,-0.0336118,-0.0336118,64.49909401555874,2.499939,2.946988,3.0732422,3.0732422,0.5733032000000002,0.4470490000000002,330.51707714657067,0.1197120000000002,0.0979331000000001,0.0979331000000001,-30.67608041363735,0.2322652039405252,75.43695155909826,0.5944086881973829,56.19728810190661,0.986490203264602,38.32382112124895,0.3857068011991458,28.3171776542304,0.992338712841808,15.584095799441211,1.6750452760048635,6.719861098767447,0.2354460319746589,0.2302664929267416,0.1109883185918091,0.1843106440751247,,,,,,,,,,,,,,,,,,,,,,,,,,2.765078539827835,0.9011842425062768,,,,,,,,,,,,,,,,,,,,,,,,,,,,,,,,,,,,,,,,,,,,,,,3.0682721794356898,0.7897541330240453,0.0800582148550969,,,,,2.765078539827835,0.9011842425062768,3.8242511484595054,3.29157096753831,0.0843885881773998,-0.1481401629376795,0.0402172000000002,0.0400133,0.5986710863692539,0.0435352044425326,0.3185224419723029,0.2344284533104463,0.0727197378222482,0.3915813852514223,1.6031236993076927,0.4759888841368216,1.0854033602532245,1.6031236993076927,0.0501600122738558,0.0699806643633542,3.7732963941330455,8.676004008016033,3.118821466488636,14.44749699398798,-0.1040117952672821,0.2955971101273889,-0.1461730787250696,0.0125134179541516,0.0113339028618344,3.757146379867288,79.13893828158655,3.1271222589473924,-57.03073705459334,46.81006813627255,0.0184709454534133,26.26817635270541,-0.0224835454425164,3.962957486900853,74.44536793940705,3.6211311830182016,-50.51895629657904,,,,,,,,,,,,,,,,,,,,,,,,,,,,,,,,,,,,,,,,,,,,,,,,,,,,,0.3528376942236653,-0.0837849016022032,0.0714833840358851,0.043204785594463,0.0304789292127072,0.0207288058697873,59.581,3.5820240480961942,3.4485046791852847,0.0112033136465857,-0.0363913690328066,-0.0079779907503609,-0.0005604030994217,0.0014094231337592,-0.0035597327474757,-1.9366933867735407,-2.135253070358118,50.341,59.58099999999993,0.962415458937198,-0.0138118000587719,,,,,,,,,,,,,,,7,0.0435114430054527,3.0,0.9998200000000002,,0.3482979877554429,,,,,,,,,,,,,-12.035854316772632,1.8162673410455028,4.219760030646761,1.1203585431677263,1.2559307036595548,4.219760030646761,19.767546928824807,205.3880110488309,100.0,0.9977298550389192,0.7654317108890152,0.0,-15.778077606170145,-12.207912851252903,3.925866266226567,0.5939355013697849,-0.7286968265699728,-0.986495570161814,3.0940707275505503,66.5899761743352,1.0,0.0255247726106724,3.0,False,True,False,,0.0284132280585676,0.7713170950000006,0.6819415423650813,0.0028099348255316,0.982608591399509,97.79606357286438,40.0,0.0,-0.1282686738771933,-0.0362892859991625,0.998641276554908,0.9524209214455386,,0.9915511869193292,0.5937747716010316,0.8538731934473611,0.6361565892679704,0.3531462981684936,,,,,0.448,0.616,0.7200000000000001,0.8143156910841539,0.9915511869193292,0.2999442340430971,0.6092377131212141,0.4,0.1772354958351754,0.0,0.0,0.0,0.0,0.872662117711557
238,routine_05c,4.199505,2.499988,33.596,0.0,0.0,4.956666666666667,86.37579719157182,59.728,50.599,50.299,0.0,100.0,,0.0,0.0,,,118.04185853475366,84.71571122421643,307.5922331075012,-18.041858534753658,-3.6399176600041,0.8622673761325947,1.0178364363257697,192.54637110655,195.98071219455,-3.4343410879999965,0.0670000000000001,0.1078904991948472,0.0619476106163589,-0.0809116615833612,4.1994724,4.179868,4.1469603,4.1469603,-0.0525121000000003,-0.0196044000000004,596.2113924180807,-0.0122945000000003,-0.0338101000000001,-0.0338101000000001,62.89288480078904,2.499988,2.9473612,3.0736523,3.0736523,0.5736642999999999,0.4473731999999999,333.98265053269535,0.1200852000000001,0.0983431999999999,0.0983431999999999,-27.21050702751268,0.23115992509692,74.60210093293857,0.5894689186454372,54.89922731783194,0.97917122086637,37.297567024966696,0.3567995649571632,18.700300386774245,0.932733051075708,8.64143959687073,1.5811578329248908,0.7381392743216496,0.2360771233578432,0.2256571466348433,0.1104601592362724,0.170497272587696,,,,,,,,,,,,,,,,,,,,,,,,,,2.765078539827835,0.9011842425062768,,,,,,,,,,,,,,,,,,,,,,,,,,,,,,,,,,,,,,,,,,,,,,,3.0682721794356898,0.7897541330240453,0.0800582148550969,,,,,2.765078539827835,0.9011842425062768,3.828035768236944,3.2914700916084443,0.088173207954838,-0.1482410388675452,0.0402209,0.0400578,0.5994745798398788,0.0422679644540677,0.3202665341576561,0.2347640712658871,0.0705083516057638,0.3916163906876471,1.6049272160899912,0.466550886012075,1.0870994816708135,1.6049272160899912,0.0509635057444807,0.0717841811456527,3.770373536683264,8.971164328657313,3.1186370146986064,14.199394789579156,-0.1041962470573114,0.2955043588535031,-0.1462658299989554,0.0125611505238152,0.0113816354314979,3.759478624322923,80.74321290471576,3.1247828859435702,-57.00135129214857,46.8718136272545,0.0184909452267901,24.81911022044088,-0.0226101291060741,,,3.6352789472372176,-50.57449088111934,,,,,,,,,,,,,,,,,,,,,,,,,,,,,,,,,,,,,,,,,,,,,,,,,,,,,0.3551699386793006,-0.0861242746060253,0.0714987565990054,0.0431224502177841,0.0305508573474982,0.0207564680769737,59.542,3.579679358717435,3.444649462223426,0.0088498815192591,-0.0363759964696862,-0.0080603261270397,-0.0004884749646308,0.0014370853409457,-0.0059131648748023,-1.9390380761523005,-2.139108287319977,50.29899999999999,59.54199999999997,0.961803542673108,-0.0138118000587719,,,,,,,,,,,,,,,7,0.0442388116323825,3.0,0.9997911764705883,,0.348896387186736,,,,,,,,,,,,,-12.04009791731664,1.905910772038257,4.197160979805616,1.1204009791731664,1.3179182397567344,4.197160979805616,19.92088716880355,206.3276776008416,100.0,0.997695927739674,0.7846098849701477,0.0,-15.812806115497692,-12.229188587624709,3.968307047343837,0.598605268272585,-0.7258954959629755,-0.9903834380128358,3.0909823708138138,64.35127165711194,1.0,0.0264119877701307,3.0,False,True,False,,0.0284132280585676,0.7713170950000006,0.6819415423650813,0.0028099348255316,0.982608591399509,97.79606357286438,40.0,0.0,-0.1282686738771933,-0.0362892859991625,0.998641276554908,0.9611368438325232,,0.9914415151817568,0.5974156768940759,0.8515403675830091,0.643385481597082,0.3538873530927076,,,,,0.448,0.616,0.7200000000000001,0.8208526328743925,0.9914415151817568,0.2999110583424814,0.6115572197917186,0.4,0.1705888823073642,0.0,0.0,0.0,0.0,0.8610305440378874
239,routine_05c,4.1996303,2.499994,33.792,0.0,0.0,4.958888888888889,86.27456651578476,59.658,50.599,50.355,0.0,100.0,,0.0,0.0,,,117.90351587976048,94.22038955378994,297.6086164113043,-17.90351587976049,-3.6103885932745774,0.8599854423047391,1.0139530725313963,192.60041209225,195.28777961175,-2.687367519500014,0.0670000000000001,0.1078904991948472,-0.0241228604857994,-0.1102187282731315,4.199584,4.1800203,4.1471424,4.1471424,-0.0524415999999998,-0.0195636999999999,598.7287266727612,-0.0121422000000004,-0.0336280000000002,-0.0336280000000002,65.41021905546961,2.499994,2.9482622,3.07444,3.07444,0.574446,0.4482681999999998,331.04946453004146,0.1209861999999999,0.0991309,0.0991309,-30.14369303016656,0.180463813265506,36.3097903986416,0.4913027785863466,29.103364698188965,0.8511840711718511,19.351446990955,0.3963958458249333,31.873215644582032,1.0182448049529067,18.60154558106203,1.712406475742267,9.100203948943296,0.2120150263350864,0.2314846687630691,0.0862349368790236,0.1894184220385976,,,,,,,,,,,,,,,,,,,,,,,,,,2.765078539827835,0.9011842425062768,,,,,,,,,,,,,,,,,,,,,,,,,,,,,,,,,,,,,,,,,,,,,,,3.0682721794356898,0.7897541330240453,0.0800582148550969,,,,,2.765078539827835,0.9011842425062768,3.8248517941068414,3.2897776289840306,0.0849892338247366,-0.1499335014919589,0.0406309999999998,0.0401040999999997,0.5995177179299278,0.042898790836988,0.3196786389644825,0.2347578710624719,0.071555501287123,0.3915778700804146,1.604310431451641,0.4718448360196587,1.087183803835484,1.604310431451641,0.0510066438345296,0.0711673965073025,3.777261638789143,9.586623246492984,3.1218857866101537,14.394392785571146,-0.1009474751457641,0.2943148826086954,-0.1474553062437631,0.0139004053446425,0.0127208902523252,3.776652001312336,80.4292241023794,3.142779131352677,-56.93720184310933,48.94223446893787,0.0183860988132191,24.387194388777555,-0.0225254924508828,,,3.633113725381717,-50.64685428632741,,,,,,,,,,,,,,,,,,,,,,,,,,,,,,,,,,,,,,,,,,,,,,,,,,,,,0.3723433156687132,-0.0681280291969184,0.0715039027164307,0.0430798003321016,0.0306660507365035,0.0207358882733341,59.362,3.568857715430859,3.448316357316753,0.0106957088716377,-0.036370850352261,-0.0081029760127222,-0.0003732815756254,0.001416505537306,-0.0040673375224236,-1.9498597194388765,-2.135441392226649,50.35499999999996,59.36199999999998,0.9606763285024156,-0.0138118000587719,,,,,,,,,,,,,,,7,0.0437352391663591,3.0,0.9998552941176468,,0.3500506543888116,,,,,,,,,,,,,-12.17354195465894,1.8932286085857692,4.214786549203398,1.1217354195465894,1.3091486505509735,4.214786549203398,20.07799862545664,206.84372360073144,100.0,0.9976630362800532,0.769752381310023,0.0,-15.872409590417805,-12.276841632151813,3.9957708082503673,0.6016005697525642,-0.724295931818209,-0.9911662471327252,3.0948428167347344,62.8656666618927,1.0,0.0270378744115083,3.0,False,True,False,,0.0284132280585676,0.7713170950000006,0.6819415423650813,0.0028099348255316,0.982608591399509,97.79606357286438,40.0,0.0,-0.1282686738771933,-0.0362892859991625,0.998641276554908,0.9534304883779088,,0.9585313663590028,0.5972921675980938,0.7454273186220489,0.6564066014908054,0.3605398033890772,,,,,0.448,0.616,0.7200000000000001,0.8150728662834317,0.9585313663590028,0.2899557383235984,0.5899164727750064,0.4,0.143458500075571,0.0,0.0,0.0,0.0,0.8135523751322493
240,routine_05c,4.199604,2.499998,17.158,0.0,0.0,4.954166666666667,86.16465892493022,59.582,56.21,52.79,2.8700000000000045,94.84369385555156,94.84184687747364,-5.156306144448436,480.0,1023.1369134239956,2.87108393924414,105.99893257427505,84.90987210902622,297.4855030417504,-5.998932574275045,-1.2108863059932808,0.8532621067122955,0.9044487251758048,216.09368763515,195.44566030015,20.648027334999995,0.0670000000000001,0.1078904991948472,-0.1584898459299042,-0.0681225283584637,4.199571,4.1796923,4.146438,4.146438,-0.0531329999999998,-0.0198786999999995,591.1162078833325,-0.0124702,-0.0343324000000002,-0.0343324000000002,57.79770026604092,2.499998,2.9490402,3.0751412,3.0751412,0.5751431999999999,0.4490421999999996,330.3157231381455,0.1217641999999998,0.0998320999999999,0.0998320999999999,-30.87743442206255,0.2350874613934334,77.56868819313986,0.595179997586789,56.39997093159088,0.9859869895450052,38.25326142962207,0.3944502854736569,31.22596542121129,0.994822872766411,15.873441942034198,1.675194674987788,6.72937955115461,0.2384285633443472,0.2354653410515004,0.1123369390653765,0.1884887327504753,,,,,,,,,,,,,,,,,,,,,,,,,,2.765078539827835,0.9011842425062768,,,,,,,,,,,,,,,,,,,,,,,,,,,,,,,,,,,,,,,,,,,,,,,3.0682721794356898,0.7897541330240453,0.0800582148550969,,,,,2.765078539827835,0.9011842425062768,3.8620572200802457,3.2903309814840065,0.12219465979814,-0.149380148991983,0.0400979999999999,0.0400969999999998,0.6323373390752139,0.0413446030696415,0.3419715525675479,0.2467330725416204,0.0653837762136703,0.3901921605680675,1.6156948741303263,0.4689351480360693,1.1574001825718847,1.6156948741303263,0.0838262649798158,0.0825518391859878,3.7640772102729216,6.8399458917835645,3.1164067247774967,14.046492985971945,-0.1064265369784212,0.2936533296089383,-0.1481168592435202,0.0128297517892922,0.011650236696975,4.199576619411447,-31011.609318697803,3.128025206122833,-56.53174959997372,48.66453306613227,0.0183316429814489,24.64088176352705,-0.0226179318573302,,,3.6344556754958135,-50.793509016262114,,,,,,,,,,,,,,,,,,,,,,,,,,,,,,,,,,,,,,,,,,,,,,,,,,,,,0.7952679337678248,-0.082881954426762,0.0712324886822172,0.0431872666952801,0.0306098419566982,0.0207984225200076,59.4,3.5711422845691416,3.4248986245804467,9.590808809363284e-05,-0.0366422643864744,-0.0079955096495438,-0.0004294903554307,0.0014790397839796,-0.0146671383059678,-1.9475751503005936,-2.158859124962956,54.96286111109106,59.39999999999996,0.9594524959742352,-0.0138118000587719,,,,,,,,,,,,,,0.1418918221478929,7,0.0437158530924841,3.0,0.9997755294117644,,0.3483134802494489,,,,,,,,,,,,,-12.395444420647394,1.827360579426756,4.249628626511596,1.123954444206474,1.2636015670678078,4.249628626511596,20.17725789274876,205.95930179248123,100.0,0.997644019032137,0.7694269757872807,0.0,-15.98163773071574,-12.335181361570278,4.079821361002005,0.6106411474945066,-0.7289583661392046,-0.9842313072199153,3.091754459997998,66.15453394543012,1.0,0.0256916389344075,3.0,False,True,False,,0.0284132280585676,0.7713170950000006,0.6819415423650813,0.0028099348255316,0.982608591399509,97.79606357286438,40.0,0.0,-0.1282686738771933,-0.0362892859991625,0.998641276554908,0.9662076508280611,,0.9918002815052348,0.5950276141079708,0.9142031301379846,0.6701140371086329,0.3774418520313268,,,,,0.448,0.616,0.7200000000000001,0.8246557381210459,0.9918002815052348,0.3818431083795154,0.6391966583464788,0.6,0.1671445433841889,0.0,0.0,0.0,0.0,0.8987529509223307
241,routine_05c,4.199524,,33.312,0.0,,2.765,,,50.591,50.342,0.0,100.0,,0.0,0.0,,,,,307.7427862804763,,,,,192.62521051595,,,0.0670000000000001,0.1078904991948472,-0.1603679172027269,-0.0018780712728226,4.199613,4.179806,4.1465554,4.1465554,-0.0530576000000007,-0.0198070000000001,595.4844416442252,-0.0123565000000001,-0.0342150000000005,-0.0342150000000005,62.16593402693354,,,,,,,,,,,,,,,,,,0.3937906960206198,31.006532793212276,1.0061406967220623,17.191701958903806,1.6955700488859364,8.027527788336673,,0.2322467870197149,,0.1881735468202908,,,,,,,,,,,,,,,,,,,,,,,,,,2.765078539827835,0.9011842425062768,,,,,,,,,,,,,,,,,,,,,,,,,,,,,,,,,,,,,,,,,,,,,,,3.0682721794356898,0.7897541330240453,0.0800582148550969,,,,,2.765078539827835,0.9011842425062768,3.826332098763457,,0.0864695384813516,,0.0400569000000001,,,,,,,,,,,,,,3.7772882654483446,8.97883366733467,,,,,,,,3.746080165487545,79.01651696379952,,,46.81099799599198,0.0184091433257649,,,4.19371602106527,191.08391539587475,,,,,,,,,,,,,,,,,,,,,,,,,,,,,,,,,,,,,,,,,,,,,,,,,,,,,,,0.3417714798439228,,,,,,,,,0.0081493227785088,,,,,-0.0066137236155525,,,50.30894978876002,,,,,,,,,,,,,,,,,,5,0.0670672985345308,3.0,0.661457705882353,,0.2418899932333053,,,,,,,,,,,,,,,,,,,,,,,,,,,,,,,,105.6398052799682,0.8909966600884357,0.0106444544934543,,False,True,,,0.0284132280585676,,0.6819415423650813,0.0028099348255316,0.982608591399509,97.79606357286438,40.0,0.0,-0.1282686738771933,-0.0362892859991625,0.998641276554908,0.9999999242196528,,0.9897146662765848,,,,,,,,,0.364,0.364,0.0,0.7499999431647396,0.9897146662765848,0.2993886865486669,0.0,0.4,0.2397147231118452,0.0,0.0,0.0,0.0,0.825
