cycle,cycle_role,chg_V_cutoff,dchg_V_cutoff,chg_I_cutoff,chg_temp_avg,dchg_temp_avg,cycle_duration_h,SoHQ,dchgCapa,chgCapa,chgCCcapa,chgCVcapa,chgCapa_CCratio,chgCapa_CCratio_norm,delta_chgCapa_CCratio,chgCVtime,tau_CV,Q_CV_at_Tref,CE,CE_rev,CE_local_20,CI,CI_per_hour,VE,EE,chg_E,dchg_E,dE,Q_relax,Q_relax_pct,dSoHQ_dN,d2SoHQ,EoC_restV_init,EoC_restV_60s,EoC_restV_30m,EoC_restV_end,EoC_restV_relax,EoC_restV_relax_60s,EoC_restV_tau,delta_EoC_restV_60s,delta_EoC_restV_30m,delta_EoC_restV_end,delta_EoC_restV_tau,EoD_restV_init,EoD_restV_60s,EoD_restV_30m,EoD_restV_end,EoD_restV_relax,EoD_restV_relax_60s,EoD_restV_tau,delta_EoD_restV_60s,delta_EoD_restV_30m,delta_EoD_restV_end,delta_EoD_restV_tau,EoC_dchgR_10s,EoC_dchgR_10s_inc,EoC_dchgR_30s,EoC_dchgR_30s_inc,EoC_dchgR_60s,EoC_dchgR_60s_inc,EoD_chgR_10s,EoD_chgR_10s_inc,EoD_chgR_30s,EoD_chgR_30s_inc,EoD_chgR_60s,EoD_chgR_60s_inc,EoC_dchgR_10_60_ratio,EoD_chgR_10_60_ratio,EoC_dchgR_10s_T25,EoD_chgR_10s_T25,EoC_dchgR_10s_growth_50,R_ohmic_soc80,R_ct_soc80,tau_ct_soc80,A_diff_soc80,R_30s_total_soc80,R_ohmic_frac_soc80,R_ct_frac_soc80,R_diff_frac_soc80,R_recovery_tau1_soc80,R_recovery_tau2_soc80,V_inf_est_soc80,V_inf_rest_soc80,self_discharge_rate_soc80,dcir_fit_r2_soc80,dcir_fit_rmse_soc80,pulse_current_A_soc80,n_t_le_1s_soc80,relax_amp_ratio_soc80,relax_completeness_soc80,recovery_fit_r2_soc80,dcir_fit_valid_soc80,dcir_fit_cond_soc80,sd_fit_valid_soc80,n_points_soc80,R_ohmic_soc50,R_ct_soc50,tau_ct_soc50,A_diff_soc50,R_30s_total_soc50,R_ohmic_frac_soc50,R_ct_frac_soc50,R_diff_frac_soc50,R_recovery_tau1_soc50,R_recovery_tau2_soc50,V_inf_est_soc50,V_inf_rest_soc50,self_discharge_rate_soc50,dcir_fit_r2_soc50,dcir_fit_rmse_soc50,pulse_current_A_soc50,n_t_le_1s_soc50,relax_amp_ratio_soc50,relax_completeness_soc50,recovery_fit_r2_soc50,dcir_fit_valid_soc50,dcir_fit_cond_soc50,sd_fit_valid_soc50,n_points_soc50,R_ohmic_soc20,R_ct_soc20,tau_ct_soc20,A_diff_soc20,R_30s_total_soc20,R_ohmic_frac_soc20,R_ct_frac_soc20,R_diff_frac_soc20,R_recovery_tau1_soc20,R_recovery_tau2_soc20,V_inf_est_soc20,V_inf_rest_soc20,self_discharge_rate_soc20,dcir_fit_r2_soc20,dcir_fit_rmse_soc20,pulse_current_A_soc20,n_t_le_1s_soc20,relax_amp_ratio_soc20,relax_completeness_soc20,recovery_fit_r2_soc20,dcir_fit_valid_soc20,dcir_fit_cond_soc20,sd_fit_valid_soc20,n_points_soc20,mech_vs_chem_ratio,R_ohmic_growth_100,R_ct_growth_100,R_ratio_20_50,R_ratio_80_50,R_SOC_slope,R_SOC_curvature,R_ohmic_soc50_ff,R_ct_soc50_ff,chg_V_avg,dchg_V_avg,delta_chg_V_avg,delta_dchg_V_avg,chg_ir_drop_proxy,dchg_ir_drop_proxy,hyst_area,hyst_area_low,hyst_area_mid,hyst_area_high,hyst_frac_low,hyst_frac_high,hyst_max_dV,hyst_max_dV_low,hyst_max_dV_mid,hyst_max_dV_high,delta_hyst_area,delta_hyst_max_dV,chg_plateau_V,chg_plateau_width,dchg_plateau_V,dchg_plateau_width,delta_dchg_plateau_V,dchg_V_cutoff_margin,delta_dchg_V_cutoff_margin,dchg_shape_DTW,delta_dchg_shape_DTW,chg_dQdV_peak1_V,chg_dQdV_peak1,dchg_dQdV_peak1_V,dchg_dQdV_peak1,chg_dVdQ_peak1_Q,chg_dVdQ_peak1,dchg_dVdQ_peak1_Q,dchg_dVdQ_peak1,chg_dQdV_peak2_V,chg_dQdV_peak2,dchg_dQdV_peak2_V,dchg_dQdV_peak2,chg_dVdQ_peak2_Q,chg_dVdQ_peak2,dchg_dVdQ_peak2_Q,dchg_dVdQ_peak2,chg_dQdV_peak3_V,chg_dQdV_peak3,dchg_dQdV_peak3_V,dchg_dQdV_peak3,chg_dVdQ_peak3_Q,chg_dVdQ_peak3,dchg_dVdQ_peak3_Q,dchg_dVdQ_peak3,chg_dQdV_peak4_V,chg_dQdV_peak4,dchg_dQdV_peak4_V,dchg_dQdV_peak4,chg_dVdQ_peak4_Q,chg_dVdQ_peak4,dchg_dVdQ_peak4_Q,dchg_dVdQ_peak4,chg_dQdV_peak5_V,chg_dQdV_peak5,dchg_dQdV_peak5_V,dchg_dQdV_peak5,chg_dVdQ_peak5_Q,chg_dVdQ_peak5,dchg_dVdQ_peak5_Q,dchg_dVdQ_peak5,chg_dQdV_peak6_V,chg_dQdV_peak6,dchg_dQdV_peak6_V,dchg_dQdV_peak6,chg_dVdQ_peak6_Q,chg_dVdQ_peak6,dchg_dVdQ_peak6_Q,dchg_dVdQ_peak6,chg_dQdV_peak7_V,chg_dQdV_peak7,dchg_dQdV_peak7_V,dchg_dQdV_peak7,chg_dVdQ_peak7_Q,chg_dVdQ_peak7,dchg_dVdQ_peak7_Q,dchg_dVdQ_peak7,chg_dQdV_peak8_V,chg_dQdV_peak8,dchg_dQdV_peak8_V,dchg_dQdV_peak8,chg_dVdQ_peak8_Q,chg_dVdQ_peak8,dchg_dVdQ_peak8_Q,dchg_dVdQ_peak8,delta_chg_dQdV_peak1_V,delta_dchg_dQdV_peak1_V,dchg_dVdQ_SOC0,dchg_dVdQ_SOC5,dchg_dVdQ_SOC10,dchg_dVdQ_SOCmid,dchg_dVdQ_SOC0_Q,dchg_dVdQ_SOC0_cliff_width,dchg_dVdQ_SOC0_to_mid_ratio,chg_dVdQ_SOC100,delta_dchg_dVdQ_SOC0,delta_dchg_dVdQ_SOC5,delta_dchg_dVdQ_SOC10,delta_dchg_dVdQ_SOCmid,delta_chg_dVdQ_SOC100,delta_dchg_dVdQ_SOC0_cliff_width,delta_dchg_dVdQ_SOC0_to_mid_ratio,chg_dQdV_area_sum,dchg_dQdV_area_sum,RCF,RCF_slope_100,PER,eta_SOC20,eta_SOC50,eta_SOC80,eta_max,eta_mean,eta_argmax_SOC,eta_slope_lowSOC,Reff_scale,Reff_shape_fit_r2,Reff_resid_soc20,Reff_resid_soc50,Reff_resid_soc80,I_inf_norm,pulse_sample_count_1s,pulse_current_stability,rest_sufficiency,leg_completeness,relax_completeness_max,samples_per_mV,ocv_V_inf_soc80,ocv_V_inf_soc50,ocv_V_inf_soc20,ocv_spread_20_80,ocv_spread_50_80,ocv_spread_20_50,ocv_parallel_shift,ocv_spread_compression,delta_ocv_V_inf_soc80,delta_ocv_V_inf_soc50,delta_ocv_V_inf_soc20,delta_ocv_spread_20_80,LAM_curve_proxy,LLI_curve_proxy,R_curve_proxy,dchg_fit_scale,dchg_fit_offset,dchg_fit_dR,dchg_fit_residual_rms,dchg_fit_residual_max,dchg_fit_residual_argmax_SOC,dchg_fit_r2,dchg_fit_corr_s_o,dchg_fit_residual_argmax_DOD,dQV_min,dQV_mean,dQV_var,dQV_log_var,dQV_skew,dQV_kurtosis,dQV_argmin_V,dqdv_snr,quality_score,v_noise_sigma,dQV_ref_cycle,temperature_available,Q_relax_significant,dchg_fit_degenerate_flag,eta_valid,fade_exponent_b_se,dQV_valid_V_range,fade_exponent_b,fade_exponent_a,fade_fit_r2,fade_sohq0,knee_cycle_bw,knee_severity,knee_slope_before,knee_slope_after,knee_fit_r2,LAM_PE_pattern_score,LAM_NE_pattern_score,contact_loss_score,LLI_pattern_score,interface_R_score,solid_diffusion_score,SE_decomposition_score,microshort_score,impedance_pattern_score,transport_limitation_score,plating_risk_score,contact_loss_confidence,LAM_PE_confidence,LLI_confidence,PE_side_score,contact_stack_score,NE_side_score,shared_side_score,si_cosign,dominance_margin,pe_peak_hits,pe_peak_hits_delta,fc_ocp_hits,fc_ocp_hits_delta,electrode_confidence
7,routine_05c,4.199744,2.4999433,33.465,0.0,0.0,5.163416666666663,97.31305030796578,70.623,66.816,66.45700000000001,0.0,100.0,,0.0,0.0,,,105.69773706896552,92.03942058536173,,-5.697737068965523,-1.1034819455397158,0.8990274887412533,0.9502517112274536,251.75289137305003,239.2286158337,12.524275539350016,-0.3659999999999996,-0.5043197883510393,,,4.1997433,4.188395,4.1752424,4.1752424,-0.0245008999999996,-0.0113482999999998,516.4034552000911,-0.0004800000000004,-0.0006566000000001,-0.0006566000000001,-2.0597250587456983,2.4999433,2.901626,3.0281322,3.0281322,0.5281889,0.4016826999999998,354.8369993811848,0.0596429999999998,0.0414712000000001,0.0414712000000001,-8.661536761916125,0.1631246428757063,27.840445772581575,0.4436257615277416,20.984849315562247,0.7803112117037259,17.328881341974288,0.2664424256480416,-5.482351366921345,0.7277657405629683,-8.147641967669648,1.3123310198784792,-10.401750392545091,0.209050748507818,0.2030298923153656,0.0779493851274425,0.1273199615030222,,,,,,,,,,,,,,,,,,,,,,,,,,1.348849510018462,0.7251637964572387,,,,,,,,,,,,,,,,,,,,,,,,,,,,,,,,,,,,,,,,,,,,,,,1.8600618461762943,,,,,,,1.348849510018462,0.7251637964572387,3.788207282499211,3.397409867694383,0.0312361292087803,-0.0325883864353957,0.0400261999999997,0.0400640000000001,0.5573996013602464,0.079700242046072,0.258261521711811,0.2171061292022998,0.142985825342494,0.3894981780978788,1.551112802302845,0.6765609406764606,0.9748448080165965,1.551112802302845,0.0092351446521418,0.0128744214102844,3.719458220318712,14.649839679358715,3.165247483234498,17.215691382765534,-0.0386659287312318,0.4040659454038997,-0.0302250315991581,0.0037342561915568,0.0020178015709898,,,3.1579922456260685,-72.06697651324906,57.93345691382766,0.0152854244946653,11.853426853707417,-0.0226567782059684,,,3.647571503083917,-55.14890039107189,,,,,,,3.972432543601424,-61.79043249883641,,,,,,,,,,,,,,,,,,,,,,,,,,,,,,,,,,,,,,,,,,,,,,-0.0249505609262588,0.1009482424634213,0.0444019413701714,0.0263863652566263,0.0188977733193439,70.415,4.797815631262523,5.341806188356045,0.0062734997500045,-0.0020942539795185,-0.0030218278791793,-0.0018442052060281,0.000509988256887,-0.0045482605981796,-0.8522605210420835,-0.2620496372880083,66.91640416296832,70.41499999999995,0.973130503079658,-0.0168639533405045,,,,,,,,,,,,,,,5,0.0327817235950769,3.0,0.9998857058823528,,0.3618060581865328,,,,,,,,,,,,,-2.836003944534027,-0.6530300835612374,1.1799309678958247,1.0283600394453405,-0.4739235225428967,1.1799309678958247,6.383573069672365,57.33811829116053,99.4619316653215,0.9997895466524184,0.4427223054326374,0.5380683346785041,-4.215779620242728,-2.988978359066317,0.5199609177778598,-0.2840292983476052,-0.344788150342258,-1.0395315878900526,3.111548061585585,69.49417384692555,1.0,0.0244596864154994,3.0,False,True,False,,0.0403754630289624,0.7803023940000005,0.6238443601576621,0.0032076061321386,0.9557015051831098,97.09809433260304,30.0,0.0,-0.1583820204925489,-0.0281260429186037,0.9885930026485082,0.5785096469652157,,0.805337520687064,0.3489691817278851,0.41912788088716,0.4910097059816156,0.1186226012364771,,,,,0.52,0.76,0.7200000000000001,0.5338822352239118,0.805337520687064,0.1771742545511541,0.3444323424582844,0.2,0.2714552854631522,0.0,0.0,0.0,0.0,0.8687499999999999
8,routine_05c,4.199883,2.499967,33.935,0.0,0.0,5.117333333333332,97.09809433260304,70.467,65.001,64.679,0.0,100.0,,0.0,0.0,,,108.40910139844,91.4115827266664,,-8.409101398440015,-1.643258480674834,0.8964005287534159,0.9717797581524432,245.48996631295003,238.56218009245,6.927786220500053,-0.3659999999999996,-0.5043197883510393,,,4.199696,4.18825,4.175106,4.175106,-0.0245899999999998,-0.0114460000000002,511.4936147439117,-0.0006250000000003,-0.0007929999999998,-0.0007929999999998,-6.96956551492508,2.499967,2.9009871,3.0287292,3.0287292,0.5287622000000001,0.4010201000000002,369.3885721711994,0.0590041000000001,0.0420682000000001,0.0420682000000001,5.890036028098507,0.1693881130364786,32.74911440363884,0.4514353422946303,23.114664655965235,0.7947493903130733,19.4998297013496,0.2649880905414231,-5.998261452440906,0.7239198603709568,-8.63303602327994,1.2932857987025417,-11.70204616769858,0.2131339955728083,0.2048952295055479,0.0809423948848235,0.1266250050247631,,,,,,,,,,,,,,,,,,,,,,,,,,1.348849510018462,0.7251637964572387,,,,,,,,,,,,,,,,,,,,,,,,,,,,,,,,,,,,,,,,,,,,,,,1.8600618461762943,,,,,,,1.348849510018462,0.7251637964572387,3.795512706024367,3.395419585716624,0.0385415527339363,-0.0345786684131552,0.0401379999999997,0.0400230000000005,0.5586669534800284,0.0772682653212009,0.2614035232286847,0.217679779098758,0.138308279807646,0.389641409327677,1.5515160107828452,0.661460912731509,0.9800450716424408,1.5515160107828452,0.0105024967719238,0.0132776298902843,3.7238103025472458,13.350575150300603,3.1646450116494727,17.31859719438878,-0.0392684003162573,0.4021235317460316,-0.0321674452570261,0.0038387952957961,0.0021223406752292,3.7185298934136735,99.94130349889832,3.1642987433847543,-71.62393854685264,56.51311422845692,0.0153596523583672,11.686533066132265,-0.0225680240532014,4.171686698213157,85.4889818458916,3.6477733111942015,-55.22544862106977,,,,,,,3.9700302070477385,-61.29700149158437,,,,,,,,,,,,,,,,,,,,,,,,,,,,,,,,,,,,,,,,,,,,,0.2794496701828786,-0.018644063167573,0.1005128183643194,0.0443813714574569,0.0264296138521096,0.018896967469979,70.26,4.787254509018041,5.318991977099018,0.0068024859522398,-0.0025296780786204,-0.0030423977918938,-0.0018009566105448,0.000509182407522,-0.0040192743959443,-0.8628216432865656,-0.2848638485450347,64.67899999999997,70.25999999999993,0.9709809433260304,-0.0168639533405045,,,,,,,,,,,,,,,5,0.0372025545352261,3.0,0.999950588235294,,0.3594295247529878,,,,,,,,,,,,,-3.0279842981856486,-0.6477418592513763,1.2411305290022532,1.0302798429818565,-0.4700856995145012,1.2411305290022532,6.323429149650928,56.54115830199835,99.47209332027758,0.9997918559677332,0.5355369545239028,0.5279066797224232,-4.454214044154767,-3.1741838694573072,0.5546217454816866,-0.2560031067055125,-0.3646951744840784,-1.0207262655519933,3.112329145063063,78.9478510291215,1.0,0.0215321377066103,3.0,False,True,False,,0.0403754630289624,0.7803023940000005,0.6238443601576621,0.0032076061321386,0.9557015051831098,97.09809433260304,30.0,0.0,-0.1583820204925489,-0.0281260429186037,0.9885930026485082,0.6596888235841977,,0.8642664493441649,0.357810004748625,0.4692140863310223,0.5229423902593227,0.1396005450809541,,,,,0.364,0.616,0.7200000000000001,0.5447666176881483,0.8642664493441649,0.1901386188557162,0.372391756604981,0.2,0.3194998316560166,0.0,0.0,0.0,0.0,0.825
9,routine_05c,4.199675,2.4999762,35.352,0.0,0.0,5.110347222222222,96.87211497388836,70.303,64.415,64.10100000000001,0.0,100.0,,0.0,0.0,,,109.14072809128308,91.60491017453025,,-9.14072809128308,-1.78867065070155,0.8960597643196737,0.977966150911527,243.2743067803,237.9140374176,5.360269362699995,-0.3659999999999996,-0.5043197883510393,,,4.199695,4.1880574,4.17478,4.17478,-0.024915,-0.0116376000000002,505.2300025978573,-0.0008176000000004,-0.001119,-0.001119,-13.233177660979493,2.4999762,2.899759,3.02852,3.02852,0.5285438,0.3997828000000001,369.9898807669948,0.057776,0.041859,0.041859,6.491344623893838,0.1726008226874585,35.26690832293091,0.4648443239988115,26.77153892171736,0.8091908829849287,21.671276368631947,0.2754435030572127,-2.289313809895824,0.7482481245430531,-5.562530905366709,1.332548373199662,-9.021428323010232,0.2133005034001023,0.20670431827989,0.0824775935983478,0.1316211414912843,,,,,,,,,,,,,,,,,,,,,,,,,,1.348849510018462,0.7251637964572387,,,,,,,,,,,,,,,,,,,,,,,,,,,,,,,,,,,,,,,,,,,,,,,1.8600618461762943,,,,,,,1.348849510018462,0.7251637964572387,3.7951717879643065,3.3937782608105223,0.0382006346738759,-0.0362199933192566,0.0401038999999996,0.0401457,0.5580650148837136,0.076668643914124,0.2617322650749913,0.2173576160579976,0.1373829963702344,0.3894843974465759,1.5489149532099775,0.6585026162363352,0.9790201789984718,1.5489149532099775,0.009900558175609,0.0106765723174167,3.7254538537985886,13.359727454909825,3.163196490453076,17.279897795591182,-0.0407169215126543,0.4005752400000002,-0.0337157370030576,0.0035909386520504,0.0018744840314835,3.5225102108713315,74.9822543658733,3.1589285611896254,-71.32508090932632,56.26500601202406,0.0152958308383377,11.519931863727454,-0.0225504847532725,3.727343495992695,100.38718960175493,3.661025653354664,-55.18111415279082,,,,,3.960139500422353,84.64446308796452,3.965849016662073,-60.91340759575715,,,,,4.173272050312484,84.96027901736657,,,,,,,,,,,,,,,,,,,,,,,,,,,,,,,,,,,,,,,0.0834299876405366,-0.0240142453627019,0.1002469374508369,0.044275472806825,0.0266040444241835,0.0188988285743983,70.103,4.776557114228453,5.304399532288376,0.0099494670263221,-0.0027955589921029,-0.0031482964425257,-0.0016265260384708,0.0005110435119414,-0.000872293321862,-0.8735190380761537,-0.2994562933556768,64.10099999999996,70.1029999999999,0.9687211497388836,-0.0168639533405045,,,,,,,,,,,,,,,5,0.033902286209174,3.0,0.9999042352941176,,0.358269603700872,,,,,,,,,,,,,-3.1936826867145163,-0.5850554244018336,1.2778591212932626,1.0319368268671452,-0.4245922731511427,1.2778591212932626,6.301370316102003,56.472699255222025,99.48650839935706,0.9997917025637494,0.5033391188345409,0.5134916006429313,-4.67098080507089,-3.347914185179727,0.5903752026191059,-0.2288718923628975,-0.3699365264194401,-1.0014726882736285,3.1209210633153157,76.8459527562643,1.0,0.0221200614870564,3.0,False,True,False,,0.0403754630289624,0.7803023940000005,0.6238443601576621,0.0032076061321386,0.9557015051831098,97.09809433260304,30.0,0.0,-0.1583820204925489,-0.0281260429186037,0.9885930026485082,0.6629941182672369,,0.8876376687868834,0.3602433856665496,0.493754042954197,0.5549991239581897,0.1422727961571242,,,,,0.364,0.616,0.7200000000000001,0.5772455887004277,0.8876376687868834,0.1952802871331144,0.3878173371840151,0.2,0.3103920800864557,1.0,1.0,1.0,1.0,0.825
10,routine_05c,4.199687,2.4999962,34.161,0.0,0.0,5.105,96.64337976933572,70.137,64.401,64.098,0.0,100.0,,0.0,0.0,,,108.90669399543486,88.37560773913911,652.9740013213222,-8.906693995434864,-1.7447000970489448,0.8925754194776505,0.972074380768994,243.4280179149,236.63013977645,6.797878138450017,-0.3659999999999996,-0.5043197883510393,,,4.1997004,4.187983,4.1745844,4.1745844,-0.0251160000000005,-0.0117174000000002,512.3322115837642,-0.0008920000000003,-0.0013146000000006,-0.0013146000000006,-6.130968675072609,2.4999962,2.89896,3.0283391,3.0283391,0.5283429000000002,0.3989638000000002,373.159505927069,0.0569770000000002,0.0416781000000003,0.0416781000000003,9.660969783968085,0.1365512874227391,7.014961977536201,0.3868543083438435,5.502236932489685,0.695567634788195,4.586697286067163,0.286733536142533,1.7157067029550137,0.7713721510655269,-2.644014348585217,1.3773224548006726,-5.964517163809431,0.1963163330109801,0.2081818496047313,0.0652512625028305,0.1370161028015737,,,,,,,,,,,,,,,,,,,,,,,,,,1.348849510018462,0.7251637964572387,,,,,,,,,,,,,,,,,,,,,,,,,,,,,,,,,,,,,,,,,,,,,,,1.8600618461762943,,,,,,,1.348849510018462,0.7251637964572387,3.7977474790929526,3.3907481304032268,0.0407763258025219,-0.0392501237265521,0.0401717999999999,0.0337380000000004,0.560093798564751,0.0756146951589984,0.2639187292139145,0.2182567106595005,0.1350036285935718,0.3896788559680302,1.5531278069283785,0.6524612499555933,0.9840817125878604,1.5531278069283785,0.0119293418566465,0.0148894260358174,3.729562047425196,13.616008016032062,3.1645130406040494,17.34185971943888,-0.0394003713616806,0.3986190289473681,-0.0356719480556897,0.0037541641305919,0.002037709510025,3.725953476182392,99.13427698901188,3.1668385758777378,-71.16008457224147,56.13391983967936,0.0153022458042779,11.468004008016033,-0.0226618527242181,4.173253544187319,85.53810819239864,3.639220194466631,-55.11280383988223,,,,,,,3.966459542449841,-60.68973390661873,,,,,,,,,,,,,,,,,,,,,,,,,,,,,,,,,,,,,,,,,,,,,0.2868732529515965,-0.0161042306745895,0.0998792821566121,0.0444328462279228,0.026771337230438,0.0188829729448915,69.787,4.755026052104213,5.289383321582999,0.0068809950603736,-0.0031632142863277,-0.002990923021428,-0.0014592332322163,0.0004951878824345,-0.0039407652878106,-0.8950501002003932,-0.3144725040610536,64.09799999999998,69.78699999999999,0.9664337976933572,-0.0168639533405045,,,,,,,,,,,,,,,5,0.035877809571885,3.0,0.9998871176470588,,0.3582757371258555,,,,,,,,,,,,,-3.3956600091302747,-0.5627611991481134,1.3225234872195584,1.0339566000913027,-0.4084126850577603,1.3225234872195584,6.248973451934342,55.729343186230906,99.5009766599655,0.9997956476718566,0.5151501852466317,0.4990233400345039,-4.880768137314234,-3.516099730767776,0.6310418954500409,-0.1999418065891456,-0.3662129089894703,-0.9874632358280456,3.111548061585585,76.50036100567206,1.0,0.022219608870525,3.0,False,True,False,,0.0403754630289624,0.7803023940000005,0.6238443601576621,0.0032076061321386,0.9557015051831098,97.09809433260304,30.0,0.0,-0.1583820204925489,-0.0281260429186037,0.9885930026485082,0.6564607117426684,,0.2734588961073226,0.3657327437470725,0.2939658429481783,0.5858501639130067,0.1688903755308704,,,,,0.52,0.88,0.7200000000000001,0.5423455338070013,0.2734588961073226,0.0601609571436109,0.353609781534782,0.2,0.1887357522722193,0.0,0.0,0.0,0.0,0.8052875664763839
20,routine_05c,4.1997705,2.4999921,35.86,0.0,0.0,5.059138888888896,94.90306312264892,68.874,61.984,61.676,0.0,100.0,,0.0,0.0,,,111.11577181208052,88.23358596858031,592.7675313758509,-11.115771812080524,-2.1971667622119395,0.8894172999587049,0.9882828974792822,234.54594537265,231.7977464849,2.7481988877500214,-0.3659999999999996,-0.5043197883510393,,,4.199819,4.186988,4.1728964,4.1728964,-0.0269225999999997,-0.0128309999999993,520.5047716332675,-0.0018869999999999,-0.0030026000000002,-0.0030026000000002,2.041591374430709,2.4999921,2.895775,3.029721,3.029721,0.5297288999999998,0.3957828999999999,378.3613737405859,0.053792,0.0430600000000001,0.0430600000000001,14.862837597484996,0.1555329442957626,21.89084727218468,0.4345294225146337,18.504111494940187,0.7601572430486652,14.298497360003118,0.3173030136253517,12.559907376291376,0.8534419834179797,7.714136914566456,1.5023446244131076,2.5712618353319483,0.2046062781326486,0.2112052111540695,0.0743216791846292,0.1516237790633912,,,,,,,,,,,,,,,,,,,,,,,,,,1.348849510018462,0.7251637964572387,,,,,,,,,,,,,,,,,,,,,,,,,,,,,,,,,,,,,,,,,,,,,,,1.8600618461762943,,,,,,,1.348849510018462,0.7251637964572387,3.8028721929543097,3.380750050826965,0.045901039663879,-0.0492482033028141,0.0400200000000001,0.0378436999999998,0.5627362744969252,0.0714895647727631,0.2697763725967323,0.2191924946827841,0.1270391976004627,0.3895119341271145,1.5538191788466014,0.629892515981163,0.9921194714083668,1.5538191788466014,0.0145718177888206,0.0155807979540405,3.7447190780708897,12.60711823647295,3.163861604425947,17.724961923847694,-0.0400518075397831,0.389250579295775,-0.0450403977072828,0.0043938282701659,0.002677373649599,3.5322378823633773,73.36077644934824,3.163354229765388,-69.10150698886366,55.248841683366734,0.015412206472228,10.992224448897794,-0.0223932149116257,3.742618575405154,95.71921359929787,3.636559347412242,-54.21002910659234,,,,,3.974636671718784,84.06511408826066,3.9471862274231393,-58.25216343485933,,,,,,,,,,,,,,,,,,,,,,,,,,,,,,,,,,,,,,,,,,,,,0.0931576591325824,-0.0195885767869397,0.0983698521818776,0.0443790404085313,0.0272244184247932,0.0188720862568469,68.564,4.809098196392789,5.212452446596263,0.0106441264850407,-0.0046726442610622,-0.0030447288408194,-0.0010061520378611,0.00048430119439,-0.0001776338631434,-0.8409779559118178,-0.39140337904779,61.67599999999992,68.56399999999992,0.9490306312264892,-0.0168639533405045,,,,,,,,,,,,,,,5,0.0405733722676578,3.0,0.9999211176470586,,0.3564987096923352,,,,,,,,,,,,,-4.833024258157259,-0.1841465407214795,1.5467336897636834,1.0483302425815726,-0.1336406689977993,1.5467336897636834,4.986728546047174,53.42224500257853,100.0,0.9998695765779496,0.6748060253894612,0.0,-6.361779218324109,-4.6793826308016655,0.9236054999379788,-0.0345134895854833,-0.3717244791445055,-0.8605018145519545,3.112329145063063,72.1613957735199,1.0,0.0235564442979327,3.0,False,True,False,,0.0403754630289624,0.7803023940000005,0.6238443601576621,0.0032076061321386,0.9557015051831098,97.09809433260304,30.0,0.0,-0.1583820204925489,-0.0281260429186037,0.9885930026485082,0.5925977877393903,,0.7042252699249658,0.3814802960332311,0.4736927530711609,0.7696168928479348,0.1918164011284727,,,,,0.364,0.88,0.7200000000000001,0.5244483408045427,0.7042252699249658,0.1549295593834925,0.4541515857701999,0.2,0.1797769291204231,1.0,1.0,1.0,1.0,0.7896096259607404
30,routine_05c,4.199666,2.499928,35.253,0.0,0.0,5.025191666666667,93.69324679977402,67.996,60.77,60.506,0.0,100.0,,0.0,0.0,,,111.89073556030937,95.66003882581327,544.6798517942968,-11.890735560309352,-2.366225280357668,0.8864853893657764,0.9918950227960396,230.36629930775,228.4991857033,1.8671136044500256,-0.3659999999999996,-0.5043197883510393,,,4.199675,4.1865172,4.1718903,4.1718903,-0.0277846999999997,-0.0131578000000001,526.9902310515056,-0.0023578000000004,-0.0040086999999999,-0.0040086999999999,8.527050792668774,2.499928,2.895585,3.031815,3.031815,0.5318869999999998,0.3956569999999999,377.366502916884,0.0536020000000001,0.0451540000000001,0.0451540000000001,13.867966773783053,0.1662544381058759,30.293259831501214,0.4531084619548821,23.570954951833915,0.8007201684797172,20.39760575855098,0.3466760379881375,22.97967888700407,0.9268176956199838,16.974990802580127,1.6103667392957417,9.946377005036352,0.2076311358830063,0.2152776939119772,0.0794449630454424,0.16565972818824,,,,,,,,,,,,,,,,,,,,,,,,,,1.348849510018462,0.7251637964572387,,,,,,,,,,,,,,,,,,,,,,,,,,,,,,,,,,,,,,,,,,,,,,,1.8600618461762943,,,,,,,1.348849510018462,0.7251637964572387,3.807329840143952,3.374823662299319,0.0503586868535217,-0.0551745918304598,0.0403042999999998,0.0400369999999998,0.5655617458904966,0.0688662494536884,0.2740089727540493,0.2204186246787346,0.1217661023824306,0.3897339703053604,1.5582937602921043,0.6167632338519926,0.999878730679742,1.5582937602921043,0.017397289182392,0.0200553793995434,3.7496252534493952,12.00419639278557,3.162588764440805,18.18183967935872,-0.0413246475249251,0.3840882798353906,-0.0502026971676672,0.0044656549053745,0.0027492002848075,3.531289763022152,73.39370161006518,3.1592557729974016,-68.3133580450491,53.1094749498998,0.0154718419192217,10.854829659318636,-0.0222822212248423,3.7425961135768064,91.75431606852672,3.618821372337359,-53.62835482604957,,,,,3.982917261463181,83.38120520184341,3.936522933865882,-56.45095193248906,,,,,,,,,,,,,,,,,,,,,,,,,,,,,,,,,,,,,,,,,,,,,0.0922095397913564,-0.0236870335549257,0.0977903679808385,0.0446435836799903,0.0277150146741837,0.0189035687685064,67.707,4.7489879759518985,5.17311673675916,0.0088895165038252,-0.0052521284621013,-0.0027801855693604,-0.0005155557884706,0.0005157837060495,-0.0019322438443589,-0.901088176352708,-0.4307390888848932,60.50599999999996,67.70699999999994,0.9369324679977402,-0.0168639533405045,,,,,,,,,,,,,,,5,0.0405483012002562,3.0,0.999970588235294,,0.3535398099944116,,,,,,,,,,,,,-5.766107000495047,0.1879871833259669,1.6517227634630922,1.0576610700049505,0.1364279385551539,1.6517227634630922,8.236422947163895,113.42266731847415,100.0,0.9996379054419468,0.6490958530484814,0.0,-7.297936846238777,-5.414865396489073,1.1430511802231476,0.0580656764069247,-0.3819666500204902,-0.8285765030661874,3.110766978108108,68.13224081159615,1.0,0.0249507425522788,3.0,False,True,False,,0.0403754630289624,0.7803023940000005,0.6238443601576621,0.0032076061321386,0.9557015051831098,97.09809433260304,30.0,0.0,-0.1583820204925489,-0.0281260429186037,0.9885930026485082,0.5900178073849819,,0.8371977997807957,0.3998250239065432,0.5692862935121231,0.8514360397088186,0.2119972171388577,,,,,0.364,0.750967741935484,0.7200000000000001,0.5225133555387363,0.8371977997807957,0.184183515951775,0.5081361435665857,0.2,0.3146844442420593,1.0,1.0,1.0,1.0,0.825
40,routine_05c,4.199653,2.4999542,16.756,0.0,0.0,5.004222222222242,92.88853981508277,67.412,65.045,60.397,4.067,93.69105237031522,93.69175480383404,-6.308947629684781,600.0,1047.6637483031152,4.066516695204923,103.639019140595,87.4384382602504,504.5852306439602,-3.639019140594996,-0.727189756768836,0.8777451033638293,0.9096864156808744,248.7306627143,226.26690503450004,22.463757679799954,-0.3659999999999996,-0.5043197883510393,,,4.199693,4.186179,4.171204,4.171204,-0.0284889999999995,-0.0135139999999998,514.9965237584827,-0.0026960000000002,-0.0046949999999998,-0.0046949999999998,-3.4666565003541336,2.4999542,2.895492,3.0325723,3.0325723,0.5326181000000001,0.3955378,377.3788455638724,0.053509,0.0459113000000002,0.0459113000000002,13.880309420771482,0.1736681786922414,36.10339301981054,0.4750846907263523,29.564273999141744,0.8338655475654578,25.381399649317466,0.3425029175394212,21.499308291683366,0.913040600458946,15.236163860275532,1.5910385038045651,8.626758675683389,0.2082688020859964,0.215270036972966,0.0829876314615313,0.1636655955587019,,,,,,,,,,,,,,,,,,,,,,,,,,1.348849510018462,0.7251637964572387,,,,,,,,,,,,,,,,,,,,,,,,,,,,,,,,,,,,,,,,,,,,,,,1.8600618461762943,,,,,,,1.348849510018462,0.7251637964572387,3.84122222467376,3.3697748940294283,0.0842510713833295,-0.0602233601003505,0.0402181000000001,0.0401340000000001,0.5928044033681212,0.0652378165576116,0.2939592358171952,0.231263546733766,0.1100494803799561,0.3901177950430227,1.572495307005461,0.6000074110723004,1.0646921239758762,1.572495307005461,0.0446399466600166,0.0342569261129002,3.7529533146516094,10.381242484969938,3.159194825378133,18.43487374749499,-0.0447185865875967,0.3783836470588237,-0.055907329944234,0.0043418987139915,0.0026254440934246,4.199682397572152,-26048.56022658365,3.157137428242916,-67.02270971796591,53.46339879759519,0.0156923913684338,10.226645290581164,-0.0221593727069555,,,3.603133575676692,-53.26306248195137,,,,,,,3.9298608436090894,-55.30435599544479,,,,,,,,,,,,,,,,,,,,,,,,,,,,,,,,,,,,,,,,,,,,,0.7606021743413574,-0.0258053783094114,0.0965100951669821,0.0445374896283818,0.0279398730282315,0.0189898050656652,67.146,4.709639278557113,5.0822056800087205,0.0001548745542053,-0.0065324012759577,-0.0028862796209689,-0.0002906974344229,0.0006020200032082,-0.0106668857939789,-0.940436873747494,-0.5216501456353324,72.66836516005195,67.14599999999993,0.9288853981508276,-0.0168639533405045,,,,,,,,,,,,,,7.633364598517981e-17,5,0.0421875816441385,3.0,0.9999457647058826,,0.3535485865762836,,,,,,,,,,,,,-6.470533143048374,0.3829908031968962,1.7599966928551023,1.0647053314304835,0.2779479156040835,1.7599966928551023,9.491099342246423,124.99449879833335,100.0,0.999519071990255,0.6694425665840497,0.0,-8.023916628025212,-5.951341855923378,1.346350867579265,0.1291582545363119,-0.4463918321971299,-0.8080968013646324,3.110766978108108,67.85384065918404,1.0,0.0250524919958221,3.0,False,True,False,,0.0403754630289624,0.7803023940000005,0.6238443601576621,0.0032076061321386,0.9557015051831098,97.09809433260304,30.0,0.0,-0.1583820204925489,-0.0281260429186037,0.9885930026485082,0.6034893235210181,,0.8945271953690135,0.4223982313814864,0.7624089345928347,0.8900761010770004,0.2654468013667295,,,,,0.364,0.750967741935484,0.7200000000000001,0.5526169926407636,0.8945271953690135,0.2705944765991266,0.5850825171045128,0.4,0.3094446782645007,0.0,0.0,0.0,0.0,0.9125
50,routine_05c,4.199841,2.499978,36.461,0.0,0.0,4.995083333333314,92.4668954018712,67.106,58.944,58.676,0.0,100.0,,0.0,0.0,,,113.84704125950054,90.90394301552767,472.0237148619219,-13.847041259500545,-2.772134183847569,0.8838887690342987,1.0062812115705695,223.55566751315004,224.9598679586,-1.404200445449959,-0.3659999999999996,-0.5043197883510393,,,4.199841,4.185828,4.1704555,4.1704555,-0.0293855,-0.0140130000000002,512.1377775336505,-0.0030470000000004,-0.0054435000000001,-0.0054435000000001,-6.325402725186336,2.499978,2.894864,3.031939,3.031939,0.5319609999999999,0.394886,377.93528229437845,0.0528810000000001,0.0452780000000001,0.0452780000000001,14.436746151277532,0.1782417232597767,39.68767045311032,0.4850617210067405,32.2851924168024,0.8538869037406911,28.391843800004956,0.3640909856715886,29.157448444927965,0.9586696506475954,20.995071735440032,1.6568238971807765,13.118198721649978,0.2087416055673635,0.2197523745831525,0.0851731074301376,0.1739814902471211,,,,,,,,,,,,,,,,,,,,,,,,,,1.348849510018462,0.7251637964572387,,,,,,,,,,,,,,,,,,,,,,,,,,,,,,,,,,,,,,,,,,,,,,,1.8600618461762943,,,,,,,1.348849510018462,0.7251637964572387,3.810001832319007,3.3652948966834715,0.0530306790285761,-0.0647033574463074,0.0401449,0.0401401000000003,0.5678018538906514,0.0653194461358316,0.27856699860225,0.2216648675341762,0.1150391561567726,0.3903912359836446,1.5602902264749994,0.5980492786951408,1.0086960429200769,1.5602902264749994,0.0196373971825468,0.0220518455824385,3.7564963183646665,11.405955911823646,3.154716386469995,18.352783567134267,-0.0491970254957347,0.3723850918918918,-0.061905885111166,0.0046979177160263,0.0029814630954594,3.536925043127292,72.83161230644546,3.152849326641025,-66.35580401784414,53.26698997995992,0.0158607656983507,9.779220440881762,-0.0220329706323429,3.754841453110201,89.1495716546137,3.581436671770336,-53.31229070505708,,,,,3.967258425548216,82.97116499493288,3.9245582645710977,-54.73264792316601,,,,,,,,,,,,,,,,,,,,,,,,,,,,,,,,,,,,,,,,,,,,,0.0978448198964967,-0.0300934799113021,0.0949827574374431,0.0441726030472051,0.0281327353027455,0.019102055073149,66.847,4.554705410821647,4.972384231629415,0.0124571370727712,-0.0080597390054967,-0.0032511662021456,-9.783515990891e-05,0.0007142700106921,0.001635376724587,-1.0953707414829594,-0.6314715940146378,58.675999999999966,66.84699999999995,0.9246689540187122,-0.0168639533405045,,,,,,,,,,,,,,,5,0.0418493686840467,3.0,0.999930588235294,,0.3529656764410706,,,,,,,,,,,,,-6.907222607609564,0.425887184311331,1.8796308202050465,1.0690722260760956,0.3090791062702622,1.8796308202050465,10.240734031575055,130.08508903284795,100.0,0.999437332656419,0.6854543062970493,0.0,-8.544426537243154,-6.31789676287598,1.5322808190134969,0.1853383651478743,-0.5068800825859785,-0.8124480605337432,3.089677724216216,66.64141966370109,1.0,0.0255078899666044,3.0,False,True,False,,0.0403754630289624,0.7803023940000005,0.6238443601576621,0.0032076061321386,0.9557015051831098,97.09809433260304,30.0,0.0,-0.1583820204925489,-0.0281260429186037,0.9885930026485082,0.6107642200304196,,0.9197661862873064,0.4333306832346508,0.6536402668979772,0.9063375530300584,0.2289411947934276,,,,,0.364,0.750967741935484,0.7200000000000001,0.5380731650228148,0.9197661862873064,0.2023485609832074,0.5555624244890285,0.2,0.3642037617982778,1.0,1.0,1.0,1.0,0.825
60,routine_05c,4.1996694,2.499972,27.706,0.0,0.0,4.991611111111124,92.1485952075841,66.875,61.002,59.181,1.5050000000000026,97.5200210921794,97.5200210921794,-2.4799789078205947,180.0,,,109.6275531949772,97.0377570093458,444.14708704138775,-9.62755319497721,-1.928746647259172,0.8797167244397126,0.964411920050257,232.21010689310003,223.94619504385005,8.263911849250007,-0.3659999999999996,-0.5043197883510393,,,4.1996593,4.185571,4.169841,4.169841,-0.0298183000000005,-0.0140883,514.1176328906228,-0.0033039999999999,-0.0060580000000003,-0.0060580000000003,-4.345547368214056,2.499972,2.8938231,3.0302951,3.0302951,0.5303230999999999,0.3938511,378.3747135639192,0.0518401000000001,0.0436341000000002,0.0436341000000002,14.876177420818294,0.1855922408459509,45.44825590672399,0.5042640861746016,37.52202818651861,0.8777845951548596,31.98514011335422,0.3390401616338937,20.270932047979947,0.9104678362573136,14.911451599983804,1.5893335631161016,8.510355345230222,0.2114325563132132,0.2133222185084671,0.0886855646291845,0.1620109118216288,,,,,,,,,,,,,,,,,,,,,,,,,,1.348849510018462,0.7251637964572387,,,,,,,,,,,,,,,,,,,,,,,,,,,,,,,,,,,,,,,,,,,,,,,1.8600618461762943,,,,,,,1.348849510018462,0.7251637964572387,3.8264197161305744,3.3609406147774346,0.0694485628401437,-0.0690576393523443,0.0401477000000003,0.0400349999999996,0.582476875104167,0.0634192252685271,0.2887269387387051,0.2280436036035291,0.1088785288809716,0.3915067075628488,1.5778427741842402,0.5887616360999597,1.04046856450518,1.5778427741842402,0.0343124183960624,0.0396043932916794,3.755569318387226,10.702140280561125,3.1498429256155323,18.29375551102205,-0.0540704863501977,0.3662893235403719,-0.0680016534626859,0.0050864300519949,0.003369975431428,,,3.144299211974277,-65.7943186362425,52.65939478957916,0.0158671938485747,9.614236472945892,-0.0218942068886932,,,3.608195668033335,-53.30872513417988,,,,,,,3.914968443951316,-54.03925161548044,,,,,,,,,,,,,,,,,,,,,,,,,,,,,,,,,,,,,,,,,,,,,,-0.0386435945780503,0.0929797111137214,0.0438077796783336,0.0282829168561938,0.0192408985555487,66.632,4.540056112224448,4.8323996327556005,0.0003658251330285,-0.0100627853292184,-0.0036159895710171,5.2346393539366015e-05,0.0008531134930918,-0.0104559352151556,-1.1100200400801583,-0.7714561928884525,66.14143179900404,66.63199999999998,0.9879890083914432,-0.0168639533405045,,,,,,,,,,,,,,,5,0.0443524945186526,3.0,0.9999476470588232,,0.3523713888550636,,,,,,,,,,,,,-7.387135373816789,0.3019285978137446,2.028215765795464,1.073871353738168,0.2191186412913688,2.028215765795464,10.539009212682169,129.96240493694344,100.0,0.9994074452357158,0.7280306494776049,0.0,-9.024389411856376,-6.647124396397456,1.7302181145263256,0.2381008545534921,-0.5476558303368315,-0.8292673605728749,3.09748855899099,65.23462323914977,1.0,0.0260584167669388,3.0,False,True,False,,0.0403754630289624,0.7803023940000005,0.6238443601576621,0.0032076061321386,0.9557015051831098,97.09809433260304,30.0,0.0,-0.1583820204925489,-0.0281260429186037,0.9885930026485082,0.5145683353533633,,0.9486316504653104,0.4325309673417116,0.7050190743989251,0.2357033794503093,0.2542846757815811,,,,,0.364,0.5933333333333334,0.7200000000000001,0.4859262515150224,0.9486316504653104,0.2869610742657564,0.4068845242431318,0.4,0.4627053989502878,0.0,0.0,0.0,0.0,0.9125
70,routine_05c,4.199849,2.4999752,13.531,0.0,0.0,4.991194444444457,91.95017430724926,66.731,64.894,58.627,5.496000000000002,91.42897244358498,91.4266898629066,-8.571027556415018,840.0,1106.4899048186978,5.49760091020532,102.83077017906122,89.7963465256028,419.7673501226501,-2.8307701790612185,-0.5671528550068933,0.8723181384051101,0.8970114601336239,248.8054238345,223.18131652295,25.62410731155001,-0.3659999999999996,-0.5043197883510393,,,4.199809,4.1853523,4.1694083,4.1694083,-0.0304007000000003,-0.0144567000000002,513.8343554529641,-0.0035227000000004,-0.0064907000000005,-0.0064907000000005,-4.628824805872682,2.4999752,2.8931882,3.0288823,3.0288823,0.5289070999999996,0.3932129999999998,375.5766929204907,0.0512052,0.0422213,0.0422213,12.07815677738978,0.1926754560580371,50.99935704173881,0.5173963733363025,41.10344279588576,0.899661785898744,35.27463061199842,0.3614217931488505,28.2105804662846,0.958545138249488,20.979356847072825,1.6651086626904057,13.68383382196158,0.2141643216128805,0.2170559803375726,0.0920702909389191,0.172706012108035,,,,,,,,,,,,,,,,,,,,,,,,,,1.348849510018462,0.7251637964572387,,,,,,,,,,,,,,,,,,,,,,,,,,,,,,,,,,,,,,,,,,,,,,,1.8600618461762943,,,,,,,1.348849510018462,0.7251637964572387,3.851119460026932,3.356160491480323,0.0941483067365012,-0.0738377626494557,0.0402979000000001,0.040102,0.6049866903160013,0.0611942382921529,0.305514977392537,0.2359172217800699,0.1011497265504957,0.3899543999172012,1.581384423868681,0.5815209818462646,1.0963051148438616,1.581384423868681,0.0568222336078967,0.0431460429761201,3.758526443023295,9.5808496993988,3.1466048131169515,17.724182364729458,-0.0573085988487784,0.3594753445714285,-0.0748156324316293,0.0048600985892714,0.0031436439687045,,,3.149503651004823,-65.40755587177853,52.435731462925865,0.0159724225974545,9.328517034068136,-0.0217986259874474,,,3.611862362852407,-53.23060117322409,,,,,,,3.912921133105509,-53.40766027955777,,,,,,,,,,,,,,,,,,,,,,,,,,,,,,,,,,,,,,,,,,,,,,-0.0334391555475042,0.0905312242770997,0.0434066150376464,0.0283424999196613,0.0193492695171984,66.499,4.397729458917837,4.678792871050331,6.237275480741268e-06,-0.0125112721658401,-0.0040171542117044,0.0001119294570069,0.0009614844547415,-0.0108155230727034,-1.2523466933867695,-0.925062954593722,153.3660908940588,66.49899999999998,0.9858616002836544,-0.0168639533405045,,,,,,,,,,,,,,3.521065653859494e-16,5,0.0416367914904301,3.0,0.9999283529411764,,0.3541430203646355,,,,,,,,,,,,,-7.767124959453797,0.1220874200000207,2.2079324028537166,1.077671249594538,0.088602503316615,2.2079324028537166,10.63241285810925,127.27298460610648,100.0,0.999391787453522,0.7035500347917075,0.0,-9.484590366902196,-6.95842170332298,1.9281104321830596,0.2851319044188257,-0.5768456717936924,-0.8365669964689455,3.0951453085585583,70.35659260713544,1.0,0.0241608943385299,3.0,False,True,False,,0.0403754630289624,0.7803023940000005,0.6238443601576621,0.0032076061321386,0.9557015051831098,97.09809433260304,30.0,0.0,-0.1583820204925489,-0.0281260429186037,0.9885930026485082,0.5300520161219162,,0.9667456057717956,0.42870595307913,0.8284594311529194,0.2754649821832634,0.2934946982274171,,,,,0.364,0.76,0.7200000000000001,0.4975390120914371,0.9667456057717956,0.2924405457459682,0.4565312661606824,0.4,0.4692065936803583,0.0,0.0,0.0,0.0,0.9125
80,routine_05c,4.199653,2.499999,29.304,0.0,0.0,4.992749999999974,91.84683008832486,66.656,59.922,58.557,1.032999999999994,98.26648766571572,98.26648766571572,-1.7335123342842709,120.0,,,111.23794265878976,86.61335813730196,399.1987229583928,-11.237942658789764,-2.250852267545905,0.8780919802141373,0.9767714534420336,227.94427462075,222.6494604251,5.294814195649963,-0.3659999999999996,-0.5043197883510393,,,4.199766,4.184987,4.1688952,4.1688952,-0.0308708000000006,-0.0147790000000007,494.9014925829388,-0.0038880000000007,-0.0070038000000005,-0.0070038000000005,-23.561687675897986,2.499999,2.893773,3.0278711,3.0278711,0.5278721000000002,0.393774,374.75993139561945,0.05179,0.0412101000000002,0.0412101000000002,11.261395252518524,0.1967258058199193,54.17360778623505,0.5295070324458453,44.40624077234761,0.9129406044689852,37.2712556828951,0.3410291444656945,20.97650279173868,0.9172426200136272,15.766506775698948,1.596435406140363,8.995227450150555,0.2154858759232705,0.2136191311931541,0.0940057573891376,0.1629613506151472,,,,,,,,,,,,,,,,,,,,,,,,,,1.348849510018462,0.7251637964572387,,,,,,,,,,,,,,,,,,,,,,,,,,,,,,,,,,,,,,,,,,,,,,,1.8600618461762943,,,,,,,1.348849510018462,0.7251637964572387,3.825210179908542,3.351589776235492,0.0682390266181114,-0.0784084778942868,0.0400518999999999,0.0401429999999995,0.5851965778920397,0.0614831228514741,0.2921999156586544,0.2292333975946727,0.1050640505673238,0.3917203316882057,1.5850025627259785,0.5792184374074076,1.0473931429542582,1.5850025627259785,0.0370321211839351,0.0467641818334176,3.758536704491084,10.986533066132264,3.14249528863399,18.105442885771545,-0.0614181233317401,0.3527001395894422,-0.0815908374136156,0.0053042300653514,0.0035877754447845,3.759650323691802,89.3330357965924,3.138394707653876,-64.61080456894682,52.54428857715431,0.0160214281257315,9.052721442885773,-0.021679818061416,4.199738866141319,-2030.307728461928,3.608508884254912,-53.15919163338037,,,,,,,3.908901556952631,-52.71190912910444,,,,,,,,,,,,,,,,,,,,,,,,,,,,,,,,,,,,,,,,,,,,,0.3205701004610071,-0.0445480988984514,0.087894131174117,0.0428571647267048,0.0281338766356837,0.0194108147969667,66.43100000000001,4.260104208416841,4.528101066002226,0.0005673380953895,-0.0151483652688228,-0.004566604522646,-9.669382697063966e-05,0.0010230297345098,-0.0102544222527947,-1.3899719438877651,-1.0757547596418269,60.1542851146652,66.43099999999995,0.9847535752275144,-0.0168639533405045,,,,,,,,,,,,,,,5,0.0436387829515701,3.0,0.9999199999999998,,0.3535576963804163,,,,,,,,,,,,,-8.122998784389024,-0.1341277810430966,2.3903180079450665,1.0812299878438902,-0.0973405545364065,2.3903180079450665,8.855836987102911,80.19500092983556,100.0,0.9995786404793944,0.6856373951976558,0.0,-9.88492084843871,-7.222412355841395,2.117290993250733,0.3257805500735949,-0.5970811518890502,-0.8368184557981624,3.0881155572612613,69.03786992100065,1.0,0.0246221965125102,3.0,False,True,False,,0.0403754630289624,0.7803023940000005,0.6238443601576621,0.0032076061321386,0.9557015051831098,97.09809433260304,30.0,0.0,-0.1583820204925489,-0.0281260429186037,0.9885930026485082,0.6366689107162656,,0.9741067408842584,0.4326084949809291,0.7378498791403194,0.2958163581626223,0.2635208851900629,,,,,0.364,0.750967741935484,0.7200000000000001,0.5775016830371992,0.9741067408842584,0.2946672891174882,0.4324489043684834,0.4,0.3966050578470591,0.0,0.0,0.0,0.0,0.9125
90,routine_05c,4.1997943,2.4999912,36.461,0.0,0.0,4.995305555555581,91.74210794648148,66.58,57.733,57.423,0.0,100.0,,0.0,0.0,,,115.32399147801084,86.70922198858516,381.4565522408689,-15.32399147801084,-3.067678504865053,0.8796497315769778,1.0144471814801792,218.9660903921,222.129533238,-3.163442845899993,-0.3659999999999996,-0.5043197883510393,,,4.199839,4.184897,4.1683893,4.1683893,-0.0314496999999995,-0.0149419999999995,500.1978206956703,-0.003978,-0.0075096999999999,-0.0075096999999999,-18.265359563166555,2.4999912,2.8949502,3.0273762,3.0273762,0.5273849999999998,0.3949589999999996,371.6163530729481,0.0529671999999998,0.0407152000000001,0.0407152000000001,8.117816929847208,0.2053670790782967,60.94575579476981,0.548754990019962,49.65551042413094,0.936343869428526,40.79020921869966,0.3576110644214787,26.85876452325797,0.9498889237026787,19.886843592542427,1.6392666171869137,11.91949082593647,0.2193286951338052,0.2181530817940782,0.0981350043584135,0.1708850489724256,,,,,,,,,,,,,,,,,,,,,,,,,,1.348849510018462,0.7251637964572387,,,,,,,,,,,,,,,,,,,,,,,,,,,,,,,,,,,,,,,,,,,,,,,1.8600618461762943,,,,,,,1.348849510018462,0.7251637964572387,3.813212308519234,3.3469877083188937,0.056241155228804,-0.0830105458108851,0.0401837,0.0400897000000002,0.5772842898872165,0.061146982332317,0.2881683356816971,0.2257180971433967,0.1059217848181236,0.390999895714285,1.5732700965789554,0.5801513149403479,1.0326233116801389,1.5732700965789554,0.0291198331791119,0.0350317156863946,3.7614032808797377,12.198072144288576,3.13833463983575,17.955,-0.0655787721299798,0.3459625786445777,-0.0883283983584801,0.0053408996035246,0.0036244449829577,3.5435413059029077,69.42180177394424,3.135541647635061,-64.06420575691489,52.93503006012024,0.0160267676157492,10.241,-0.0215564474588443,3.763638749543329,89.41657024946358,3.5894854495098167,-52.9585776233991,,,,,3.969604709677665,82.30853961795178,3.899763686398201,-52.28075990545543,,,,,,,,,,,,,,,,,,,,,,,,,,,,,,,,,,,,,,,,,,,,,0.1044610826721124,-0.0474011589172662,0.0852981371035306,0.0425090680620224,0.028201029328651,0.0194582227525391,66.367,4.256,4.383655084450095,0.0132136126405947,-0.0177443593394092,-0.0049147011873283,-2.9541134003423924e-05,0.0010704376900822,0.0023918522924104,-1.3940761523046064,-1.220200741193958,57.42299999999997,66.36699999999996,0.9836307765039592,-0.0168639533405045,,,,,,,,,,,,,,,5,0.0451194104638208,3.0,0.9999136470588232,,0.3541482287999929,,,,,,,,,,,,,-8.41545699009998,-0.2748615248028854,2.5463861487074047,1.0841545699009998,-0.199475254395198,2.5463861487074047,9.812064347300618,85.3824667048464,100.0,0.9994786331330356,0.663829978155219,0.0,-10.276864111643285,-7.495218218236572,2.2867274870039416,0.3592144121180062,-0.6123956725446508,-0.8310208774154138,3.0904588076936936,71.50263959564016,1.0,0.0237732929806922,3.0,False,True,False,,0.0403754630289624,0.7803023940000005,0.6238443601576621,0.0032076061321386,0.9557015051831098,97.09809433260304,30.0,0.0,-0.1583820204925489,-0.0281260429186037,0.9885930026485082,0.6400722801479998,,0.984855447377766,0.4422021092108358,0.7369903888528606,0.3161686525043398,0.254672535672241,,,,,0.364,0.750967741935484,0.7200000000000001,0.5600542101109999,0.984855447377766,0.2166681984231085,0.4375084215600693,0.2,0.4248012372667661,1.0,1.0,1.0,1.0,0.825
100,routine_05c,4.199839,2.499963,35.402,0.0,0.0,4.998027777777752,91.5519545836606,66.442,57.731,57.46,0.0,100.0,,0.0,0.0,,,115.08894701287002,92.68083441196836,365.7878695803984,-15.088947012870022,-3.018980222550693,0.8773233123541133,1.0097021620867817,219.2319110601,221.3589345958,-2.1270235356999763,-0.3659999999999996,-0.5043197883510393,,,4.1998253,4.184712,4.168173,4.168173,-0.0316522999999993,-0.0151132999999994,498.7452820635687,-0.0041630000000001,-0.0077259999999999,-0.0077259999999999,-19.71789819526816,2.499963,2.897701,3.0280552,3.0280552,0.5280921999999997,0.3977379999999999,369.4355859892087,0.0557180000000001,0.0413942,0.0413942,5.9370498461077545,0.2143169202302769,67.95972782433458,0.5640602155695066,53.82952502706007,0.9614513426032336,44.56541031376035,0.3844188297515661,36.36853736797104,1.0067337931854168,27.061316108919097,1.721057551611671,17.50369515183513,0.2229097934899032,0.2233619842587948,0.1024117010149494,0.1836951847513177,,,,,,,,,,,,,,,,,,,,,,,,,,1.348849510018462,0.7251637964572387,,,,,,,,,,,,,,,,,,,,,,,,,,,,,,,,,,,,,,,,,,,,,,,1.8600618461762943,,,,,,,1.348849510018462,0.7251637964572387,3.8153830675269753,3.341872257553066,0.0584119142365446,-0.0881259965767129,0.0401450000000003,0.0400543999999998,0.5815830230782467,0.0601397723317879,0.2917414775053814,0.2274460707445917,0.103407028653408,0.3910810008530647,1.5801691660343136,0.5746315900178511,1.041747079675507,1.5801691660343136,0.0334185663701421,0.0419307851417527,3.762806495935068,12.205931863727454,3.1335535344551007,17.78735871743487,-0.0703598775106293,0.3386976413382898,-0.095593335664768,0.0052966418240742,0.0035801872035072,3.540399724924717,68.95764874580456,3.1447025241654982,-63.39215725326753,52.27823647294589,0.0160307025218617,9.690128256513026,-0.0214854160204527,3.764592233844675,90.30566714829288,3.5956179272134503,-52.59041536394936,,,,,3.971654423503819,82.27046660165693,3.90085601770536,-51.69421267449173,,,,,,,,,,,,,,,,,,,,,,,,,,,,,,,,,,,,,,,,,,,,,0.1013195016939225,-0.038240282386829,0.0823819019026279,0.0419812983703589,0.0281232363204439,0.0195414273772247,66.238,4.114985971943888,4.2157566237276525,0.0109840549686213,-0.0206605945403119,-0.0054424708789919,-0.0001073341422104,0.0011536423147677,0.0001622946204371,-1.5350901803607186,-1.3880992019164005,57.45999999999989,66.23799999999993,0.9815920104006616,-0.0168639533405045,,,,,,,,,,,,,,,6,0.0419610972555427,3.0,1.0,,0.3540834884164116,,,,,,,,,,,,,-8.897675223156988,-0.5573561311881977,2.753178057952751,1.08897675223157,-0.4044900650872107,2.753178057952751,11.041985228124624,92.7099355541161,100.0,0.9993418459815556,0.6785911650415352,0.0,-10.756465283014286,-7.814565887518834,2.539107679748186,0.4046811190420009,-0.6165291918993779,-0.8316903959408242,3.087334473783784,70.77284575678259,1.0,0.0240228294032823,3.0,False,True,False,,0.0403754630289624,0.7803023940000005,0.6238443601576621,0.0032076061321386,0.9557015051831098,97.09809433260304,30.0,0.0,-0.1583820204925489,-0.0281260429186037,0.9885930026485082,0.6453986561675351,,0.9913307680832328,0.4604043675731597,0.7618603861193727,0.352381053779186,0.2677669031210345,,,,,0.364,0.750967741935484,0.7200000000000001,0.5640489921256514,0.9913307680832328,0.2180927689783112,0.4606031776481882,0.2,0.4272817759575814,1.0,1.0,1.0,1.0,0.825
120,routine_05c,4.199819,2.4999752,33.79,0.0,0.0,5.001666666666667,91.30668430408004,66.264,57.708,57.416,0.0,100.0,,0.0,0.0,,,114.82636722811397,86.20668839792347,317.23902234354216,-14.826367228113952,-2.9642853505059548,0.8727735611896298,1.002174174441492,219.3728070056,219.84976175575,-0.4769547501499573,0.0279999999999915,0.0413491641561692,-0.1207251261603182,-0.0051954420601099,4.19983,4.1847153,4.167774,4.167774,-0.0320560000000007,-0.0151147000000007,514.7779449623652,-0.0041597000000006,-0.0081250000000006,-0.0081250000000006,-3.68523529647166,2.4999752,2.9039922,3.0307071,3.0307071,0.5307318999999997,0.4040169999999996,362.8271377887138,0.0620091999999998,0.0440461,0.0440461,-0.6713983543871223,0.1801089483561747,41.151010905375166,0.4998539374241151,36.31930005774772,0.8755072916666646,31.64272100321135,0.3767367321615576,33.64339403161447,0.9846711996192958,24.276764528091025,1.6801077242579456,14.707881597903423,0.205719529774914,0.2242336766399614,0.0860653640848826,0.1800242814894087,,,,,,,,,,,,,,,,,,,,,,,,,,2.1476068454171737,0.8229098412817694,,,,,,,,,,,,,,,,,,,,,,,,,,,,,,,,,,,,,,,,,,,,,,,2.6097717364420485,0.7607212718082967,0.0930914712614577,,,,,2.1476068454171737,0.8229098412817694,3.820760885565,3.3333297211090893,0.0637897322745688,-0.0966685330206895,0.0403051999999997,0.0401439999999997,0.5885023705731435,0.0576967518856947,0.2982286110027105,0.2303190361613995,0.0980399651228317,0.3913646701832168,1.5918547230619169,0.5600898363958273,1.057346291149905,1.5918547230619169,0.0403379138650389,0.0536163421693558,3.763210798103507,12.081523046092183,3.131146497388747,17.975711422845684,-0.0727669145769831,0.3274716372781063,-0.1068193397249515,0.0058232136477663,0.0041067590271994,,,3.1386247205469497,-62.2851225625669,52.23820440881763,0.0161254841517663,,,,,3.5882713357129186,-52.20508303273119,,,,,,,3.8899146360147383,-50.81078619642271,,,,,,,,,,,,,,,,,,,,,,,,,,,,,,,,,,,,,,,,,,,,,,-0.0443180860053775,0.0777483354199179,0.0412886379540879,0.0280349298176371,0.0196250017031152,65.955,3.9652304609218447,3.961698276315376,0.0054529773616077,-0.0252941610230219,-0.0061351312952628,-0.0001956406450173,0.0012372166406583,-0.0053687829865764,-1.684845691382762,-1.6421575493286769,58.248172646330005,65.95499999999996,0.9785575048732944,-0.0168639533405045,,,,,,,,,,,,,,,7,0.0450328711003179,3.0,0.9999381176470584,,0.3541395620481927,,,,,,,,,,,,,-9.451881550840358,-0.8333555116071191,3.0169078156646547,1.0945188155084036,-0.6047910954386344,3.0169078156646547,12.581659488214584,101.93179711544607,100.0,0.9991491226415378,0.5179670269462456,0.0,-11.40556529964799,-8.248197412049842,2.8796740407487795,0.4593433313997405,-0.634121497675685,-0.8182424477277204,3.0857723068288285,69.74282979904228,1.0,0.0243737572005336,3.0,False,False,False,,0.0403754630289624,0.7803023940000005,0.6238443601576621,0.0032076061321386,0.9557015051831098,97.09809433260304,30.0,0.0,-0.1583820204925489,-0.0281260429186037,0.9885930026485082,0.5489122278218093,,0.9677920213886504,0.4835572118617503,0.7498764184768062,0.4043597075685142,0.2912896953794756,,,,,0.448,0.5933333333333334,0.7200000000000001,0.511684170866357,0.9677920213886504,0.2927570864700667,0.4822707583216365,0.4,0.4561078505222933,0.0,0.0,0.0,0.0,0.9125
130,routine_05c,4.1998262,2.499989,35.15,0.0,0.0,4.995138888888889,91.02696595152467,66.061,57.124,56.837,0.0,100.0,,0.0,0.0,,,115.64491282123102,86.4473743963912,306.6288060528943,-15.644912821231015,-3.132027591070856,0.8721896929252538,1.0086430100191723,217.08118608425,218.95742095055,-1.8762348662999957,0.0279999999999915,0.0413491641561692,-0.1685617874563932,-0.0054101614984132,4.1998253,4.184316,4.167002,4.167002,-0.0328232999999995,-0.0155092999999997,527.8772979987926,-0.0045590000000004,-0.0088970000000001,-0.0088970000000001,9.414117739955827,2.499989,2.9086242,3.033574,3.033574,0.5335850000000004,0.4086352000000004,356.82793832970304,0.0666412000000002,0.0469130000000004,0.0469130000000004,-6.670597813397876,0.1838604445025822,44.09105068855059,0.5054768951374914,37.85278334626965,0.8852417818332621,33.10641500702759,0.3802516400128825,34.890270629668066,0.9921084716813048,25.21543330314911,1.6869077042813665,15.172144271143123,0.2076951724102115,0.2254134230626874,0.0878580228319933,0.1817038861215498,,,,,,,,,,,,,,,,,,,,,,,,,,2.1476068454171737,0.8229098412817694,,,,,,,,,,,,,,,,,,,,,,,,,,,,,,,,,,,,,,,,,,,,,,,2.6097717364420485,0.7607212718082967,0.0930914712614577,,,,,2.1476068454171737,0.8229098412817694,3.8193639017585377,3.3295938466651966,0.062392748468107,-0.1004044074645822,0.0402629999999999,0.0402222000000001,0.5889112488028627,0.0569723185952114,0.2992590579245279,0.2304264427443002,0.0967417734183624,0.3912753291989421,1.590548225287895,0.5561395210008069,1.059084850544731,1.590548225287895,0.0407467920947581,0.0523098443953342,3.764076590349486,12.415296593186373,3.127916442333589,17.79105210420842,-0.0759969696321407,0.3215795208270675,-0.1127114561759903,0.0061263749756802,0.0044099203551132,3.757939438633324,92.14716939384807,3.117345803055748,-61.5593358354232,52.62263326653307,0.016097674631594,,,3.974827343078781,81.18175615236852,3.585353951242473,-51.87276256026072,,,,,,,3.881825156192196,-50.31916311987708,,,,,,,,,,,,,,,,,,,,,,,,,,,,,,,,,,,,,,,,,,,,,0.3188592154025294,-0.0655970034965793,0.0752998813394645,0.0410725002846017,0.0280292371518404,0.0197049235841368,65.76100000000001,3.821781563126251,3.821373933166824,0.0095513278896021,-0.0277426151034753,-0.0063512689647491,-0.000201333310814,0.0013171385216798,-0.001270432458582,-1.8282945891783555,-1.7824818924772292,56.83699999999996,65.76099999999994,0.9755596904719712,-0.0168639533405045,,,,,,,,,,,,,,,7,0.0466240933085366,3.0,0.999934294117647,,0.3535526422530233,,,,,,,,,,,,,-10.052542043456912,-1.0839351301556726,3.169805748360228,1.1005254204345691,-0.7866442420078761,3.169805748360228,13.930003353342428,106.73751370018093,100.0,0.998952346023941,0.6665749741878635,0.0,-11.831453761934265,-8.513258593915126,3.14878050958323,0.4981423885505946,-0.6374403353620179,-0.80681355203857,3.077961472054054,69.22529055826534,1.0,0.0245558853750024,3.0,False,False,False,,0.0403754630289624,0.7803023940000005,0.6238443601576621,0.0032076061321386,0.9557015051831098,97.09809433260304,30.0,0.0,-0.1583820204925489,-0.0281260429186037,0.9885930026485082,0.6538531956015786,,0.9726573922553344,0.5027643495300115,0.7602678373750607,0.4532684075193959,0.2941117402272125,,,,,0.448,0.5256774193548388,0.7200000000000001,0.5903898967011839,0.9726573922553344,0.2942288611572387,0.5026030836629202,0.4,0.3822674955541504,0.0,0.0,0.0,0.0,0.9125
140,routine_05c,4.199796,2.499969,34.143,0.0,0.0,4.997277777777829,90.87815027627356,65.953,57.108,56.82,0.0,100.0,,0.0,0.0,,,115.48819780065844,85.69132564098676,307.1440934598254,-15.488197800658426,-3.099326971482794,0.8704972960816239,1.005321639148129,217.21854414095,218.37450284915,-1.1559587082000462,0.0279999999999915,0.0413491641561692,-0.2289283561285831,-0.0009764060869141,4.199789,4.1844363,4.1669364,4.1669364,-0.0328526,-0.0153527000000002,527.9415894256331,-0.0044387000000005,-0.0089626000000002,-0.0089626000000002,9.478409166796268,2.499969,2.9135,3.0368261,3.0368261,0.5368570999999998,0.4135309999999998,351.89703119432176,0.071517,0.0501651,0.0501651,-11.601504948779166,0.1880432167453563,47.369080657872026,0.5145671205336594,40.33185387186876,0.902692114357099,35.73027579918116,0.3796514963359607,34.677375971294126,0.9859583529725588,24.439217999114504,1.6726046239185317,14.195614001651023,0.2083137913299281,0.2269822114006379,0.0898567675875653,0.1814171064555257,,,,,,,,,,,,,,,,,,,,,,,,,,2.1476068454171737,0.8229098412817694,,,,,,,,,,,,,,,,,,,,,,,,,,,,,,,,,,,,,,,,,,,,,,,2.6097717364420485,0.7607212718082967,0.0930914712614577,,,,,2.1476068454171737,0.8229098412817694,3.822924043311334,3.3257870402392595,0.0659528900209034,-0.1042112138905193,0.0402629999999999,0.0401009999999999,0.5929872613794922,0.0558097933516802,0.30284347603197,0.2320777915562963,0.0941163444588125,0.3913706190187014,1.597332788481482,0.5499026747250775,1.068057749541115,1.597332788481482,0.0448228046713876,0.0590944075889212,3.765593842084244,13.208657314629257,3.1258564855346216,17.763997995991986,-0.0780569264311084,0.3152732435135132,-0.1190177334895445,0.0067589305302171,0.0050424759096502,3.7688189460155006,92.98718562543694,3.130572915966411,-61.04703526068013,51.9236873747495,0.0162058885286421,28.68556713426854,-0.0210408515110711,3.989203670099453,81.19463313377872,3.597717880233164,-51.64248260986536,,,,,4.198554026440705,241.15908598788232,3.881488948993375,-49.955582863521066,,,,,,,,,,,,,,,,,,,,,,,,,,,,,,,,,,,,,,,,,,,,,0.3297387227847057,-0.0523698905859162,0.0730250319747091,0.0406273239799417,0.0280601372253614,0.0197444848907525,65.661,3.684384769539072,3.6985027656462592,0.0067357298396026,-0.0300174644682307,-0.006796445269409,-0.0001704332372929,0.0013566998282956,-0.0040860305085816,-1.9656913827655345,-1.9053530599977937,56.63685056482102,65.66099999999993,0.9739647941402328,-0.0168639533405045,,,,,,,,,,,,,,,7,0.044010161864008,3.0,0.9999658823529411,,0.3541297291319351,,,,,,,,,,,,,-10.402821810916008,-1.3145058523669984,3.337279676180978,1.10402821810916,-0.9539763322383016,3.337279676180978,14.738490556563422,112.78136258708216,100.0,0.9988302030009456,0.6473506539379628,0.0,-12.183756039201391,-8.739454913418957,3.349252243939277,0.5249478570131497,-0.6430557686716944,-0.7932265248952333,3.0654641364144144,69.39678665869477,1.0,0.024495975705051,3.0,False,False,False,,0.0403754630289624,0.7803023940000005,0.6238443601576621,0.0032076061321386,0.9557015051831098,97.09809433260304,30.0,0.0,-0.1583820204925489,-0.0281260429186037,0.9885930026485082,0.65563856040898,,0.9769502256750556,0.5209198808657814,0.7808900305121664,0.4782432689019641,0.3020443282814678,,,,,0.448,0.5256774193548388,0.7200000000000001,0.5917289203067351,0.9769502256750556,0.2955274432667044,0.5205243771403449,0.4,0.3852213053683205,0.0,0.0,0.0,0.0,0.9125
150,routine_05c,4.199778,2.4999862,35.352,0.0,0.0,4.988888888888889,90.60669946123214,65.756,56.516,56.233,0.0,100.0,,0.0,0.0,,,116.34935239578172,85.92371798771214,307.562001407054,-16.34935239578172,-3.2771530414707235,0.8699095255388636,1.0121340993936851,214.9387559086,217.54684413635,-2.608088227749988,0.0279999999999915,0.0413491641561692,-0.1880899091946757,0.0040612624706021,4.1997824,4.1840534,4.166297,4.166297,-0.0334854,-0.0157290000000003,535.6933511182709,-0.0048216000000005,-0.0096020000000001,-0.0096020000000001,17.23017085943411,2.4999862,2.9189572,3.0410101,3.0410101,0.5410238999999999,0.418971,339.93200614147514,0.0769741999999999,0.0543491,0.0543491,-23.56653000162578,0.1931581263899193,51.37762478413037,0.5276714469836816,43.90564308437538,0.9183266511922428,38.08111055543455,0.3800396391799171,34.815065563540145,0.9836666401912614,24.149977641726743,1.666951415521163,13.809646155583302,0.2103370583214006,0.2279848324560195,0.0923009357693151,0.1816025811667322,,,,,,,,,,,,,,,,,,,,,,,,,,2.1476068454171737,0.8229098412817694,,,,,,,,,,,,,,,,,,,,,,,,,,,,,,,,,,,,,,,,,,,,,,,2.6097717364420485,0.7607212718082967,0.0930914712614577,,,,,2.1476068454171737,0.8229098412817694,3.8222886189355,3.322238846344797,0.0653174656450694,-0.1077594077849819,0.0401790000000001,0.0400150000000003,0.5937617429506296,0.0549935957961952,0.3042314729995916,0.2322849823478034,0.0926189611390438,0.3912090751982275,1.5956423395822847,0.5451431793371424,1.0704730498660453,1.5956423395822847,0.045597286242525,0.0574039586897239,3.76528367046051,12.959509018036073,3.126296176558779,17.978024048096188,-0.0776172354069508,0.3096186482674774,-0.1246723287355804,0.0064670032490297,0.0047505486284628,3.7751729944078223,92.8862355391356,3.120289194035296,-60.5161300968886,51.612653306613225,0.0163132401462493,,,3.967434908587723,81.47731476694548,3.556335538572319,-51.16353527684895,,,,,,,3.868033088178567,-49.75625038670013,,,,,,,,,,,,,,,,,,,,,,,,,,,,,,,,,,,,,,,,,,,,,0.3360927711770274,-0.0626536125170313,0.0709643642267983,0.0404121601522803,0.028049593539637,0.0197979440561161,65.482,3.674340681362729,3.584430990695496,0.0103772645601816,-0.0320781322161415,-0.0070116090970704,-0.0001809769230173,0.0014101589936592,-0.0004444957880025,-1.9757354709418775,-2.019424834948557,56.232999999999976,65.48199999999994,0.9710555850906728,-0.0168639533405045,,,,,,,,,,,,,,,7,0.0461450249540246,3.0,0.9999992941176468,,0.3541178970243979,,,,,,,,,,,,,-10.803383322780258,-1.4827626032194343,3.489860248847204,1.1080338332278026,-1.07608530403444,3.489860248847204,14.970186715839292,117.70810187794557,100.0,0.9987977989838572,0.6406806737672986,0.0,-12.575264179992423,-8.996651628680949,3.588314197915377,0.5548904634821609,-0.640660152562273,-0.7862082690566696,3.077961472054054,68.17822108264245,1.0,0.0249346312210073,3.0,False,False,False,,0.0403754630289624,0.7803023940000005,0.6238443601576621,0.0032076061321386,0.9557015051831098,97.09809433260304,30.0,0.0,-0.1583820204925489,-0.0281260429186037,0.9885930026485082,0.6552688660625765,,0.9809282164844346,0.5369886378881263,0.7922369117857465,0.5218569521991085,0.3047142031204987,,,,,0.448,0.5256774193548388,0.7200000000000001,0.5914516495469324,0.9809282164844346,0.2967307854865415,0.53894917624837,0.4,0.3894765669375022,0.0,0.0,0.0,0.0,0.9125
160,routine_05c,4.199758,2.499983,34.143,0.0,0.0,4.98588888888894,90.33111487743376,65.556,56.5,56.236,0.0,100.0,,0.0,0.0,,,116.0283185840708,85.27823540179389,307.9245061698322,-16.02831858407079,-3.2147364173698127,0.8680490062497548,1.007182666437326,215.1504529807,216.6958069183,-1.5453539375999696,0.0279999999999915,0.0413491641561692,-0.1477031067165392,0.0040522823008105,4.199758,4.183999,4.1662273,4.1662273,-0.0335307,-0.015759,535.0052787092368,-0.0048760000000003,-0.0096717000000001,-0.0096717000000001,16.542098450399976,2.499983,2.925312,3.0461953,3.0461953,0.5462123000000001,0.425329,333.95580500719814,0.0833289999999999,0.0595343000000001,0.0595343000000001,-29.542731135902784,0.2010946596305456,57.59746949602759,0.5395989800723867,47.15849924961214,0.9374588367328136,40.95785754232081,0.3918921036651099,39.01960270105786,1.004902632819736,26.8302027325282,1.6888828376308105,15.306994768594508,0.214510388884264,0.232042208573131,0.0960934215350722,0.1872663012679899,,,,,,,,,,,,,,,,,,,,,,,,,,2.1476068454171737,0.8229098412817694,,,,,,,,,,,,,,,,,,,,,,,,,,,,,,,,,,,,,,,,,,,,,,,2.6097717364420485,0.7607212718082967,0.0930914712614577,,,,,2.1476068454171737,0.8229098412817694,3.8258491532239134,3.3188214191153715,0.0688779999334827,-0.1111768350144073,0.0403407999999996,0.0401407000000002,0.5979323982748788,0.0539696252144926,0.3076451602033648,0.2340600373312558,0.0902604130002033,0.3914489965864917,1.6035220231652385,0.5397964560371018,1.0796681738526184,1.6035220231652385,0.0497679415667742,0.0652836422726776,3.765529733232236,13.072897795591182,3.123408468310114,17.53359118236473,-0.0805049436556157,0.3034086886407769,-0.1308822883622808,0.0062895772115667,0.0045731225909998,3.778212934024536,93.96380860517732,3.123152308260873,-59.75087315582957,51.61540681362725,0.016325092568549,,,3.969461415731837,80.9458646142643,3.57733239030127,-50.97976853219057,,,,,4.198558562721349,260.4423902010452,3.860119491270552,-49.516281604855145,,,,,,,,,,,,,,,,,,,,,,,,,,,,,,,,,,,,,,,,,,,,,0.3391327107937409,-0.0597904982914543,0.0684742928005637,0.0399699095138091,0.0281805095837727,0.0198896770085454,65.29299999999999,3.66373547094188,3.442705116384953,0.0068332640279718,-0.0345682036423761,-0.0074538597355417,-5.006087888165256e-05,0.0015018919460885,-0.0039884963202124,-1.9863406813627265,-2.1611507092591,56.06133528407893,65.29299999999986,0.9681020733652314,-0.0168639533405045,,,,,,,,,,,,,,,7,0.0439252836042662,3.0,0.9999382352941176,,0.3529629771250577,,,,,,,,,,,,,-11.475344636794226,-1.7023232998113462,3.6093600543681954,1.1147534463679425,-1.235427088372088,3.6093600543681954,16.161425514863385,121.99775478335172,100.0,0.9985795628502055,0.6649983288442947,0.0,-12.975257128638432,-9.22798760783577,3.873430105458553,0.5880957236983538,-0.6471266209324106,-0.7757233233379379,3.071712804234234,67.17659979562539,1.0,0.0253048681411633,3.0,False,False,False,,0.0403754630289624,0.7803023940000005,0.6238443601576621,0.0032076061321386,0.9557015051831098,97.09809433260304,30.0,0.0,-0.1583820204925489,-0.0281260429186037,0.9885930026485082,0.6946529991491562,,0.9851044188219784,0.5553977650068886,0.8105927459992412,0.563507938335207,0.3128811476474785,,,,,0.448,0.616,0.7200000000000001,0.6209897493618671,0.9851044188219784,0.2979940866936484,0.5605948992472038,0.4,0.3641146694601113,0.0,0.0,0.0,0.0,0.9125
170,routine_05c,4.1997824,2.4999921,35.201,0.0,0.0,4.978277777777726,90.02108222066059,65.331,55.905,55.644,0.0,100.0,,0.0,0.0,,,116.8607459082372,85.54744302092422,308.3431404810324,-16.86074590823719,-3.386863220750958,0.867462417194102,1.013723051206652,212.88720755730003,215.80866960785,-2.9214620505499624,0.0279999999999915,0.0413491641561692,-0.1070442631784646,0.0041545122981543,4.199786,4.183862,4.165893,4.165893,-0.0338929999999999,-0.0159239999999991,543.6969367894407,-0.0050129999999999,-0.0100060000000006,-0.0100060000000006,25.23375653060384,2.4999921,2.93116,3.0510871,3.0510871,0.5510950000000001,0.4311679000000001,323.7050261980804,0.0891770000000002,0.0644261000000003,0.0644261000000003,-39.79350994502056,0.20614035087718,61.55176730676393,0.5514690886124198,50.3956946913955,0.9518673910323604,43.124351541593,0.3941424692528673,39.81789622883333,1.0050752121427866,26.851984216440272,1.676515237704799,14.462607728716009,0.2165641483459243,0.2350962641964772,0.0985045135888814,0.1883416422513342,,,,,,,,,,,,,,,,,,,,,,,,,,2.1476068454171737,0.8229098412817694,,,,,,,,,,,,,,,,,,,,,,,,,,,,,,,,,,,,,,,,,,,,,,,2.6097717364420485,0.7607212718082967,0.0930914712614577,,,,,2.1476068454171737,0.8229098412817694,3.825878936764072,3.316204951178604,0.0689077834736413,-0.113793302951175,0.0405003000000001,0.0400587999999997,0.598261794931686,0.0530576854716251,0.3087213366271446,0.2342304430726801,0.0886864010390027,0.3915183036206187,1.601861617377852,0.5339711278404811,1.0817178232845484,1.601861617377852,0.0500973382235814,0.0636232364852911,3.7650430650624696,12.935278557114229,3.122799464755142,17.475587174348696,-0.0811139472105879,0.2984964014583333,-0.1357945755447245,0.0067065796144984,0.0049901249939315,3.766832059020951,94.2120062510656,3.1070179711461474,-58.7787884340179,51.40658116232465,0.0162477344070258,,,3.990237459209855,80.72850138288311,3.6245562510864873,-50.60056334825708,,,,,4.172768918775111,65.60867840022486,3.8497511056354377,-49.5676894278447,,,,,,,,,,,,,,,,,,,,,,,,,,,,,,,,,,,,,,,,,,,,,0.3277518357901563,-0.0759248354061798,0.0667947269133297,0.0397831170153355,0.0282451381401547,0.019983028479887,65.077,3.521200400801604,3.3425727727185444,0.0105117758199373,-0.0362477695296101,-0.0076406522340153,1.45676775002955e-05,0.0015952434174301,-0.0003099845282468,-2.128875751503003,-2.261283052925509,55.644000000000005,65.07699999999994,0.9812111381454448,-0.0168639533405045,,,,,,,,,,,,,,,7,0.0463076985134736,3.0,0.9999012941176472,,0.3523877239176902,,,,,,,,,,,,,-11.234093261035085,-0.8254974938032751,3.4563058893843626,1.1123409326103508,-0.5990882961778508,3.4563058893843626,17.220651184312025,116.08003884474094,100.0,0.9983969163711915,0.060400037413427,0.0,-13.32127520453971,-9.432134057981608,4.118467470871348,0.6147356401202538,-0.6565500315551436,-0.7626632023862339,3.0592154685945943,65.87499923581876,1.0,0.0258039046636639,3.0,False,False,False,,0.0403754630289624,0.7803023940000005,0.6238443601576621,0.0032076061321386,0.9557015051831098,97.09809433260304,30.0,0.0,-0.1583820204925489,-0.0281260429186037,0.9885930026485082,0.7044216030675083,,0.9868769247515656,0.5264014102337816,0.8187689261481688,0.3590346338693812,0.3153677322483799,,,,,0.448,0.616,0.7200000000000001,0.6283162023006312,0.9868769247515656,0.2985302697373487,0.5048931756249279,0.4,0.3585607224509345,0.0,0.0,0.0,0.0,0.9125
180,routine_05c,4.199768,2.4999802,34.092,0.0,0.0,4.971111111111111,89.68762487426454,65.089,55.889,55.624,0.0,100.0,,0.0,0.0,,,116.46119987833026,84.95444698797033,308.6244788003087,-16.461199878330262,-3.311372349239436,0.8661871215362541,1.0087719149326924,213.00847673935004,214.87696897725,-1.8684922378999715,0.0279999999999915,0.0413491641561692,-0.0646128607534518,0.0041812371116776,4.199766,4.183676,4.1656804,4.1656804,-0.0340856,-0.0160900000000001,536.3313692141793,-0.0051990000000001,-0.0102185999999999,-0.0102185999999999,17.868188955342475,2.4999802,2.9374442,3.057004,3.057004,0.5570238000000001,0.4374639999999998,330.46862797471124,0.0954611999999999,0.0703430000000002,0.0703430000000002,-33.02990816838968,0.2120994638409237,66.22191183100135,0.5649976503759303,54.08518062381297,0.9715675768035515,46.08650398038244,0.3875671110574899,37.4853570544292,0.9856142798135374,24.39579203217176,1.6442430159435175,12.259250087271118,0.2183064450737735,0.2357115750527253,0.1013520857474469,0.1851995962717277,,,,,,,,,,,,,,,,,,,,,,,,,,2.1476068454171737,0.8229098412817694,,,,,,,,,,,,,,,,,,,,,,,,,,,,,,,,,,,,,,,,,,,,,,,2.6097717364420485,0.7607212718082967,0.0930914712614577,,,,,2.1476068454171737,0.8229098412817694,3.8294347177360497,3.3135992255193,0.072463564445619,-0.1163990286104792,0.0402620000000002,0.0400666999999996,0.6018346111961889,0.0520928992521146,0.3117138853182399,0.2357710811306599,0.0865568351886181,0.3917539416053992,1.6084330605689927,0.5284231960148174,1.0897551514228558,1.6084330605689927,0.0536701544880843,0.0701946796764318,3.76819587356738,13.599454909819638,3.120856087905908,17.543777555110218,-0.0830573240598218,0.2935218360360361,-0.1407691409670217,0.0069053364614282,0.0051888818408613,3.772260313908422,95.53920472950014,3.117585173336483,-58.105231989055184,51.27663326653307,0.0163299810565739,,,,,3.57636664587222,-50.33866286610966,,,,,,,3.8505320280874487,-49.54752655667807,,,,,,,,,,,,,,,,,,,,,,,,,,,,,,,,,,,,,,,,,,,,,0.3331800906776272,-0.0653576332158443,0.0649245291353924,0.0395218845567696,0.0283189085780475,0.0200834396197604,64.847,3.378801603206405,3.232739528915761,0.006901091284966,-0.0381179673075474,-0.0079018846925811,8.83381153931398e-05,0.0016956545573035,-0.0039206690632182,-2.2712745490982016,-2.3711162967282924,55.5221606776669,64.84700000000004,0.9775765221831728,-0.0168639533405045,,,,,,,,,,,,,,,7,0.0484796816052216,3.0,0.999903,,0.3529754150858515,,,,,,,,,,,,,-11.688422287399836,-0.9069485646753372,3.549447693739666,1.1168842228739984,-0.6581997818418324,3.549447693739666,18.22979955402346,119.26525186762316,100.0,0.9982110747545964,0.0740699736583,0.0,-13.6937292618721,-9.639079273758052,4.399898195258105,0.6434426279069373,-0.6631808943274279,-0.7484110612371428,3.0654641364144144,64.53580701810631,1.0,0.0263394102985818,3.0,False,False,False,,0.0403754630289624,0.7803023940000005,0.6238443601576621,0.0032076061321386,0.9557015051831098,97.09809433260304,30.0,0.0,-0.1583820204925489,-0.0281260429186037,0.9885930026485082,0.6948686473692943,,0.9883693174536156,0.5373716219187847,0.8310850205648579,0.4206401668372876,0.3206304147607989,,,,,0.448,0.616,0.7200000000000001,0.6211514855269707,0.9883693174536156,0.2989817185297187,0.5274318060204323,0.4,0.3672178319266448,0.0,0.0,0.0,0.0,0.9125
190,routine_05c,4.1998453,2.499978,34.898,0.0,0.0,4.961388888888889,89.34727791327354,64.842,55.296,54.971,0.0,100.0,,0.0,0.0,,,117.26345486111111,84.34656549767126,308.90725350035086,-17.263454861111114,-3.4795609148423945,0.8662361196954772,1.0157784012097464,210.58150788735,213.90414740615,-3.322639518800002,0.0279999999999915,0.0413491641561692,-0.0234195209449119,0.0040027464548789,4.199801,4.183505,4.165257,4.165257,-0.0345439999999994,-0.0162959999999996,537.1106168653449,-0.00537,-0.0106419999999998,-0.0106419999999998,18.64743660650811,2.499978,2.943887,3.0631301,3.0631301,0.5631520999999999,0.4439090000000001,321.7010838286799,0.1019040000000002,0.0764691000000001,0.0764691000000001,-41.79745231442104,0.2187747741469055,71.45333873341767,0.5793029145356977,57.98648748847426,0.9880788323107358,48.56916360279087,0.3359239019367016,19.16547169048529,0.8752342595818892,10.464571348314909,1.465135041754112,0.0308102081360706,0.2214142910391832,0.2292784571820229,0.1045418940113193,0.1605218018808417,,,,,,,,,,,,,,,,,,,,,,,,,,2.1476068454171737,0.8229098412817694,,,,,,,,,,,,,,,,,,,,,,,,,,,,,,,,,,,,,,,,,,,,,,,2.6097717364420485,0.7607212718082967,0.0930914712614577,,,,,2.1476068454171737,0.8229098412817694,3.830774551806407,3.310748462383723,0.073803398515976,-0.1192497917460557,0.0402153000000002,0.0400639999999996,0.602882803572346,0.0508608204407006,0.3136023154783717,0.2361688773777752,0.0843626989181443,0.3917326484987972,1.6080739276292195,0.519527847086565,1.0931061340676176,1.6080739276292195,0.0547183468642414,0.0698355467366589,3.767614773750303,13.32964128256513,3.1223550254100907,16.961480961923847,-0.0815583865556393,0.2884899880000002,-0.1458009890030576,0.0071762352929737,0.0054597806724068,3.769490676350132,95.2526756125948,3.105452379266449,-57.41826720696667,51.11531863727455,0.0164285050256475,,,,,3.615800422221594,-50.01702899236994,,,,,,,3.845424560877766,-49.19935802389399,,,,,,,,,,,,,,,,,,,,,,,,,,,,,,,,,,,,,,,,,,,,,0.3304104531193368,-0.0774904272858787,0.0632088694600995,0.0393433084281764,0.0284678513242838,0.0201890785989681,64.609,3.3664008016031985,3.1308446866579662,0.0090013042091119,-0.0398336269828403,-0.0080804608211743,0.0002372808616294,0.0018012935365112,-0.0018204561390722,-2.283675350701408,-2.4730111389860867,54.97099999999996,64.60899999999995,0.9738668108497792,-0.0168639533405045,,,,,,,,,,,,,,,7,0.0469077463418122,3.0,0.9999935294117646,,0.3511787429212777,,,,,,,,,,,,,-13.208021020326388,-2.1789501401509117,3.932262704261626,1.132080210203264,-1.5813294852117208,3.932262704261626,18.964234792639985,132.80694345146404,100.0,0.9980563377306052,0.5803974857855547,0.0,-14.073317267419108,-9.862362345579893,4.679427886866889,0.6701927588936649,-0.6697412127340923,-0.7368649087189838,3.0592154685945943,63.283309753533175,1.0,0.0268631493299082,3.0,False,False,False,,0.0403754630289624,0.7803023940000005,0.6238443601576621,0.0032076061321386,0.9557015051831098,97.09809433260304,30.0,0.0,-0.1583820204925489,-0.0281260429186037,0.9885930026485082,0.7822954763789276,,0.9895004802412743,0.594877458930765,0.8347173197898451,0.4797533094241075,0.3204318102983001,,,,,0.448,0.616,0.7200000000000001,0.6867216072841956,0.9895004802412743,0.2993238952729855,0.5574449746107544,0.4,0.3027788729570787,0.0,0.0,0.0,0.0,0.9125
200,routine_05c,4.1997533,2.4999743,35.81,0.0,0.0,4.950222222222171,88.94905818968488,64.553,54.692,54.368,0.0,100.0,,0.0,0.0,,,118.0300592408396,84.70868898424551,309.6646766635217,-18.03005924083961,-3.642272696344904,0.8654788661459759,1.0215252184290422,208.29907719545,212.78276033065,-4.483683135199982,0.0279999999999915,0.0413491641561692,0.0154420683441275,0.0037102742877416,4.1997633,4.183224,4.16476,4.16476,-0.0350032999999996,-0.0165392999999998,532.8345874082039,-0.0056510000000002,-0.011139,-0.011139,14.371407149367087,2.4999743,2.951034,3.0702772,3.0702772,0.5703029000000002,0.4510597,312.58988638829743,0.109051,0.0836162000000002,0.0836162000000002,-50.90864975480349,0.2230168870992392,74.7778738942836,0.5833497515397467,59.09013386701959,0.9946624316737986,49.55908446626962,0.3300682104516105,17.088226713656223,0.8585377303432729,8.357278443408008,1.4321791540900843,-2.21922412331654,0.2242136427370146,0.2304657273560967,0.1065689948248213,0.1577236498499028,,,,,,,,,,,,,,,,,,,,,,,,,,2.1476068454171737,0.8229098412817694,,,,,,,,,,,,,,,,,,,,,,,,,,,,,,,,,,,,,,,,,,,,,,,2.6097717364420485,0.7607212718082967,0.0930914712614577,,,,,2.1476068454171737,0.8229098412817694,3.831280848945152,3.3079839613620114,0.0743096956547217,-0.1220142927677674,0.0400997999999996,0.0401778999999997,0.6036981014330883,0.0498667967626361,0.3150431940848127,0.2365415132475058,0.0826022090251069,0.3918208665655763,1.6072663272437795,0.5132859849641433,1.0960012040457694,1.6072663272437795,0.0555336447249837,0.0690279463512189,3.7687922447897577,13.837146292585173,3.121894814650672,16.88666132264529,-0.082018597315058,0.2831513518823532,-0.1511396251207046,0.0072863608218297,0.0055699062012628,3.767149445620379,95.7398001608324,3.107208751495517,-56.72559797262226,50.99042885771544,0.0163965481343361,,,3.9864149369690938,79.99032803847146,3.5826884675783752,-49.806210151639306,,,,,,,3.8429199950967865,-49.420171935499646,,,,,,,,,,,,,,,,,,,,,,,,,,,,,,,,,,,,,,,,,,,,,0.3280692223895842,-0.0757340550568104,0.0616005484031862,0.0389699665797237,0.0285764150979924,0.0202926679464001,64.324,3.0937394789579145,3.0356061886930905,0.012934445390236,-0.0414419480397536,-0.0084538026696271,0.000345844635338,0.0019048828839432,0.0021126850420518,-2.556336673346692,-2.5682496369509624,54.36799999999996,64.32399999999994,0.9695262983989668,-0.0168639533405045,,,,,,,,,,,,,,,7,0.0451958907379424,3.0,0.9999524705882352,,0.3511931625926691,,,,,,,,,,,,,-12.56587819772379,-0.7713988106645581,3.660879775825986,1.125658781977238,-0.5598272588635896,3.660879775825986,20.38128358799835,122.40989422213212,100.0,0.9977674381814507,0.0772751581181692,0.0,-14.456424863927303,-10.089051453717216,4.96596065749915,0.6960032745624297,-0.6745690442186226,-0.7242656296867533,3.0514046338198195,62.18221941723856,1.0,0.0273377054716181,3.0,False,False,False,,0.0403754630289624,0.7803023940000005,0.6238443601576621,0.0032076061321386,0.9557015051831098,97.09809433260304,30.0,0.0,-0.1583820204925489,-0.0281260429186037,0.9885930026485082,0.792887190115408,,0.99001003493003,0.5434446784724366,0.8398893829135143,0.5437567505182729,0.3234694661646227,,,,,0.448,0.616,0.7200000000000001,0.6946653925865559,0.99001003493003,0.299478035566334,0.5626400695172117,0.4,0.295344642343474,0.0,0.0,0.0,0.0,0.9125
210,routine_05c,4.1997633,2.4999702,34.546,0.0,0.0,4.937972222222274,88.44611632425283,64.188,54.682,54.423,0.0,100.0,,0.0,0.0,,,117.38414834863391,90.89082071415216,309.8508401945287,-17.384148348633914,-3.5205034711212675,0.86325758599307,1.0133275653729412,208.70789364480004,211.4894617412,-2.781568096399951,0.0279999999999915,0.0413491641561692,0.05078596480992,0.0170462400547036,4.1998343,4.183215,4.164464,4.164464,-0.0353703000000003,-0.0166193000000003,534.0517235127832,-0.0056600000000006,-0.0114350000000005,-0.0114350000000005,15.58854325394634,2.4999702,2.95764,3.0768912,3.0768912,0.576921,0.4576698000000001,304.02092802787774,0.1156570000000001,0.0902302000000001,0.0902302000000001,-59.47760811522318,0.2284892692775669,79.06656850707975,0.5926959978070143,61.63902596115196,1.0117734015279878,52.13191812745058,0.3739124818417986,32.6415209300407,0.9440425129846852,19.14895970966301,1.5387913982263732,5.059633357487858,0.2258304764016337,0.2429910137740397,0.1091839818584361,0.1786747087210628,,,,,,,,,,,,,,,,,,,,,,,,,,2.1476068454171737,0.8229098412817694,,,,,,,,,,,,,,,,,,,,,,,,,,,,,,,,,,,,,,,,,,,,,,,2.6097717364420485,0.7607212718082967,0.0930914712614577,,,,,2.1476068454171737,0.8229098412817694,3.8349207806405383,3.3062276133193675,0.0779496273501081,-0.1237706408104113,0.0401821,0.0401639999999994,0.6069025312147323,0.0490042114891148,0.317612498430587,0.2380353943525023,0.0807447802055324,0.3922135468376905,1.614138658768652,0.509691281357509,1.1033142776268463,1.614138658768652,0.0587380745066277,0.0759002778760913,3.768526827937536,13.523951903807616,3.1226347926855844,16.280178356713428,-0.0812786192801455,0.278779775767918,-0.1555112012351398,0.0071703877754132,0.0054539331548463,3.763369164064761,95.34937023057324,3.13106622832501,-55.898374091568655,49.73324248496994,0.0163426586246403,,,4.19628125365436,273.7018410691866,3.612809098294666,-49.535418778075694,,,,,,,3.841201942857861,-49.15258614694165,,,,,,,,,,,,,,,,,,,,,,,,,,,,,,,,,,,,,,,,,,,,,0.324288940833966,-0.0518765782273171,0.0601290336969578,0.0388796076048138,0.0287954675248686,0.020410570984764,63.967000000000006,3.076569138276554,2.945975090155118,0.0075391035065425,-0.042913462745982,-0.0085441616445369,0.0005648970622141,0.0020227859223071,-0.0032826568416416,-2.5735070140280527,-2.657880735488935,54.494513499565926,63.96699999999996,0.9640443363071102,-0.0168639533405045,,,,,,,,,,,,,,,7,0.0476376244515259,3.0,0.999973411764706,,0.3500093061297864,,,,,,,,,,,,,-13.132597313624483,-0.5259247257746642,3.635067188181979,1.1313259731362448,-0.381679351236447,3.635067188181979,22.16880902635536,121.17225102487782,100.0,0.9973542201150568,0.07527082522221,0.0,-14.83966854785411,-10.292047869093484,5.263530408548512,0.7212771362911516,-0.6833213778970325,-0.7052798727261553,3.0514046338198195,62.49438991314659,1.0,0.0272017184640503,3.0,False,False,False,,0.0403754630289624,0.7803023940000005,0.6238443601576621,0.0032076061321386,0.9557015051831098,97.09809433260304,30.0,0.0,-0.1583820204925489,-0.0281260429186037,0.9885930026485082,0.8629963486654851,,0.99049647450152,0.5367841175262188,0.8536774383361503,0.6163597439069031,0.3319951926463214,,,,,0.448,0.616,0.7200000000000001,0.7472472614991138,0.99049647450152,0.2996251835367098,0.5847041231038984,0.4,0.2432492130024061,0.0,0.0,0.0,0.0,0.9125
220,routine_05c,4.1998935,2.499947,35.549,0.0,0.0,4.929861111111111,88.13332782164166,63.961,54.087,53.829,0.0,100.0,,0.0,0.0,,,118.2557731062917,90.253435687372,483.367148631273,-18.2557731062917,-3.703100897740533,0.8627666436165834,1.0202713645119952,206.45191567265,210.63697770945,-4.185062036799991,-0.0549999999999926,-0.082673200354732,0.0185089414413196,0.0115374238807721,4.199806,4.183022,4.164175,4.164175,-0.0356309999999995,-0.0167839999999994,536.3365583140862,-0.0058530000000001,-0.011724,-0.011724,17.873378055249418,2.499947,2.963223,3.0833051,3.0833051,0.5833580999999999,0.463276,309.41529158414744,0.1212400000000002,0.0966441000000002,0.0966441000000002,-54.08324455895348,0.2309677330086522,81.00893541515349,0.6003666646725674,63.73095694298422,1.0182258490121392,53.10211877800944,0.3734587900679296,32.48057854421017,0.9304782972377108,17.43700058356417,1.5037683776929778,2.668467342034866,0.2268334998887841,0.2483486124644244,0.1103683199234455,0.1784579113433826,,,,,,,,,,,,,,,,,,,,,,,,,,2.29349157961866,0.9469922665479568,,,,,,,,,,,,,,,,,,,,,,,,,,,,,,,,,,,,,,,,,,,,,,,2.421869386514694,0.449829556952475,0.1056326048051038,,,,,2.29349157961866,0.9469922665479568,3.835328831534117,3.3042649490870164,0.0783576782436865,-0.1257333050427624,0.0400627999999998,0.0401032000000003,0.6074192283676088,0.0482204065311776,0.3188203777715666,0.2381311985033116,0.0793857097029446,0.3920376362520996,1.6122199471129868,0.5043445427511069,1.105011626503119,1.6122199471129868,0.0592547716595042,0.0739815662204259,3.7704592098474152,13.484218436873748,3.1235639061698706,15.8409378757515,-0.0803495057958594,0.2748260847321426,-0.1594648922709152,0.0070924757564025,0.0053760211358356,3.765976180609869,96.46362063087604,3.114583210953308,-55.50983739525123,50.16129258517034,0.0164184889158195,,,4.0000597290567015,80.75190422676553,3.583736475108983,-49.3936416263026,,,,,,,3.837000794651347,-49.2811416678707,,,,,,,,,,,,,,,,,,,,,,,,,,,,,,,,,,,,,,,,,,,,,0.3268959573790742,-0.0683595955990199,0.0588066909259925,0.0386329383417588,0.0289552111958216,0.0205695729136158,63.747,2.938238476953913,2.8589164769223783,0.01171397469223,-0.0442358055169473,-0.0087908309075919,0.0007246407331671,0.0021817878511589,0.0008922143440457,-2.7118376753506936,-2.7449393487216747,53.828999999999965,63.74699999999997,0.9614291941617688,-0.0168639533405045,,,,,,,,,,,,,,,7,0.0458549139041424,3.0,0.9999876470588231,,0.3494160810221774,,,,,,,,,,,,,-15.443478752202443,-2.801261868754914,4.235788127549784,1.1544347875220244,-2.0329597760115035,4.235788127549784,21.72323248430596,142.79755089301636,100.0,0.997448968376084,0.6075441594334747,0.0,-15.159064157688498,-10.458202248483046,5.6174188240021525,0.7495368052492051,-0.6819923162276392,-0.719713436006479,3.0506235503423422,64.58272797008894,1.0,0.0263225022143278,3.0,False,True,False,,0.0403754630289624,0.7803023940000005,0.6238443601576621,0.0032076061321386,0.9557015051831098,97.09809433260304,30.0,0.0,-0.1583820204925489,-0.0281260429186037,0.9885930026485082,0.8992650489140617,,0.935676776331737,0.6295032264394643,0.8569588226035452,0.6477521430141725,0.3338037106455841,,,,,0.448,0.616,0.7200000000000001,0.7744487866855462,0.935676776331737,0.2830422248403505,0.6170044756756916,0.4,0.1612279896461907,0.0,0.0,0.0,0.0,0.8446489818808338
230,routine_05c,4.1999493,2.4999712,22.755,0.0,0.0,4.914277777777881,87.63451972496658,63.599,57.727,53.792,3.283999999999999,94.24626813371646,94.24286538187091,-5.753731866283545,420.0,620.5450929921607,3.286060797531446,110.17201656070816,86.58941178320414,483.4971795734998,-10.172016560708158,-2.06989043368804,0.8539861242320491,0.9408537342150828,222.0313710557,208.89904457065,13.132326485049989,-0.0549999999999926,-0.082673200354732,0.078222985384421,0.0090855601372499,4.199729,4.182903,4.163608,4.163608,-0.0361209999999996,-0.016826,540.7912951337315,-0.0059720000000007,-0.0122910000000002,-0.0122910000000002,22.32811487489471,2.4999712,2.9700232,3.0903242,3.0903242,0.5903529999999999,0.4700519999999999,295.7848702699229,0.1280402,0.1036632000000001,0.1036632000000001,-67.713665873178,0.1900890525332317,48.97239794022017,0.523846726190461,42.86257185413764,0.9054384962023936,36.1432263050989,0.3607164317539792,27.96036092892065,0.8969117295583906,13.200515928471225,1.4473240133584886,-1.1852221371972802,0.2099414298491909,0.2492299087313168,0.0908343736618242,0.1723689539784136,,,,,,,,,,,,,,,,,,,,,,,,,,2.29349157961866,0.9469922665479568,,,,,,,,,,,,,,,,,,,,,,,,,,,,,,,,,,,,,,,,,,,,,,,2.421869386514694,0.449829556952475,0.1056326048051038,,,,,2.29349157961866,0.9469922665479568,3.8638342450177503,3.3008729350986,0.1068630917273196,-0.1291253190311789,0.0401869000000001,0.0400657999999998,0.6318541935101804,0.0452299191302926,0.3365125369933321,0.2478087205686484,0.0715828423627672,0.3921928874001462,1.627428404397595,0.4911593599936785,1.1556388559506026,1.627428404397595,0.0836897368020758,0.0891900235050342,3.772896751135914,12.437098196392784,3.124474061080384,15.599555110220445,-0.0794393508853463,0.2705293189937108,-0.163761658009347,0.0080832996351444,0.0063668450145775,4.199768159278492,-51798.27592943701,3.1194270340019035,-54.60242866490242,50.093867735470944,0.016468366971366,9.51192384769539,-0.0215499272417389,,,3.5794789515829155,-48.94293589866897,,,,,,,3.835334948336712,-49.30844356650479,,,,,,,,,,,,,,,,,,,,,,,,,,,,,,,,,,,,,,,,,,,,,0.7606879360476975,-0.0635157725504238,0.0575559371451033,0.0385621881252285,0.0289790658875584,0.0206132441326875,63.286,2.790164328657312,2.792182384035022,0.000156675392252,-0.0454865592978365,-0.0088615811241222,0.000748495424904,0.0022254590702305,-0.0106650849559322,-2.8599118236472947,-2.811673441609031,88.44287826933046,63.28599999999993,0.9559877944293294,-0.0168639533405045,,,,,,,,,,,,,,0.3743701398204563,7,0.0496195781304035,3.0,1.0,,0.3488103156562775,,,,,,,,,,,,,-15.840879543048914,-2.568350449892619,4.235898562422041,1.1584087954304891,-1.86392897200057,4.235898562422041,21.75491319376758,142.23457955715622,100.0,0.9974329479432716,0.6555799925274653,0.0,-15.530911239664457,-10.694324826003776,5.817286445829124,0.7647204491826785,-0.6888100879271603,-0.68512792743185,3.047499216432432,66.96464403972477,1.0,0.0253874925250328,3.0,False,True,False,,0.0403754630289624,0.7803023940000005,0.6238443601576621,0.0032076061321386,0.9557015051831098,97.09809433260304,30.0,0.0,-0.1583820204925489,-0.0281260429186037,0.9885930026485082,0.9143003958897042,,0.9236988533278988,0.6242649523635994,0.8934673321320533,0.7065415922300896,0.3618607251044742,,,,,0.448,0.616,0.7200000000000001,0.7857252969172782,0.9236988533278988,0.355624058531241,0.6465336504575541,0.6,0.1379735564106206,0.0,0.0,0.0,0.0,0.847703723718586
236,routine_05c,4.1998725,2.499968,29.488,0.0,0.0,4.905833333333334,87.37409229327712,63.41,55.07,53.769,1.036999999999999,98.1078714009415,98.1078714009415,-1.8921285990584948,120.0,,,115.14436172144542,84.31635388739947,488.6958904554665,-15.14436172144542,-3.0870110524434358,0.8569752712352597,0.9867587061744656,211.0326100733,208.23826527655,2.7943447967500106,-0.0549999999999926,-0.082673200354732,0.143947306882504,-0.0647830997846037,4.199786,4.1830544,4.163652,4.163652,-0.0361339999999996,-0.0167315999999999,544.1199467984171,-0.0058206000000007,-0.0122470000000003,-0.0122470000000003,25.656766539580303,2.499968,2.973814,3.094598,3.094598,0.59463,0.473846,303.6528923875791,0.131831,0.1079370000000001,0.1079370000000001,-59.84564375552185,0.1919559980180467,50.4355192614648,0.5261574548847409,43.492749781415455,0.9098898382898192,36.81253744628801,0.3547832984875248,25.8556442945182,0.8832879488977837,11.48103902918219,1.423405717788553,-2.818222793432937,0.2109661960604342,0.2492495948651429,0.0917264967037037,0.1695337962619201,,,,,,,,,,,,,,,,,,,,,,,,,,2.29349157961866,0.9469922665479568,,,,,,,,,,,,,,,,,,,,,,,,,,,,,,,,,,,,,,,,,,,,,,,2.421869386514694,0.449829556952475,0.1056326048051038,,,,,2.29349157961866,0.9469922665479568,3.850538446033281,3.2999740943623914,0.0935672927428505,-0.1300241597673874,0.0403495999999998,0.0400626999999995,0.620165557199926,0.0455123621927108,0.3289319586172718,0.2434576853804158,0.0733874393124976,0.3925688593214329,1.628344778998435,0.4896365043730393,1.1306669565113672,1.628344778998435,0.0720011004918215,0.0901063981058745,3.773843924666548,13.069967935871745,3.1210404132332537,15.301529058116238,-0.0828729987324763,0.2683235003061224,-0.1659674766969354,0.0082240409577749,0.006507586337208,3.76683754849758,96.23034121657874,3.116131706062809,-54.21215383155993,49.094753507014026,0.0164471239510381,,,4.197246344084315,283.016064216678,3.5554884454017057,-48.77391593096263,,,,,,,3.8347864669247382,-49.21971037342905,,,,,,,,,,,,,,,,,,,,,,,,,,,,,,,,,,,,,,,,,,,,,0.3277573252667847,-0.0668111004895184,0.0570100807969136,0.03845514364938,0.0291983899653173,0.02067960722397,63.103,2.782096192384764,2.756826093429491,0.0024901603104194,-0.0460324156460262,-0.0089686255999707,0.0009678195026629,0.0022918221615131,-0.0083316000377648,-2.8679799599198432,-2.847029732214562,54.12438846447189,63.10299999999995,0.9531468426353208,-0.0168639533405045,,,,,,,,,,,,,,,7,0.0469645155162775,3.0,0.9999438235294116,,0.3482548578464261,,,,,,,,,,,,,-16.438308322242023,-2.774439272064775,4.314394988949274,1.1643830832224202,-2.0134938129155686,4.314394988949274,22.62578361306844,145.1421291968691,100.0,0.9972422102026256,0.6223024345701528,0.0,-15.730074313495363,-10.801845560514286,6.003490413466456,0.7784038214773816,-0.6871443593458326,-0.6789797943919962,3.04828029990991,74.18672724780984,1.0,0.0229138629383355,3.0,False,True,False,,0.0403754630289624,0.7803023940000005,0.6238443601576621,0.0032076061321386,0.9557015051831098,97.09809433260304,30.0,0.0,-0.1583820204925489,-0.0281260429186037,0.9885930026485082,0.9324975098192322,,0.9251096632939888,0.632511453978385,0.8490214872104531,0.7338700051733066,0.3531797353813988,,,,,0.448,0.616,0.7200000000000001,0.7993731323644241,0.9251096632939888,0.3561672203681856,0.6421456704358859,0.6,0.1257365309295646,0.0,0.0,0.0,0.0,0.8262889291267379
237,routine_05c,4.199781,2.4999752,34.892,0.0,0.0,4.903611111111111,87.28590522646164,63.346,53.465,53.2,0.0,100.0,,0.0,0.0,,,118.48124941550546,84.39838348119851,276.97816059815034,-18.48124941550546,-3.768906015737816,0.8589804018836328,1.0177307123860582,204.2950074075,207.91730342575,-3.6222960182499833,-0.0549999999999926,-0.082673200354732,0.0665413482032973,-0.0827647668220521,4.1997843,4.182838,4.1638265,4.1638265,-0.0359578000000002,-0.0169462999999998,544.685850926217,-0.006037,-0.0120725000000003,-0.0120725000000003,26.22267066738016,2.4999752,2.9750412,3.0957541,3.0957541,0.5957789,0.475066,302.5998244486519,0.1330582000000002,0.1090931000000003,0.1090931000000003,-60.89871169444905,0.1965205983709349,54.01278713221524,0.5348958333333427,45.87586521687994,0.9192751839799258,38.223733510514286,0.3527659691176947,25.140017914481188,0.8803209169353835,11.106565669261542,1.4189847248095857,-3.1200622123312294,0.2137777694815117,0.2486044866797509,0.0939076986642882,0.1685698120274988,,,,,,,,,,,,,,,,,,,,,,,,,,2.29349157961866,0.9469922665479568,,,,,,,,,,,,,,,,,,,,,,,,,,,,,,,,,,,,,,,,,,,,,,,2.421869386514694,0.449829556952475,0.1056326048051038,,,,,2.29349157961866,0.9469922665479568,3.84013171818609,3.2980236255531943,0.0831605648956594,-0.1319746285765846,0.0401470999999999,0.0401297,0.6118178974398497,0.0455033460914103,0.3241447200811524,0.239931194809116,0.0743740029211615,0.3921611247613178,1.6182557214610385,0.4876250625428451,1.1150664578802791,1.6182557214610385,0.0636534407317451,0.0800173405684776,3.772737081332642,13.326653306613226,3.1196206743068204,15.539657314629252,-0.0842927376589095,0.26726537,-0.1670256070030578,0.0086282151091043,0.0069117604885374,3.7649387684407545,95.9802980360364,3.1007522157618426,-54.00204843921169,49.4685370741483,0.0165268236198302,29.563250501002003,-0.021486069899621,,,3.5582513315669875,-48.89235651105015,,,,,,,3.831257116553688,-49.576259672174686,,,,,,,,,,,,,,,,,,,,,,,,,,,,,,,,,,,,,,,,,,,,,0.3258585452099596,-0.0821905907904847,0.0565932771878888,0.0383130687951465,0.0291876535089833,0.0206324659433409,63.043,2.7794509018036067,2.742923572165357,0.0090671747533247,-0.046449219255051,-0.0091107004542043,0.0009570830463289,0.002244680880884,-0.0017545855948594,-2.870625250501,-2.8609322534786954,53.19999999999993,63.04299999999991,0.9521848272130112,-0.0168639533405045,,,,,,,,,,,,,,,7,0.0471780551787209,3.0,0.9999401176470588,,0.3482561485152463,,,,,,,,,,,,,-16.228323161626545,-2.520607331298488,4.313723698978986,1.1622832316162657,-1.829280358543252,4.313723698978986,22.50513952433762,145.29214053875262,100.0,0.9972619912032964,0.6257922801029671,0.0,-15.846462652507128,-10.932341923444062,5.932133341486461,0.7732109044637903,-0.6967831049563761,-0.6689560362197158,3.045155966,73.32048112744717,1.0,0.023184493252918,3.0,False,True,False,,0.0403754630289624,0.7803023940000005,0.6238443601576621,0.0032076061321386,0.9557015051831098,97.09809433260304,30.0,0.0,-0.1583820204925489,-0.0281260429186037,0.9885930026485082,0.9212846770850722,,0.9279556394530556,0.6242079062628608,0.8456721590021423,0.7426234752377228,0.3468675616568178,,,,,0.448,0.616,0.7200000000000001,0.7909635078138041,0.9279556394530556,0.2807065809345494,0.6398427755398859,0.4,0.1369921316392516,0.0,0.0,0.0,0.0,0.8022362303686903
238,routine_05c,4.199796,2.4999602,34.703,0.0,0.0,4.904027777777777,87.26248053683878,63.329,53.463,53.203,0.0,100.0,,0.0,0.0,,,118.45388399453827,84.4226183896793,268.6347776190129,-18.453883994538277,-3.763005600857447,0.8590902465651472,1.0176257640746722,204.3378513999,207.93946216020004,-3.601610760300048,-0.0549999999999926,-0.082673200354732,-0.0215822267616001,-0.1129971817053017,4.1997824,4.18296,4.163655,4.163655,-0.0361273999999998,-0.0168224000000005,545.6069359512749,-0.0059150000000007,-0.0122439999999999,-0.0122439999999999,27.14375569243805,2.4999602,2.97495,3.0957332,3.0957332,0.5957730000000003,0.4749898000000003,297.6416489843091,0.1329670000000002,0.1090722000000004,0.1090722000000004,-65.85688715879184,0.1931272393130684,51.35341864578356,0.5259207234098503,43.42818878360673,0.9123000608203738,37.17494248296276,0.3568254926006974,26.58009118078236,0.883051283174376,11.451169108754756,1.421699564390968,-2.934708920537964,0.2116926739426075,0.250985159971935,0.0922861763276608,0.1705096621557935,,,,,,,,,,,,,,,,,,,,,,,,,,2.29349157961866,0.9469922665479568,,,,,,,,,,,,,,,,,,,,,,,,,,,,,,,,,,,,,,,,,,,,,,,2.421869386514694,0.449829556952475,0.1056326048051038,,,,,2.29349157961866,0.9469922665479568,3.840720474407458,3.299474186160389,0.0837493211170272,-0.1305240679693899,0.040267,0.0401460999999998,0.6118575971603929,0.0458999552801566,0.3237122686610314,0.2400035153518619,0.0750173823013337,0.3922538781339135,1.618996543351431,0.4897745785694538,1.1150224519798169,1.618996543351431,0.0636931404522883,0.0807581624588702,3.7733548417452254,13.32740480961924,3.123092831386973,15.281887775551104,-0.0808205805787571,0.2673031616483516,-0.1669878153547062,0.0082713835398179,0.006554928919251,3.7654927747140894,96.01951035955388,3.108739279258913,-53.86956784277924,49.57794589178357,0.0165240309844061,9.7248376753507,-0.0215755012918444,,,3.552566717004156,-48.87581310415075,,,,,,,3.8342762503936574,-49.37664652711676,,,,,,,,,,,,,,,,,,,,,,,,,,,,,,,,,,,,,,,,,,,,,0.3264125514832954,-0.0742035272934145,0.0566385949925577,0.0383760745176056,0.0293055405730512,0.0207023047136976,63.022,2.778525050100207,2.73585940192847,0.0083145433513861,-0.0464039014503821,-0.0090476947317451,0.0010749701103968,0.0023145196512407,-0.002507216996798,-2.8715511022044,-2.867996423715583,53.20299999999999,63.021999999999935,0.9519292918664602,-0.0168639533405045,,,,,,,,,,,,,,,7,0.0475504814385358,3.0,0.9999077647058826,,0.3482674166652547,,,,,,,,,,,,,-16.4211420977753,-2.582710708047036,4.267104061335899,1.164211420977753,-1.8743506421509757,4.267104061335899,22.659813571491163,143.4199561575333,100.0,0.9972288273875378,0.6126604905513778,0.0,-15.815843014626196,-10.851192038397295,6.066825391218896,0.7829614957317634,-0.6885174913660138,-0.6759921246154046,3.045155966,74.11082202923764,1.0,0.0229365044598937,3.0,False,True,False,,0.0403754630289624,0.7803023940000005,0.6238443601576621,0.0032076061321386,0.9557015051831098,97.09809433260304,30.0,0.0,-0.1583820204925489,-0.0281260429186037,0.9885930026485082,0.9319071627131856,,0.9259167895285167,0.6263515589291562,0.8418593927166996,0.7449069937252325,0.3465099672900501,,,,,0.448,0.616,0.7200000000000001,0.7989303720348891,0.9259167895285167,0.2800898288323764,0.6399069781652846,0.4,0.1269864174936277,0.0,0.0,0.0,0.0,0.7847262306138485
239,routine_05c,4.1997724,2.499993,34.697,0.0,0.0,4.9025,87.17842723878027,63.268,53.464,53.2,0.0,100.0,,0.0,0.0,,,118.33757294628164,84.49769235632547,268.8195779199691,-18.337572946281625,-3.740453431164024,0.8591222966060057,1.016664474443902,204.334328545,207.73945274105,-3.405124196050025,-0.0549999999999926,-0.082673200354732,-0.1594530152073061,-0.0591895818137582,4.1997633,4.1830335,4.163631,4.163631,-0.0361323000000002,-0.0167298000000002,549.0612318686264,-0.0058415000000007,-0.0122680000000006,-0.0122680000000006,30.598051609789536,2.499993,2.9763632,3.0972283,3.0972283,0.5972352999999999,0.4763702000000003,296.4570091068966,0.1343802000000002,0.1105673,0.1105673,-67.04152703620434,0.1945385032951264,52.45942331429062,0.5329226428843823,45.337740135242974,0.9189539845172988,38.17543742931947,0.3480061483204891,23.451521540180103,0.8717120080476075,10.020022929813512,1.4068391916072376,-3.949287841380512,0.2116955871270444,0.2473673966410552,0.0929605511965624,0.1662953236490525,,,,,,,,,,,,,,,,,,,,,,,,,,2.29349157961866,0.9469922665479568,,,,,,,,,,,,,,,,,,,,,,,,,,,,,,,,,,,,,,,,,,,,,,,2.421869386514694,0.449829556952475,0.1056326048051038,,,,,2.29349157961866,0.9469922665479568,3.840870837312029,3.299179772595963,0.0838996840215986,-0.130818481533816,0.0401861000000001,0.0401397999999999,0.6121221445716359,0.0458241164945766,0.3239178839446436,0.2401373733693623,0.0748610663753137,0.392303032162659,1.6193632507337514,0.4893386717316335,1.1157858066219366,1.6193632507337514,0.0639576878635314,0.0811248698411906,3.774571179779355,13.539879759519035,3.125177263015667,15.773296593186371,-0.078736148950063,0.2668255705220885,-0.1674654064809693,0.0082889156596466,0.0065724610390797,3.7666560949331576,95.79853836630136,3.110779379180387,-53.93234082886245,49.78837675350701,0.0164487449110525,,,,,3.5418564005584274,-48.55839345299985,,,,,,,3.8365168253397512,-49.06801216478161,,,,,,,,,,,,,,,,,,,,,,,,,,,,,,,,,,,,,,,,,,,,,0.3275758717023627,-0.0721634273719402,0.0565238909669533,0.0382502178754934,0.0292340537875666,0.0207210523045293,62.967,2.6499138276553182,2.7278484768168814,0.0079658372872485,-0.0465186054759865,-0.0091735513738574,0.0010034833249122,0.0023332672420724,-0.0028559230609357,-3.0001623246492883,-2.876007348827172,53.199999999999946,62.96699999999996,0.9510123709170712,-0.0168639533405045,,,,,,,,,,,,,,,7,0.0476180882367303,3.0,0.9999372352941176,,0.3482571523753873,,,,,,,,,,,,,-16.702891589267523,-2.791702470228198,4.3412335280065735,1.1670289158926752,-2.02602223371871,4.3412335280065735,23.00282948886689,146.1001991016788,100.0,0.9971473825383536,0.6143155349395615,0.0,-15.879741812356208,-10.890757379836032,6.115624373263053,0.7864408028311188,-0.6882221319527857,-0.6761848166313436,3.045155966,73.92064094685529,1.0,0.0229961926496568,3.0,False,True,False,,0.0403754630289624,0.7803023940000005,0.6238443601576621,0.0032076061321386,0.9557015051831098,97.09809433260304,30.0,0.0,-0.1583820204925489,-0.0281260429186037,0.9885930026485082,0.9027054705078268,,0.9268161182527328,0.6337740869442712,0.8449418365383637,0.7529587795548505,0.3464053950495082,,,,,0.448,0.616,0.7200000000000001,0.7770291028808701,0.9268161182527328,0.2803618757714517,0.6445200245217484,0.4,0.1497870153718626,0.0,0.0,0.0,0.0,0.8246272769007597
240,routine_05c,4.199849,2.4999862,34.344,0.0,0.0,4.903055555555556,87.20460777424111,63.287,53.46,53.196,0.0,100.0,,0.0,0.0,,,118.38196782641226,,268.96363344655754,-18.381967826412264,-3.749084141129917,0.8588692489717646,1.016746317988703,204.3814230423,207.80405934355,-3.4226363012500087,-0.0549999999999926,-0.082673200354732,-0.1399613903891167,0.0194916248181893,4.1997724,4.183031,4.1636243,4.1636243,-0.0361480999999992,-0.0167413999999999,545.5815335476004,-0.0058440000000006,-0.0122746999999998,-0.0122746999999998,27.11835328876361,2.4999862,2.976479,3.09745,3.09745,0.5974637999999999,0.4764927999999999,294.9993314084847,0.1344959999999999,0.110789,0.110789,-68.49920473461623,0.1917393271523984,50.265714751477184,0.5267142465001339,43.644597026391736,0.9137563756578058,37.393916384907,0.3490285927906365,23.81422296410381,0.8680309474024746,9.555430985633889,1.3982636199697154,-4.534777475067959,0.2098363768070749,0.2496157289697604,0.0916229601659092,0.166783900459827,,,,,,,,,,,,,,,,,,,,,,,,,,2.29349157961866,0.9469922665479568,,,,,,,,,,,,,,,,,,,,,,,,,,,,,,,,,,,,,,,,,,,,,,,2.421869386514694,0.449829556952475,0.1056326048051038,,,,,2.29349157961866,0.9469922665479568,3.842044947783669,3.299315053720786,0.0850737944932378,-0.1306832004089928,0.0400599999999999,0.0400922999999999,0.6126379545363949,0.0456115367019233,0.3244040532384377,0.2403801200940201,0.0744510462732254,0.3923689649230504,1.6206124857286328,0.488195742901961,1.1168536472112804,1.6206124857286328,0.0644734978282903,0.0823741048360719,3.775718453261611,13.96528256513026,3.124151465196896,15.146452905811628,-0.0797619467688344,0.2664170892703863,-0.1678738877326715,0.0082717747650252,0.0065553201444583,3.7744840185214112,96.09021224919977,3.125137655888399,-53.898634805761134,49.464817635270535,0.0164767373559016,29.409362725450904,-0.0215979615854818,4.194436852355558,198.43074576142777,3.544778589268596,-48.92197684948757,,,,,,,3.8313785586188978,-49.25421505216863,,,,,,,,,,,,,,,,,,,,,,,,,,,,,,,,,,,,,,,,,,,,,0.3354037952906163,-0.0578051506639281,0.0564747715137714,0.038339671850767,0.0293528187170393,0.0207287056977959,62.984,2.650629258517029,2.724471674069658,0.0073420663790956,-0.0465677249291684,-0.0090840973985837,0.0011222482543849,0.002340920635339,-0.0034796939690885,-2.999446893787578,-2.8793841515743948,53.11828939215364,62.98399999999998,0.9512979692455694,-0.0168639533405045,,,,,,,,,,,,,,,7,0.0481330003698589,3.0,0.9999798823529408,,0.3488305470615939,,,,,,,,,,,,,-16.62306252150094,-2.7859875983482083,4.332148090193818,1.1662306252150094,-2.021874779749245,4.332148090193818,23.003884157448265,145.76206233027025,100.0,0.997147668363143,0.6244472737457858,0.0,-15.859140207536356,-10.869303959860597,6.098105547560262,0.785194936973727,-0.6944602024811506,-0.671321955902858,3.045155966,69.66474646430339,1.0,0.024402095554472,3.0,False,True,False,,0.0403754630289624,0.7803023940000005,0.6238443601576621,0.0032076061321386,0.9557015051831098,97.09809433260304,30.0,0.0,-0.1583820204925489,-0.0281260429186037,0.9885930026485082,0.9368952777534504,,0.9249539740069144,0.6336480148520648,0.8434857129610496,0.7504745374617731,0.3472281490793519,,,,,0.448,0.616,0.7200000000000001,0.8026714583150878,0.9249539740069144,0.2797985771370916,0.6437091035885598,0.4,0.1222825156918264,0.0,0.0,0.0,0.0,0.7764944024606963
