cycle,cycle_role,chg_V_cutoff,dchg_V_cutoff,chg_I_cutoff,chg_temp_avg,dchg_temp_avg,cycle_duration_h,SoHQ,dchgCapa,chgCapa,chgCCcapa,chgCVcapa,chgCapa_CCratio,chgCapa_CCratio_norm,delta_chgCapa_CCratio,chgCVtime,tau_CV,Q_CV_at_Tref,CE,CE_rev,CE_local_20,CI,CI_per_hour,VE,EE,chg_E,dchg_E,dE,Q_relax,Q_relax_pct,dSoHQ_dN,d2SoHQ,EoC_restV_init,EoC_restV_60s,EoC_restV_30m,EoC_restV_end,EoC_restV_relax,EoC_restV_relax_60s,EoC_restV_tau,delta_EoC_restV_60s,delta_EoC_restV_30m,delta_EoC_restV_end,delta_EoC_restV_tau,EoD_restV_init,EoD_restV_60s,EoD_restV_30m,EoD_restV_end,EoD_restV_relax,EoD_restV_relax_60s,EoD_restV_tau,delta_EoD_restV_60s,delta_EoD_restV_30m,delta_EoD_restV_end,delta_EoD_restV_tau,EoC_dchgR_10s,EoC_dchgR_10s_inc,EoC_dchgR_30s,EoC_dchgR_30s_inc,EoC_dchgR_60s,EoC_dchgR_60s_inc,EoD_chgR_10s,EoD_chgR_10s_inc,EoD_chgR_30s,EoD_chgR_30s_inc,EoD_chgR_60s,EoD_chgR_60s_inc,EoC_dchgR_10_60_ratio,EoD_chgR_10_60_ratio,EoC_dchgR_10s_T25,EoD_chgR_10s_T25,EoC_dchgR_10s_growth_50,R_ohmic_soc80,R_ct_soc80,tau_ct_soc80,A_diff_soc80,R_30s_total_soc80,R_ohmic_frac_soc80,R_ct_frac_soc80,R_diff_frac_soc80,R_recovery_tau1_soc80,R_recovery_tau2_soc80,V_inf_est_soc80,V_inf_rest_soc80,self_discharge_rate_soc80,dcir_fit_r2_soc80,dcir_fit_rmse_soc80,pulse_current_A_soc80,n_t_le_1s_soc80,relax_amp_ratio_soc80,relax_completeness_soc80,recovery_fit_r2_soc80,dcir_fit_valid_soc80,dcir_fit_cond_soc80,sd_fit_valid_soc80,n_points_soc80,R_ohmic_soc50,R_ct_soc50,tau_ct_soc50,A_diff_soc50,R_30s_total_soc50,R_ohmic_frac_soc50,R_ct_frac_soc50,R_diff_frac_soc50,R_recovery_tau1_soc50,R_recovery_tau2_soc50,V_inf_est_soc50,V_inf_rest_soc50,self_discharge_rate_soc50,dcir_fit_r2_soc50,dcir_fit_rmse_soc50,pulse_current_A_soc50,n_t_le_1s_soc50,relax_amp_ratio_soc50,relax_completeness_soc50,recovery_fit_r2_soc50,dcir_fit_valid_soc50,dcir_fit_cond_soc50,sd_fit_valid_soc50,n_points_soc50,R_ohmic_soc20,R_ct_soc20,tau_ct_soc20,A_diff_soc20,R_30s_total_soc20,R_ohmic_frac_soc20,R_ct_frac_soc20,R_diff_frac_soc20,R_recovery_tau1_soc20,R_recovery_tau2_soc20,V_inf_est_soc20,V_inf_rest_soc20,self_discharge_rate_soc20,dcir_fit_r2_soc20,dcir_fit_rmse_soc20,pulse_current_A_soc20,n_t_le_1s_soc20,relax_amp_ratio_soc20,relax_completeness_soc20,recovery_fit_r2_soc20,dcir_fit_valid_soc20,dcir_fit_cond_soc20,sd_fit_valid_soc20,n_points_soc20,mech_vs_chem_ratio,R_ohmic_growth_100,R_ct_growth_100,R_ratio_20_50,R_ratio_80_50,R_SOC_slope,R_SOC_curvature,R_ohmic_soc50_ff,R_ct_soc50_ff,chg_V_avg,dchg_V_avg,delta_chg_V_avg,delta_dchg_V_avg,chg_ir_drop_proxy,dchg_ir_drop_proxy,hyst_area,hyst_area_low,hyst_area_mid,hyst_area_high,hyst_frac_low,hyst_frac_high,hyst_max_dV,hyst_max_dV_low,hyst_max_dV_mid,hyst_max_dV_high,delta_hyst_area,delta_hyst_max_dV,chg_plateau_V,chg_plateau_width,dchg_plateau_V,dchg_plateau_width,delta_dchg_plateau_V,dchg_V_cutoff_margin,delta_dchg_V_cutoff_margin,dchg_shape_DTW,delta_dchg_shape_DTW,chg_dQdV_peak1_V,chg_dQdV_peak1,dchg_dQdV_peak1_V,dchg_dQdV_peak1,chg_dVdQ_peak1_Q,chg_dVdQ_peak1,dchg_dVdQ_peak1_Q,dchg_dVdQ_peak1,chg_dQdV_peak2_V,chg_dQdV_peak2,dchg_dQdV_peak2_V,dchg_dQdV_peak2,chg_dVdQ_peak2_Q,chg_dVdQ_peak2,dchg_dVdQ_peak2_Q,dchg_dVdQ_peak2,chg_dQdV_peak3_V,chg_dQdV_peak3,dchg_dQdV_peak3_V,dchg_dQdV_peak3,chg_dVdQ_peak3_Q,chg_dVdQ_peak3,dchg_dVdQ_peak3_Q,dchg_dVdQ_peak3,chg_dQdV_peak4_V,chg_dQdV_peak4,dchg_dQdV_peak4_V,dchg_dQdV_peak4,chg_dVdQ_peak4_Q,chg_dVdQ_peak4,dchg_dVdQ_peak4_Q,dchg_dVdQ_peak4,chg_dQdV_peak5_V,chg_dQdV_peak5,dchg_dQdV_peak5_V,dchg_dQdV_peak5,chg_dVdQ_peak5_Q,chg_dVdQ_peak5,dchg_dVdQ_peak5_Q,dchg_dVdQ_peak5,chg_dQdV_peak6_V,chg_dQdV_peak6,dchg_dQdV_peak6_V,dchg_dQdV_peak6,chg_dVdQ_peak6_Q,chg_dVdQ_peak6,dchg_dVdQ_peak6_Q,dchg_dVdQ_peak6,chg_dQdV_peak7_V,chg_dQdV_peak7,dchg_dQdV_peak7_V,dchg_dQdV_peak7,chg_dVdQ_peak7_Q,chg_dVdQ_peak7,dchg_dVdQ_peak7_Q,dchg_dVdQ_peak7,chg_dQdV_peak8_V,chg_dQdV_peak8,dchg_dQdV_peak8_V,dchg_dQdV_peak8,chg_dVdQ_peak8_Q,chg_dVdQ_peak8,dchg_dVdQ_peak8_Q,dchg_dVdQ_peak8,delta_chg_dQdV_peak1_V,delta_dchg_dQdV_peak1_V,dchg_dVdQ_SOC0,dchg_dVdQ_SOC5,dchg_dVdQ_SOC10,dchg_dVdQ_SOCmid,dchg_dVdQ_SOC0_Q,dchg_dVdQ_SOC0_cliff_width,dchg_dVdQ_SOC0_to_mid_ratio,chg_dVdQ_SOC100,delta_dchg_dVdQ_SOC0,delta_dchg_dVdQ_SOC5,delta_dchg_dVdQ_SOC10,delta_dchg_dVdQ_SOCmid,delta_chg_dVdQ_SOC100,delta_dchg_dVdQ_SOC0_cliff_width,delta_dchg_dVdQ_SOC0_to_mid_ratio,chg_dQdV_area_sum,dchg_dQdV_area_sum,RCF,RCF_slope_100,PER,eta_SOC20,eta_SOC50,eta_SOC80,eta_max,eta_mean,eta_argmax_SOC,eta_slope_lowSOC,Reff_scale,Reff_shape_fit_r2,Reff_resid_soc20,Reff_resid_soc50,Reff_resid_soc80,I_inf_norm,pulse_sample_count_1s,pulse_current_stability,rest_sufficiency,leg_completeness,relax_completeness_max,samples_per_mV,ocv_V_inf_soc80,ocv_V_inf_soc50,ocv_V_inf_soc20,ocv_spread_20_80,ocv_spread_50_80,ocv_spread_20_50,ocv_parallel_shift,ocv_spread_compression,delta_ocv_V_inf_soc80,delta_ocv_V_inf_soc50,delta_ocv_V_inf_soc20,delta_ocv_spread_20_80,LAM_curve_proxy,LLI_curve_proxy,R_curve_proxy,dchg_fit_scale,dchg_fit_offset,dchg_fit_dR,dchg_fit_residual_rms,dchg_fit_residual_max,dchg_fit_residual_argmax_SOC,dchg_fit_r2,dchg_fit_corr_s_o,dchg_fit_residual_argmax_DOD,dQV_min,dQV_mean,dQV_var,dQV_log_var,dQV_skew,dQV_kurtosis,dQV_argmin_V,dqdv_snr,quality_score,v_noise_sigma,dQV_ref_cycle,temperature_available,Q_relax_significant,dchg_fit_degenerate_flag,eta_valid,fade_exponent_b_se,dQV_valid_V_range,fade_exponent_b,fade_exponent_a,fade_fit_r2,fade_sohq0,knee_cycle_bw,knee_severity,knee_slope_before,knee_slope_after,knee_fit_r2,LAM_PE_pattern_score,LAM_NE_pattern_score,contact_loss_score,LLI_pattern_score,interface_R_score,solid_diffusion_score,SE_decomposition_score,microshort_score,impedance_pattern_score,transport_limitation_score,plating_risk_score,contact_loss_confidence,LAM_PE_confidence,LLI_confidence,PE_side_score,contact_stack_score,NE_side_score,shared_side_score,si_cosign,dominance_margin,pe_peak_hits,pe_peak_hits_delta,fc_ocp_hits,fc_ocp_hits_delta,electrode_confidence
7,routine_05c,4.1999555,2.499973,35.864,0.0,0.0,5.160763888888889,97.60512469819824,69.937,66.245,65.968,0.0,100.0,,0.0,0.0,,,105.57325081138198,100.03574645752606,,-5.573250811381982,-1.0799274935598535,0.8980816551877366,0.94813399832236,249.8700238655,236.9102647885,12.959759077,-0.4209999999999922,-0.5875539056285043,,,4.19987,4.1888466,4.175578,4.175578,-0.0242919999999999,-0.0110234,499.9631769875859,-0.0003204000000005,-0.0005250000000005,-0.0005250000000005,-33.7480592436296,2.499973,2.908699,3.0341792,3.0341792,0.5342062000000003,0.4087260000000001,359.74282104800346,0.059123,0.0406222,0.0406222,0.6040567021382799,0.1650385460565388,28.04251507778187,0.4486081091269237,19.27517340329777,0.7894896718335459,15.38815362631197,0.286710753364868,2.3389924176760744,0.77311085055607,0.5541265076061003,1.3653928247972391,-3.480799807822636,0.2090445916451902,0.2099840779575244,0.0788639469833911,0.1370052160129243,,,,,,,,,,,,,,,,,,,,,,,,,,1.3936645148545057,0.7243859171156954,,,,,,,,,,,,,,,,,,,,,,,,,,,,,,,,,,,,,,,,,,,,,,,1.923925468352136,,,,,,,1.3936645148545057,0.7243859171156954,3.787745935385338,3.397390973979321,0.0296204751980275,-0.0337085457870127,0.0401487,0.0401093000000001,0.5547763590624387,0.0788845641976583,0.2575168396135779,0.2160548272199658,0.1421916469745966,0.3894449063855105,1.545982611639129,0.669922071811889,0.970936606685474,1.545982611639129,0.00894009800349,0.0112314605972345,3.722861869424917,15.070845691382765,3.162898811247671,16.76945891783567,-0.0376676582170536,0.4045160517977528,-0.0327515255607377,0.0038582948703441,0.00216471881551,3.4886049584871444,79.77484105732837,3.1637154590029475,-70.45402663708548,58.168176352705416,0.0152196351633478,12.15785771543086,-0.0227777837751526,3.7137118372970814,102.58618364197794,3.642419399105609,-54.886614235198834,,,,,3.9600054144983527,85.42838171949559,3.973412512122512,-62.16530211531401,,,,,,,,,,,,,,,,,,,,,,,,,,,,,,,,,,,,,,,,,,,,,0.0519249593985029,-0.0140386037730388,0.1016854121754371,0.0448959647485775,0.026338365507878,0.0190698284845424,69.733,4.751346693386779,5.33226674051426,0.0110209262357745,-0.0025303992377397,-0.0036300902534129,-0.0019595210080135,0.0004622530618153,-0.0022722702653053,-0.8277635270541026,-0.2684528076053105,65.96799999999993,69.73299999999989,0.9760512469819824,-0.0150558427670428,,,,,,,,,,,,,,,6,0.0384412723284635,3.0,1.0,,0.3617595135693346,,,,,,,,,,,,,-2.589318376564776,-0.6975872201271494,1.2149368732457158,1.0258931837656478,-0.4998421708377064,1.2149368732457158,6.575375060177082,58.486001601461446,99.46523299541016,0.9997770323146832,0.4066097759281807,0.5347670045898452,-4.10464911542303,-2.9068656146218554,0.4806098236325441,-0.3182073564904246,-0.3301779340656411,-1.004282700221529,3.1189897125065067,71.4853009907188,1.0,0.0237814540393516,3.0,False,True,False,,0.0421730863262289,0.7872698859999998,0.6066070608770795,0.0034503588864231,0.9484115603167071,97.3692657669602,30.0,0.0,-0.1653536645276811,-0.0269267253026856,0.9858077566017246,0.6113261801361636,,0.8081596296889473,0.3582735406719559,0.4062768725245463,0.4454223949691092,0.127013763547605,,,,,0.52,0.88,0.7200000000000001,0.5584946351021227,0.8081596296889473,0.1777951185315684,0.3342466429283041,0.2,0.2496649945868245,1.0,0.0,1.0,0.0,0.8687499999999999
8,routine_05c,4.200044,2.4999743,11.389,0.0,0.0,5.119722222222222,97.3692657669602,69.768,69.962,67.428,1.9990000000000092,97.12071672404107,97.1249774274908,-2.879283275958926,420.0,736.8212135385439,1.9959543585364048,99.72270661216088,91.87019837174635,,0.2772933878391228,0.0541618032782183,0.888852986329552,0.8863882557708496,266.50457756885,236.2265276662,30.27804990264997,-0.4209999999999922,-0.5875539056285043,,,4.19991,4.188965,4.175734,4.175734,-0.0241759999999997,-0.0109450000000004,510.1303165154375,-0.0002020000000007,-0.000369,-0.000369,-23.58091971577801,2.4999743,2.9083722,3.0349753,3.0349753,0.5350010000000003,0.4083979000000002,355.2768162126047,0.0587962000000001,0.0414183000000001,0.0414183000000001,-3.861948133260512,0.171374464438735,32.9581359698008,0.4605282374852163,22.44447718537153,0.8074819404634003,18.017820271508096,0.2563542381137995,-8.496510428471597,0.6937951449369085,-9.762015726243948,1.2477716727518582,-11.795402986426955,0.212233185475809,0.2054496377117066,0.0818915762453056,0.1224993041119517,,,,,,,,,,,,,,,,,,,,,,,,,,1.3936645148545057,0.7243859171156954,,,,,,,,,,,,,,,,,,,,,,,,,,,,,,,,,,,,,,,,,,,,,,,1.923925468352136,,,,,,,1.3936645148545057,0.7243859171156954,3.8276588856009246,3.395571700990384,0.0695334254136139,-0.0355278187759497,0.0400618999999999,0.0400566999999991,0.5810683931614391,0.074657013173966,0.2771966241615476,0.2268215792565072,0.1284823164580971,0.3903526364984871,1.5618181557301591,0.6461975268742268,1.038591560044325,1.5618181557301591,0.0352321321024904,0.0270670046882646,3.726386621369215,12.836857715430869,3.1625795596773942,16.869436873747496,-0.0379869097873304,0.4027480781458967,-0.0345194992125938,0.0037405630774521,0.0020469870226181,,,3.158385999970596,-70.10741740008032,56.928673346693394,0.0151798009112583,11.989847695390782,-0.0227133854798818,,,3.6427100135409782,-54.69400615789402,,,,,,,3.973194593870596,-61.53038984155684,,,,,,,,,,,,,,,,,,,,,,,,,,,,,,,,,,,,,,,,,,,,,,-0.0193680628053902,0.1011272117565857,0.0449322236730712,0.0264950815890823,0.0190562980201602,69.569,4.740172344689384,5.306760612664653,7.988467162881171e-05,-0.003088599656591,-0.0035938313289192,-0.0018028049268092,0.0004487225974331,-0.013213311829451,-0.8389378757514976,-0.2939589354549179,68.76258263921815,69.56899999999993,0.973692657669602,-0.0150558427670428,,,,,,,,,,,,,,4.7529431990701165e-18,5,0.0367814182217338,3.0,1.0,,0.3575835982520043,,,,,,,,,,,,,-2.753100987828283,-0.6435061405710504,1.2630766470675143,1.0275310098782828,-0.4610914549033748,1.2630766470675143,6.499552653478482,57.96392544791917,99.4825708061002,0.999778433601004,0.5106430487768129,0.5174291938997821,-4.3277949122457855,-3.0846393167959745,0.5053320745872953,-0.2964231352178987,-0.3722859438080662,-0.9780135353909828,3.113473306898899,75.43156635500061,1.0,0.0225409835982715,3.0,False,True,False,,0.0421730863262289,0.7872698859999998,0.6066070608770795,0.0034503588864231,0.9484115603167071,97.3692657669602,30.0,0.0,-0.1653536645276811,-0.0269267253026856,0.9858077566017246,0.5184560540040475,,0.8663668846137429,0.342178313848888,0.6476544104872017,0.4824302158647898,0.2059826927476384,0.0921687968675997,,,,0.52,0.76,0.925,0.4388420405030356,0.8663668846137429,0.2620759825956573,0.3540828859632235,0.4,0.4275248441107073,0.0,0.0,0.0,0.0,0.8687499999999999
9,routine_05c,4.200026,2.499969,36.49,0.0,0.0,5.109402777777779,97.11247261105603,69.584,64.096,63.768,0.0,100.0,,0.0,0.0,,,108.56215676485272,95.97321223269716,,-8.56215676485273,-1.675764690560694,0.8957930744624083,0.9724922817865737,242.14017356405003,235.4794499015,6.660723662550026,-0.4209999999999922,-0.5875539056285043,,,4.1998253,4.188591,4.175164,4.175164,-0.0246612999999999,-0.0112342999999999,525.5281177951215,-0.0005760000000005,-0.0009390000000006,-0.0009390000000006,-8.183118436093991,2.499969,2.907273,3.0347621,3.0347621,0.5347930999999999,0.4073039999999999,369.86962219547627,0.0576970000000001,0.0412050999999999,0.0412050999999999,10.730857849611084,0.1722494105390107,33.63694890116541,0.4686102735937139,24.593315422310354,0.8170241123338495,19.412459914049503,0.2659712507991217,-5.063798621421238,0.7225475429417186,-6.0223550239097285,1.2854812697272475,-9.129723136985511,0.2108253697029528,0.2069040265795201,0.0823096707118058,0.1270948098085059,,,,,,,,,,,,,,,,,,,,,,,,,,1.3936645148545057,0.7243859171156954,,,,,,,,,,,,,,,,,,,,,,,,,,,,,,,,,,,,,,,,,,,,,,,1.923925468352136,,,,,,,1.3936645148545057,0.7243859171156954,3.797205080354567,3.3935646332540714,0.0390796201672563,-0.0375348865122622,0.040181,0.0401091999999998,0.5567302194826083,0.0754405322322581,0.2620171329132245,0.2169755866366065,0.1355064438613878,0.3897320085089878,1.5473817938927723,0.647363110477583,0.9785554780886908,1.5473817938927723,0.0108939584236595,0.012630642850878,3.731702609323352,13.929282565130258,3.158630582802868,16.826032064128256,-0.0419358866618564,0.4008513610389608,-0.0364162163195298,0.0034824181676356,0.0017888421128015,3.512401976944887,76.59464329332714,3.1585044639850883,-70.05966571346895,56.3560881763527,0.01526504432634,11.958997995991982,-0.0227537131907436,3.7431852391543794,99.65286699531768,3.642774817967165,-54.75581241934755,,,,,3.96755736869908,85.53266952314775,3.9712022770825737,-61.24070779851296,,,,,4.18180515448854,85.38247342218168,,,,,,,,,,,,,,,,,,,,,,,,,,,,,,,,,,,,,,,0.0757219778562454,-0.019249598790898,0.1007921701620232,0.0448334410823415,0.0265889732459617,0.019074046675367,69.39,4.727975951903815,5.284257288317848,0.0119037923934225,-0.0034236412511536,-0.0036926139196489,-0.0017089132699299,0.0004664712526399,-0.0013894041076573,-0.8511342685370664,-0.3164622598017228,63.76799999999999,69.39000000000003,0.9711247261105606,-0.0150558427670428,,,,,,,,,,,,,,,5,0.0396400431858635,3.0,1.0,,0.3582228616771536,,,,,,,,,,,,,-2.9826579059672342,-0.6178934777248188,1.316169321961946,1.0298265790596723,-0.4427392135941644,1.316169321961946,6.481886409551548,57.75246652126764,99.4883881352035,0.9997802170198684,0.5439638740675153,0.5116118647965049,-4.585530766386782,-3.2890519242174285,0.5499323865399357,-0.2596907031552868,-0.3694218135333689,-0.9606746854969286,3.118201654562563,75.23686290244703,1.0,0.0225960909907197,3.0,False,True,False,,0.0421730863262289,0.7872698859999998,0.6066070608770795,0.0034503588864231,0.9484115603167071,97.3692657669602,30.0,0.0,-0.1653536645276811,-0.0269267253026856,0.9858077566017246,0.6357591044243716,,0.8729817179241811,0.3694357126859188,0.4752205819524679,0.5208499957372525,0.1450981123283432,,,,,0.52,0.88,0.7200000000000001,0.5268193283182787,0.8729817179241811,0.1920559779433198,0.3776511006759956,0.2,0.3461623896059024,1.0,0.0,1.0,0.0,0.825
10,routine_05c,4.200026,2.4999871,24.157,0.0,0.0,5.104736111111108,96.8514926102187,69.397,66.782,64.08200000000001,1.9669999999999987,97.02190797741072,97.02190797741072,-2.97809202258928,240.0,,,103.91572579437572,89.31654106085276,636.5103891339378,-3.915725794375732,-0.7670770259509901,0.8906654479909607,0.9255414646795348,253.63444693975,234.7491975138,18.885249425950008,-0.4209999999999922,-0.5875539056285043,,,4.1999955,4.1885953,4.175125,4.175125,-0.0248704999999995,-0.0114001999999997,515.6039986498863,-0.0005717,-0.0009779999999999,-0.0009779999999999,-18.107237581329173,2.4999871,2.906764,3.034786,3.034786,0.5347989000000002,0.4067769000000001,369.6173400265925,0.057188,0.0412289999999999,0.0412289999999999,10.478575680727316,0.17469974028097,35.53799802227729,0.4745377657371154,26.169307114985877,0.830080547150759,21.32072795125711,0.2743121026090767,-2.0866017073952627,0.7436758705659409,-3.2743137471742028,1.3235649849842022,-6.437596980914828,0.2104611906406248,0.2072524626453085,0.0834805649027635,0.1310804998830614,,,,,,,,,,,,,,,,,,,,,,,,,,1.3936645148545057,0.7243859171156954,,,,,,,,,,,,,,,,,,,,,,,,,,,,,,,,,,,,,,,,,,,,,,,1.923925468352136,,,,,,,1.3936645148545057,0.7243859171156954,3.816060286462801,3.391986323837184,0.0579348262754901,-0.0391131959291497,0.0401032999999997,0.0400629999999999,0.571861865159651,0.0741176848094955,0.2720336950853994,0.2233693317086159,0.1296076715813241,0.3906001524446051,1.562705011511151,0.6431203204870095,1.012748935377452,1.562705011511151,0.0260256041007023,0.0279538604692564,3.732139382949741,13.186442885771545,3.159283203185121,17.059040080160322,-0.0412832662796036,0.3997005867613636,-0.0375669905971269,0.0035630645935311,0.001869488538697,4.199825597552254,-8194.422411775475,3.159062923238451,-70.25240647587242,56.07568136272546,0.0153384709684037,11.788767535070145,-0.0227940354353838,,,3.640648262537125,-54.38715285501646,,,,,,,3.967521247396599,-61.01720143477153,,,,,,,,,,,,,,,,,,,,,,,,,,,,,,,,,,,,,,,,,,,,,0.7631455984636122,-0.0186911395375353,0.1009296428396155,0.0447986931599208,0.0266341918426911,0.0190783210878302,69.20700000000001,4.715507014028049,5.290279075132921,0.0002202919555544,-0.0032861685735613,-0.0037273618420695,-0.0016636946732005,0.0004707456651031,-0.0130729045455254,-0.863603206412833,-0.3104404729866497,66.93991790392104,69.20699999999991,0.9685149261021868,-0.0150558427670428,,,,,,,,,,,,,,,5,0.0360481524267146,3.0,1.0,,0.3576371922445199,,,,,,,,,,,,,-3.2241505330806053,-0.6113750706060332,1.3677933804105196,1.032241505330806,-0.4380685793413411,1.3677933804105196,6.405869128665445,56.5458533502321,99.4970964162716,0.9997858732881244,0.5081051196858661,0.5029035837284032,-4.818710840247078,-3.4784847834760244,0.5951877377326611,-0.2253460248571113,-0.3387312280120352,-0.9464719066762028,3.1308105816656657,74.54834108856127,1.0,0.022804624156296,3.0,False,True,False,,0.0421730863262289,0.7872698859999998,0.6066070608770795,0.0034503588864231,0.9484115603167071,97.3692657669602,30.0,0.0,-0.1653536645276811,-0.0269267253026856,0.9858077566017246,0.6050633906625721,,0.8899155724465235,0.3730784632405622,0.5424387863472666,0.5578466256866791,0.1835859185368218,,,,,0.52,0.88,0.7200000000000001,0.5037975429969291,0.8899155724465235,0.2691994606650734,0.4142374484528325,0.4,0.3861180294495944,0.0,0.0,0.0,0.0,0.8687499999999999
20,routine_05c,4.199982,2.499948,34.845,0.0,0.0,5.051997222222223,95.04835805897868,68.105,61.983,61.667,0.0,100.0,,0.0,0.0,,,109.87690173111984,89.21077747595623,577.9955572002914,-9.87690173111983,-1.955048923557261,0.8882380117032724,0.9759684072576572,234.84196758445,229.19834106065,5.643626523799952,-0.4209999999999922,-0.5875539056285043,,,4.199983,4.1875234,4.1732273,4.1732273,-0.0267556999999998,-0.0124595999999996,522.7319217694057,-0.0016436000000004,-0.0028757000000005,-0.0028757000000005,-10.979314461809736,2.499948,2.904184,3.0365791,3.0365791,0.5366311000000001,0.404236,379.6367965117606,0.0546079999999999,0.0430220999999999,0.0430220999999999,20.49803216589544,0.154737837987764,20.05087555039477,0.43586743840163,15.887705189690918,0.7674316426853478,12.164254255804966,0.3054779117566439,9.037771789627689,0.826497695852541,7.497849509193961,1.4609481576978045,3.273977380221712,0.2016307764510663,0.2090956548643197,0.0739417362972344,0.1459731342344705,,,,,,,,,,,,,,,,,,,,,,,,,,1.3936645148545057,0.7243859171156954,,,,,,,,,,,,,,,,,,,,,,,,,,,,,,,,,,,,,,,,,,,,,,,1.923925468352136,,,,,,,1.3936645148545057,0.7243859171156954,3.808227537977362,3.380506505319321,0.0501020777900516,-0.0505930144470121,0.0401329999999999,0.0382533,0.5639620786209825,0.0700208255199985,0.2718871029848395,0.2197802601274302,0.1241587478562665,0.3897075148471751,1.5567600024240429,0.6180963213029074,0.9964683419336584,1.5567600024240429,0.0181258175620337,0.0220088513821483,3.748237387144672,12.481697394789574,3.1626869501633705,17.391583166332666,-0.0378795193013541,0.3897491810888254,-0.0475183962696652,0.0043475003726333,0.0026539243177993,3.7585670477499016,96.10923750564828,3.1591228046203605,-68.05659094873643,54.49929258517034,0.0153764226516489,11.277354709418836,-0.022630181360589,3.966736828090536,84.96968924324437,3.628280774766441,-53.40924770053627,,,,,,,3.9552198390487647,-58.47708145109476,,,,,,,,,,,,,,,,,,,,,,,,,,,,,,,,,,,,,,,,,,,,,0.3218870486612601,-0.0186312581556258,0.0994967328600242,0.0449572700375535,0.0271728246835395,0.018986689585108,67.8,4.755511022044082,5.240341261915572,0.0080672475890989,-0.0047190785531526,-0.0035687849644369,-0.001125061832352,0.0003791141623809,-0.0052259489119809,-0.8235991983967992,-0.360378286203999,61.66699999999997,67.79999999999998,0.9504835805897868,-0.0150558427670428,,,,,,,,,,,,,,,5,0.0417155665817973,3.0,1.0,,0.3552758104935299,,,,,,,,,,,,,-4.711250130417,-0.2155591497868908,1.590528388456421,1.04711250130417,-0.1544545975968008,1.590528388456421,5.298854534840192,55.118146099897736,100.0,0.9998519451568209,-0.0120321255228282,0.0,-6.298613892824946,-4.64163222211871,0.8865174011786112,-0.0523127353455067,-0.3316527970118738,-0.7979456851185778,3.1126852489549552,68.6600222439299,1.0,0.0247609532365145,3.0,False,True,False,,0.0421730863262289,0.7872698859999998,0.6066070608770795,0.0034503588864231,0.9484115603167071,97.3692657669602,30.0,0.0,-0.1653536645276811,-0.0269267253026856,0.9858077566017246,0.5844164722297118,,0.6651729229572524,0.3892373568295075,0.4555084012686468,0.7575023148834032,0.2007233366052078,,,,,0.364,0.750967741935484,0.7200000000000001,0.4883123541722838,0.6651729229572524,0.1463380430505955,0.4507428523966914,0.2,0.1768605687849685,0.0,0.0,0.0,0.0,0.7845059953736948
30,routine_05c,4.200007,2.4999712,34.144,0.0,0.0,5.018711111111091,93.81323880367884,67.22,60.757,60.42,0.0,100.0,,0.0,0.0,,,110.63745741231465,96.5798869384112,531.2597472214936,-10.637457412314632,-2.119559619354064,0.8861039517507698,0.980362882247095,230.42205341365,225.8972284179,4.524824995750009,-0.4209999999999922,-0.5875539056285043,,,4.199952,4.187087,4.172632,4.172632,-0.0273199999999995,-0.0128649999999996,535.8259047515829,-0.0020800000000003,-0.0034710000000002,-0.0034710000000002,2.114668520367445,2.4999712,2.9039612,3.0388432,3.0388432,0.538872,0.4039899999999998,377.6930594385387,0.0543852,0.0452862,0.0452862,18.5542950926735,0.1659300074657023,28.73414114727582,0.4587401428968372,21.9690615882137,0.8073245603279929,17.99481831988036,0.3080340134608555,9.950150798283904,0.8360850617275681,8.744823601432847,1.467950316269292,3.768957822966553,0.2055307315292002,0.2098395361524943,0.0792899333180375,0.1471945717355985,,,,,,,,,,,,,,,,,,,,,,,,,,1.3936645148545057,0.7243859171156954,,,,,,,,,,,,,,,,,,,,,,,,,,,,,,,,,,,,,,,,,,,,,,,1.923925468352136,,,,,,,1.3936645148545057,0.7243859171156954,3.8136718539167496,3.37472330242762,0.0555463937294389,-0.0563762173387134,0.0401079000000001,0.0401320000000007,0.567285159643699,0.0672675382945295,0.276566652502042,0.2211854807575972,0.118577997592567,0.3899017575156022,1.5621976804553586,0.602166839903846,1.0053850969713718,1.5621976804553586,0.0214488985847502,0.027446529413464,3.752948251254525,11.6238877755511,3.1555944893867998,17.170468937875754,-0.0449719800779253,0.384550546744868,-0.0527170306136226,0.0045836269270353,0.0028900508722012,3.74059475612602,91.66926402741352,3.126437205836519,-67.74417568999824,53.27615230460921,0.0155739493718144,11.133975951903809,-0.0224962857803481,4.195129788199107,233.78633923974093,3.6213881464564697,-52.75265773244136,,,,,,,3.9454200544758176,-56.67834078824399,,,,,,,,,,,,,,,,,,,,,,,,,,,,,,,,,,,,,,,,,,,,,0.3039147570373783,-0.0513168569394673,0.098650486698461,0.0451589278347177,0.0277592608508439,0.019130327858042,66.938,4.6950501002003975,5.156758808866418,0.0060636822683419,-0.0055653247147157,-0.0033671271672727,-0.0005386256650476,0.0005227524353149,-0.0072295142327378,-0.8840601202404841,-0.4439607392531526,60.3158106371844,66.93799999999997,0.9381323880367884,-0.0150558427670428,,,,,,,,,,,,,,,5,0.0420573315919354,3.0,1.0,,0.353518847789725,,,,,,,,,,,,,-5.809061184027908,0.0090097245133385,1.7173107191193309,1.058090611840279,0.0064557379055424,1.7173107191193309,6.085125927257083,74.44124089785743,100.0,0.9998033457067188,0.6572597493160887,0.0,-7.246211683769687,-5.372456696930671,1.1497196476088969,0.0605919531018852,-0.3345512060180574,-0.8210940457428184,3.096136032132132,66.12099282038301,1.0,0.0257112110312404,3.0,False,True,False,,0.0421730863262289,0.7872698859999998,0.6066070608770795,0.0034503588864231,0.9484115603167071,97.3692657669602,30.0,0.0,-0.1653536645276811,-0.0269267253026856,0.9858077566017246,0.6041285334805694,,0.8175438211982089,0.3978044302883335,0.5480559315704873,0.8446987490800867,0.2151740550814958,,,,,0.364,0.750967741935484,0.7200000000000001,0.5030964001104271,0.8175438211982089,0.179859640663606,0.5014332915051009,0.2,0.3144474210877818,0.0,0.0,0.0,0.0,0.825
40,routine_05c,4.2000012,2.4999952,16.655,0.0,0.0,4.9971833333333615,92.99680404170095,66.635,64.921,59.808,1.9639999999999984,96.82056595221135,96.82056595221135,-3.1794340477886465,240.0,,,102.64013185255926,88.4640204096946,492.2943276424997,-2.6401318525592643,-0.5283239930279223,0.876707508238646,0.8998537424174331,248.51560669285007,223.6276987317,24.887907961150063,-0.4209999999999922,-0.5875539056285043,,,4.1999083,4.1865153,4.1719112,4.1719112,-0.0279970999999994,-0.0133929999999997,516.9576671235445,-0.0026517000000003,-0.0041918,-0.0041918,-16.753569107670955,2.4999952,2.9037051,3.039482,3.039482,0.5394868000000002,0.4037098999999999,376.5238633912239,0.0541290999999999,0.0459249999999999,0.0459249999999999,17.385099045358686,0.1733597723941728,34.49840537893081,0.4716111535581225,25.39118436590552,0.8353799571423741,22.095265169484616,0.3262768235224015,16.46176844308769,0.8769681805396996,14.062258091071287,1.5322346283776562,8.31319613806464,0.2075220633580834,0.212941815489359,0.0828402589929694,0.1559119292250965,,,,,,,,,,,,,,,,,,,,,,,,,,1.3936645148545057,0.7243859171156954,,,,,,,,,,,,,,,,,,,,,,,,,,,,,,,,,,,,,,,,,,,,,,,1.923925468352136,,,,,,,1.3936645148545057,0.7243859171156954,3.846395398434454,3.369612433048548,0.0882699382471434,-0.0614870867177854,0.0401408,0.0401315000000002,0.5940057010446422,0.0637683608191807,0.296294363433055,0.2316039983133188,0.1073531124483068,0.3899019788968536,1.5725928474616286,0.5877923727930132,1.069055790088166,1.5725928474616286,0.0481694399856935,0.0378416964197341,3.766658612457644,9.19300601202405,3.156997934247203,17.68873346693387,-0.0435685352175214,0.3788326634123224,-0.0584349139461681,0.0042137026734216,0.0025201266185876,4.199935998664225,40478.06633158355,3.1589706568656064,-66.05382461110113,52.82741482965932,0.0155639813951169,10.905835671342686,-0.022462889687466,,,3.5565324088408565,-52.865202877846606,,,,,,,3.9315854536900376,-55.32522987785424,,,,,,,,,,,,,,,,,,,,,,,,,,,,,,,,,,,,,,,,,,,,,0.7632559995755837,-0.0187834059103799,0.0974959620342312,0.0450728983086088,0.0281354402012075,0.0191547841338376,66.366,4.654929859719438,5.089901371532604,4.9234716924223326e-05,-0.0067198493789456,-0.0034531566933816,-0.000162446314684,0.0005472087111105,-0.0132439617841556,-0.9241803607214436,-0.5108181765869668,76.22147640031943,66.36599999999999,0.9299680404170098,-0.0150558427670428,,,,,,,,,,,,,,,5,0.0442563313997982,3.0,1.0,,0.3523453139367335,,,,,,,,,,,,,-6.419619053727943,0.3209115250462523,1.8037125385984496,1.0641961905372794,0.2299427350413912,1.8037125385984496,9.694666828191757,126.63459514767882,100.0,0.9994952177481028,0.7127893163257736,0.0,-7.951423202340024,-5.908497520530804,1.30906899848586,0.1169625379735007,-0.4056119265722025,-0.7822280267850852,3.096136032132132,64.3942400888758,1.0,0.0264004482024112,3.0,False,True,False,,0.0421730863262289,0.7872698859999998,0.6066070608770795,0.0034503588864231,0.9484115603167071,97.3692657669602,30.0,0.0,-0.1653536645276811,-0.0269267253026856,0.9858077566017246,0.6005287282930007,,0.8809369842321907,0.424388391018865,0.6602158084104957,0.8854897328890916,0.2716241593755421,,,,,0.364,0.750967741935484,0.7200000000000001,0.5503965462197505,0.8809369842321907,0.2664834377302377,0.5604295229234986,0.4,0.3205074613086921,0.0,0.0,0.0,0.0,0.9125
50,routine_05c,4.2000566,2.4999352,35.267,0.0,0.0,4.994594444444423,92.65487837215468,66.39,58.948,58.662,0.0,100.0,,0.0,0.0,,,112.62468616407682,87.88221117638199,460.6551908526311,-12.62468616407682,-2.5276699248563586,0.8828732632566854,0.9943332419693856,223.8457668736,222.57728707655,1.26847979705002,-0.4209999999999922,-0.5875539056285043,,,4.199982,4.1865,4.171605,4.171605,-0.0283770000000007,-0.0134820000000006,508.1092247809012,-0.0026670000000006,-0.0044980000000007,-0.0044980000000007,-25.602011450314308,2.4999352,2.902574,3.0386002,3.0386002,0.538665,0.4026388000000001,377.8219515803636,0.0529980000000001,0.0450431999999998,0.0450431999999998,18.683187234498405,0.179389107750321,39.17616873600826,0.4876697032115349,29.660804677147627,0.8551103743341661,24.9789715576256,0.3461018153708035,23.53813257189372,0.9213352435987444,19.83282937253927,1.5982137124420293,12.977237363161455,0.2097847402330989,0.2165554034960499,0.0857213870399256,0.1653853349441637,,,,,,,,,,,,,,,,,,,,,,,,,,1.3936645148545057,0.7243859171156954,,,,,,,,,,,,,,,,,,,,,,,,,,,,,,,,,,,,,,,,,,,,,,,1.923925468352136,,,,,,,1.3936645148545057,0.7243859171156954,3.815856378466469,3.3656009416864494,0.0577309182791587,-0.0654985780798842,0.0401042,0.0401391999999996,0.5693535179355629,0.0639374040484932,0.2807870771116508,0.2223813441437268,0.1122982506199766,0.3905857031498926,1.5641697097517078,0.5863793937566553,1.013414039370944,1.5641697097517078,0.0235172568766142,0.0294185587098132,3.7601775962980826,11.52079358717435,3.1538760041260097,17.759162324649296,-0.046690465338715,0.3730881260869565,-0.0641794512715341,0.0049529846429937,0.0032594085881597,3.539323141407678,73.5172039298719,3.1612035041603868,-65.01431806815584,53.37183967935872,0.0155679057136726,10.602484969939878,-0.0223341289719666,3.764621898641215,89.52803388242747,3.5967964845393534,-52.60155615102257,,,,,3.964676229946756,83.53357931648299,3.919183618276807,-54.44484296763892,,,,,,,,,,,,,,,,,,,,,,,,,,,,,,,,,,,,,,,,,,,,,0.1026431423190366,-0.0165505586155996,0.0958820653988337,0.0447379561581399,0.0283686982285275,0.0192899136525128,66.133,4.5060561122244565,4.970580331568437,0.0092718072627811,-0.008333746014343,-0.0037880988438505,7.081171263588135e-05,0.0006823382297857,-0.0040213892382987,-1.073054108216425,-0.6301392165511341,58.66199999999995,66.13299999999998,0.9265487837215468,-0.0150558427670428,,,,,,,,,,,,,,,5,0.0432334449301795,3.0,1.0,,0.3523268068174472,,,,,,,,,,,,,-6.851441790231028,0.275981647878634,1.925545455161806,1.0685144179023105,0.1977491301544776,1.925545455161806,10.151671174878452,128.7477288012795,100.0,0.9994483550620452,0.7019793758683301,0.0,-8.419738525478287,-6.213372986673242,1.478947193682234,0.1699526676402999,-0.4871303690325513,-0.7966914010760697,3.096136032132132,63.796585416035946,1.0,0.0266491707810533,3.0,False,True,False,,0.0421730863262289,0.7872698859999998,0.6066070608770795,0.0034503588864231,0.9484115603167071,97.3692657669602,30.0,0.0,-0.1653536645276811,-0.0269267253026856,0.9858077566017246,0.6056972677587112,,0.9165547320035944,0.4296102690311233,0.6391391526815602,0.8993911701290067,0.2359165849692363,,,,,0.364,0.750967741935484,0.7200000000000001,0.5042729508190334,0.9165547320035944,0.2016420410407907,0.5510142942027316,0.2,0.3655404378008627,1.0,0.0,1.0,0.0,0.825
60,routine_05c,4.200013,2.4999251,36.135,0.0,0.0,4.989722222222222,92.36598607176252,66.183,58.345,58.01,0.0,100.0,,0.0,0.0,,,113.43388465164112,93.83527491954126,433.9458596064011,-13.433884651641108,-2.692311125419361,0.8827607322338445,1.0013497907521216,221.32450746935,221.62324924275,-0.2987417733999962,-0.4209999999999922,-0.5875539056285043,,,4.199973,4.18611,4.170842,4.170842,-0.0291309999999995,-0.0138629999999997,516.2384305140212,-0.003057,-0.0052609999999999,-0.0052609999999999,-17.47280571719432,2.4999251,2.900895,3.0363812,3.0363812,0.5364561000000001,0.4009698999999997,378.6989217484239,0.0513189999999998,0.0428242,0.0428242,19.560157402558676,0.1848246950265616,43.3932821462064,0.5003494388519132,33.03207157233922,0.8742140053664033,27.771069783874356,0.3271876406931964,16.7868769729978,0.8801387896557239,14.4746411664473,1.53635702114747,8.604606819147955,0.2114181354817089,0.2129632866511896,0.0883187915676544,0.1563471647430132,,,,,,,,,,,,,,,,,,,,,,,,,,1.3936645148545057,0.7243859171156954,,,,,,,,,,,,,,,,,,,,,,,,,,,,,,,,,,,,,,,,,,,,,,,1.923925468352136,,,,,,,1.3936645148545057,0.7243859171156954,3.815281976716945,3.3611363762796302,0.0571565165296346,-0.0699631434867034,0.0402218999999997,0.0401001,0.5701596654649337,0.0628226470574539,0.2822735199307901,0.2228208798021957,0.1101843060157992,0.39080435411105,1.564211740488722,0.5799866251416432,1.0164532342679338,1.564211740488722,0.024323404405985,0.0294605894468276,3.763079324113942,11.043987975951904,3.146707047329422,17.70652905811624,-0.0538594221353028,0.3666973942424238,-0.0705701831160667,0.0049310395419044,0.0032374634870704,3.537443616933537,72.93532423076756,3.1524617791424783,-64.71892624982642,53.24364729458917,0.0157704146712827,10.306785571142283,-0.0221971531475012,3.76347928077234,89.71574722718717,3.60843049970422,-52.70533076192021,,,,,3.9660528312962886,83.5863337425443,3.914378969268959,-53.93127434215423,,,,,,,,,,,,,,,,,,,,,,,,,,,,,,,,,,,,,,,,,,,,,0.1007636178448954,-0.0252922836335081,0.0938980271722973,0.0444029074686041,0.028339804326483,0.0194424148559768,65.93700000000001,4.492701402805615,4.829545499767583,0.0121417740000194,-0.0103177842408795,-0.0041231475333863,4.191781059135688e-05,0.0008348394332497,-0.0011514225010604,-1.0864088176352666,-0.7711740483519876,58.00999999999996,65.93699999999998,0.9893268756446476,-0.0150558427670428,,,,,,,,,,,,,,,5,0.0410700243634075,3.0,1.0,,0.3517414495653347,,,,,,,,,,,,,-7.2867137458920705,0.1532855094605049,2.0811955382714515,1.0728671374589207,0.1098336660937355,2.0811955382714515,10.461157168573148,128.15578593422927,100.0,0.9994106728199196,0.7153439829469559,0.0,-8.901822428624115,-6.53090570962327,1.6710400129212089,0.2229868491652455,-0.5533738582473959,-0.8093310409596213,3.096136032132132,63.66267978058885,1.0,0.0267050084265911,3.0,False,True,False,,0.0421730863262289,0.7872698859999998,0.6066070608770795,0.0034503588864231,0.9484115603167071,97.3692657669602,30.0,0.0,-0.1653536645276811,-0.0269267253026856,0.9858077566017246,0.6208680805430681,,0.9397295891901292,0.4270298245926809,0.659419735041865,0.2102782842222506,0.2366140707041912,,,,,0.364,0.750967741935484,0.7200000000000001,0.5156510604073011,0.9397295891901292,0.2067405096218284,0.383335478640247,0.2,0.424078528782828,1.0,0.0,1.0,0.0,0.825
70,routine_05c,4.199965,2.4999802,22.863,0.0,0.0,4.990388888888928,92.14687452025734,66.026,62.103,58.589000000000006,2.811,95.42182410423452,95.42182410423452,-4.578175895765469,360.0,,,106.31692510828783,87.44434010844213,410.54379285653584,-6.316925108287833,-1.265818205541542,0.8750670802407728,0.9303444123468636,237.30636987535004,220.77665522785,16.52971464750007,-0.4209999999999922,-0.5875539056285043,,,4.199962,4.1858864,4.170362,4.170362,-0.0296000000000002,-0.0140755999999999,512.3492380320521,-0.0032806,-0.0057410000000004,-0.0057410000000004,-21.361998199163395,2.4999802,2.899647,3.0345082,3.0345082,0.5345279999999999,0.3996667999999999,376.803372085825,0.0500709999999999,0.0409511999999998,0.0409511999999998,17.66460773995982,0.1915207685743822,48.58832366041751,0.5109517279210022,35.85099044932655,0.8867574900617011,29.60436740722247,0.3486285606954156,24.44003306771432,0.9211067174363716,19.803106275747894,1.5974091340555077,12.920361963680351,0.2159787435920683,0.218246254677608,0.0915185215815828,0.166592744449895,,,,,,,,,,,,,,,,,,,,,,,,,,1.3936645148545057,0.7243859171156954,,,,,,,,,,,,,,,,,,,,,,,,,,,,,,,,,,,,,,,,,,,,,,,1.923925468352136,,,,,,,1.3936645148545057,0.7243859171156954,3.8404681891432415,3.3561354031869937,0.0823427289559308,-0.0749641165793399,0.0402219999999999,0.0400682999999997,0.5935468678215844,0.0607220948486406,0.2981119068364238,0.2324042604856771,0.1023037912262948,0.3915516584876261,1.581899488219486,0.5729251711124799,1.0674364380659314,1.581899488219486,0.0477106067626357,0.0471483371775915,3.7599570025671034,10.649350701402806,3.14423200138513,17.79700400801603,-0.0563344680795947,0.3592015964102564,-0.0780659809482342,0.0049715329430345,0.0032779568882005,4.199980195476308,-17528.141558777705,3.130243314533537,-63.89960340096599,52.75143486973949,0.0159687123867909,9.623565130260522,-0.0220520925684372,,,3.5921716867193023,-52.54390514941416,,,,,,,3.9073959842345,-53.12690603616168,,,,,,,,,,,,,,,,,,,,,,,,,,,,,,,,,,,,,,,,,,,,,0.7633001963876667,-0.0475107482424488,0.0911899539536322,0.043771740823689,0.0284279748280668,0.0195681155123929,65.783,4.350378757515031,4.6601295815061805,8.1908178649945e-05,-0.0130258574595445,-0.0047543141783014,0.0001300883121751,0.0009605400896658,-0.0132112883224299,-1.2287314629258503,-0.9405899666133904,75.10561641088927,65.78299999999994,0.9869799841547452,-0.0150558427670428,,,,,,,,,,,,,,,5,0.0431551436339598,3.0,1.0,,0.3517230577343988,,,,,,,,,,,,,-7.781124566141795,-0.1149501867688971,2.2801747540161514,1.077811245661418,-0.0823652573255179,2.2801747540161514,8.625002154347332,77.39417153142813,100.0,0.9996008588389956,0.688291290795209,0.0,-9.402938530082054,-6.850951533963076,1.9121411513186308,0.281519948074282,-0.5919217400699216,-0.8110533593599523,3.096136032132132,64.34468719234566,1.0,0.0264233361632109,3.0,False,True,False,,0.0421730863262289,0.7872698859999998,0.6066070608770795,0.0034503588864231,0.9484115603167071,97.3692657669602,30.0,0.0,-0.1653536645276811,-0.0269267253026856,0.9858077566017246,0.6283541299159701,,0.9598132013691346,0.4280853472340635,0.7252779085692509,0.2546699244186332,0.280265963965987,,,,,0.364,0.750967741935484,0.7200000000000001,0.5712655974369776,0.9598132013691346,0.2903434934141632,0.4220747860469837,0.4,0.388547603932157,0.0,0.0,0.0,0.0,0.9125
80,routine_05c,4.200023,2.499984,36.042,0.0,0.0,4.99158333333332,92.21386403918883,66.074,57.736,57.471,0.0,100.0,,0.0,0.0,,,114.44159623112095,87.37930199473318,390.8036464148415,-14.441596231120954,-2.893189448462443,0.8792803076891411,1.0062624194653649,219.3050100198,220.6783899834,-1.37337996360003,-0.4209999999999922,-0.5875539056285043,,,4.1999946,4.1854916,4.1697474,4.1697474,-0.0302471999999998,-0.0145030000000003,511.502950351219,-0.0036754000000005,-0.0063556,-0.0063556,-22.20828587999648,2.499984,2.899441,3.0328112,3.0328112,0.5328271999999998,0.3994569999999999,377.3730872660754,0.049865,0.0392541999999997,0.0392541999999997,18.234322920210214,0.1938840944735722,50.4218722423171,0.5239849541571909,39.31624283264002,0.9043292594624378,32.172575832786045,0.3809408209126968,35.97362263338395,0.9938610107334332,29.26584296726149,1.7079314880789285,20.73315328641297,0.2143954676295922,0.2230422142642131,0.0926478408398507,0.1820332123743774,,,,,,,,,,,,,,,,,,,,,,,,,,1.3936645148545057,0.7243859171156954,,,,,,,,,,,,,,,,,,,,,,,,,,,,,,,,,,,,,,,,,,,,,,,1.923925468352136,,,,,,,1.3936645148545057,0.7243859171156954,3.8159247275982655,3.3515337765536724,0.0577992674109557,-0.0795657432126613,0.0402639000000002,0.0401147000000001,0.5754111120497487,0.0610675204293893,0.2870556276587312,0.2250413555193015,0.1061285038654408,0.3910966451753975,1.5714653475833336,0.5753097762541928,1.0291506935069772,1.5714653475833336,0.0295748509908,0.036714196541439,3.7661296492289313,11.517234468937875,3.139082852622459,17.54960320641282,-0.0614836168422656,0.3522119607594938,-0.0850556165989968,0.0053929512970899,0.0036993752422559,3.543866467027884,70.86478411419321,3.127613522961372,-63.973174020179286,52.40341683366733,0.016003995844268,9.500537074148294,-0.0220136317229617,3.772987514477777,89.22844881563744,3.581038493958375,-52.86789887208299,,,,,3.96909658833935,82.49434765120162,3.9004897277119994,-52.60152601385464,,,,,,,,,,,,,,,,,,,,,,,,,,,,,,,,,,,,,,,,,,,,,0.1071864679392424,-0.0501405398146141,0.0883282265835968,0.0433055995279913,0.0283878872074717,0.0196262092788627,65.844,4.222460921843691,4.500524035414494,0.0122523537082066,-0.0158875848295799,-0.005220455473999,9.000069158009855e-05,0.0010186338561356,-0.0010408427928732,-1.3566492985971903,-1.1001955127050769,57.47099999999996,65.84399999999992,0.9876975051198108,-0.0150558427670428,,,,,,,,,,,,,,,5,0.0454239900675196,3.0,1.0,,0.3529217657734707,,,,,,,,,,,,,-7.778046830232088,-0.1638593724995488,2.4169897906908795,1.0777804683023209,-0.1174101561771017,2.4169897906908795,9.496961012268288,81.77268174817075,100.0,0.9995111468524508,0.0249744667789828,0.0,-9.66890247641456,-7.062820753190604,1.9929113575603563,0.2994879822036976,-0.6234715560665183,-0.8211628656212122,3.096136032132132,67.18669168691446,1.0,0.025304021634557,3.0,False,True,False,,0.0421730863262289,0.7872698859999998,0.6066070608770795,0.0034503588864231,0.9484115603167071,97.3692657669602,30.0,0.0,-0.1653536645276811,-0.0269267253026856,0.9858077566017246,0.6346530321348735,,0.9652006109089116,0.4310582495304285,0.7097618209349903,0.2412019310621983,0.2573461279142548,,,,,0.364,0.750967741935484,0.7200000000000001,0.5259897741011551,0.9652006109089116,0.2123441343999605,0.409842032360468,0.2,0.4392108368077566,1.0,0.0,1.0,0.0,0.825
90,routine_05c,4.200085,2.4999762,35.478,0.0,0.0,4.996083333333307,92.13710521541316,66.019,57.735,57.412,0.0,100.0,,0.0,0.0,,,114.3483155798043,87.44452354625183,373.5251882376517,-14.348315579804291,-2.8719127809726355,0.878387262372546,1.0044210387905623,219.2303974394,220.19962353055,-0.969226091150034,-0.4209999999999922,-0.5875539056285043,,,4.1999555,4.185262,4.1693463,4.1693463,-0.0306091999999997,-0.0146934999999999,498.42380686092525,-0.0039050000000004,-0.0067567000000003,-0.0067567000000003,-35.287429370290226,2.4999762,2.9001272,3.0316582,3.0316582,0.531682,0.4001510000000001,373.262117852326,0.0505512000000001,0.0381011999999998,0.0381011999999998,14.123353506460774,0.2017380045819807,56.51520272482716,0.5374882190849349,42.90646831675326,0.92398385436335,35.045200386090585,0.349709425527588,24.82583868039555,0.93000049827472,20.95986971129788,1.605387612065791,13.484358128240384,0.2183349888954323,0.2178348847961936,0.0964008450028277,0.1671092375289812,,,,,,,,,,,,,,,,,,,,,,,,,,1.3936645148545057,0.7243859171156954,,,,,,,,,,,,,,,,,,,,,,,,,,,,,,,,,,,,,,,,,,,,,,,1.923925468352136,,,,,,,1.3936645148545057,0.7243859171156954,3.8185466007002016,3.346651420741828,0.0604211405128909,-0.084448099024506,0.0401821,0.0400162000000001,0.5793231403594699,0.0598643051472152,0.2906298537359044,0.2265803894960477,0.103334910996425,0.3911122717374187,1.57680982025685,0.5680327189600258,1.0377993751018804,1.57680982025685,0.0334868793005211,0.0420586692149553,3.7655358735321935,11.505410821643284,3.134740160892495,17.668933867735475,-0.0658263085722294,0.3453192122222219,-0.0919483651362687,0.0051172334270971,0.003423657372263,3.5465979608969525,69.9585591754209,3.1245439023073622,-63.26753534951923,52.00445691382765,0.0159139090171635,11.99905210420842,-0.02258256924018,3.743352357769452,89.6713835445871,3.5768731898653403,-52.53855078710704,,,,,3.969734922775228,82.68966365046991,3.7844362172478463,-48.59130999539036,,,,,,,3.8990120560815296,-51.9481147391263,,,,,,,,,,,,,,,,,,,,,,,,,,,,,,,,,,,,,0.109917961808311,-0.0532101604686241,0.0855061157191948,0.0428526947744717,0.0283888833694327,0.0196525347593124,65.79700000000001,4.219446893787577,4.350895025318667,0.0103661313275148,-0.018709695693982,-0.0056733602275187,9.099685354107406e-05,0.0010449593365853,-0.002927065173565,-1.3596633266533047,-1.2498245228009042,57.41199999999996,65.79699999999997,0.9868753456806733,-0.0150558427670428,,,,,,,,,,,,,,,5,0.0462129397036801,3.0,1.0,,0.3534871180706966,,,,,,,,,,,,,-8.134711163900432,-0.4668439533464645,2.619188391243861,1.0813471116390043,-0.3345076978913422,2.619188391243861,10.510114722865556,88.73890874475077,100.0,0.9994020906680812,0.6265641998692073,0.0,-10.05197012122941,-7.338486568269663,2.153359223819357,0.3331164849602756,-0.6218201784057896,-0.8188499093351371,3.096136032132132,68.96184303248407,1.0,0.0246542627812184,3.0,False,True,False,,0.0421730863262289,0.7872698859999998,0.6066070608770795,0.0034503588864231,0.9484115603167071,97.3692657669602,30.0,0.0,-0.1653536645276811,-0.0269267253026856,0.9858077566017246,0.6409694615156663,,0.9784824438011864,0.4453376336055501,0.7284617498084528,0.2566259182976133,0.2624028958608108,,,,,0.364,0.750967741935484,0.7200000000000001,0.5307270961367497,0.9784824438011864,0.215266137636261,0.4232070493931067,0.2,0.4477553476644368,1.0,0.0,1.0,0.0,0.825
100,routine_05c,4.200048,2.499921,34.774,0.0,0.0,5.001638888888863,91.86356467977612,65.823,57.73,57.456,0.0,100.0,,0.0,0.0,,,114.01870777758532,96.19737781626483,358.2601011517654,-14.01870777758532,-2.802822852470991,0.87599890002357,0.998802625952736,219.45349287505,219.1907249581,0.2627679169500254,-0.4209999999999922,-0.5875539056285043,,,4.200049,4.185051,4.169045,4.169045,-0.0310040000000002,-0.0149980000000002,485.78844444522855,-0.0041160000000006,-0.0070580000000006,-0.0070580000000006,-47.92279178598693,2.499921,2.9027252,3.0321362,3.0321362,0.5322152,0.4028041999999998,371.2865253873634,0.0531492,0.0385792,0.0385792,12.1477610414982,0.2079260792234051,61.316121416304114,0.5504712658513774,46.35837906661539,0.9465274202849544,38.34006356245831,0.3807103564396605,35.89136027774571,0.9945264261441736,29.35238976109264,1.7059868499315514,20.59568741194867,0.2196725364393653,0.2231613663698144,0.099357826884402,0.1819230845380787,,,,,,,,,,,,,,,,,,,,,,,,,,1.3936645148545057,0.7243859171156954,,,,,,,,,,,,,,,,,,,,,,,,,,,,,,,,,,,,,,,,,,,,,,,1.923925468352136,,,,,,,1.3936645148545057,0.7243859171156954,3.819505236616716,3.341067372274979,0.0613797764294048,-0.0900321474913545,0.0400230999999999,0.0400230999999999,0.583239134014932,0.0589461138178162,0.2938935427806189,0.2281456810691868,0.1010668015570901,0.3911700497507183,1.5831356020780811,0.566168195999043,1.0463553451934071,1.5831356020780811,0.0374028729559833,0.0483844510361866,3.765904555809453,11.744513026052104,3.133116068051497,17.617374749499,-0.0674504014132275,0.3376085581159422,-0.0996590192425483,0.005888444987067,0.004194868932233,3.776745937561916,90.80005095789892,3.1209015562941382,-62.54329150710887,52.38973947895791,0.0160238044430387,9.466052104208416,-0.0218198027988791,,,3.594862842416591,-52.33487255470639,,,,,,,3.894285671919139,-51.668512147786096,,,,,,,,,,,,,,,,,,,,,,,,,,,,,,,,,,,,,,,,,,,,,0.3400659384732742,-0.0568525064818481,0.082470385153677,0.0423709155354207,0.0282537288836404,0.0197284901933681,65.60499999999999,4.0756613226452885,4.1802684516324495,0.0080968723348517,-0.0217454262594998,-0.0061551394665697,-4.415763225118149e-05,0.001120914770641,-0.0051963241662281,-1.503448897795593,-1.420451096487121,57.455999999999946,65.60499999999995,0.9839454684066548,-0.0150558427670428,,,,,,,,,,,,,,,6,0.0424517217986739,3.0,1.0,,0.3540637877085285,,,,,,,,,,,,,-8.678750222769693,-0.7034768249498367,2.8290182995268185,1.086787502227697,-0.5040622493813065,2.8290182995268185,11.706511680848408,96.08800720074753,100.0,0.9992611770689068,0.6130472846416358,0.0,-10.572488637050377,-7.702749743705561,2.3989061380789343,0.3800132556746188,-0.6276195191174898,-0.8185698570086761,3.0748584676456456,69.15701111529644,1.0,0.0245854841407963,3.0,False,True,False,,0.0421730863262289,0.7872698859999998,0.6066070608770795,0.0034503588864231,0.9484115603167071,97.3692657669602,30.0,0.0,-0.1653536645276811,-0.0269267253026856,0.9858077566017246,0.6448545866803657,,0.9852943356609064,0.4606740666554496,0.7561859969018113,0.3104927433446537,0.2754010128369761,,,,,0.364,0.750967741935484,0.7200000000000001,0.5836409400102742,0.9852943356609064,0.2167647538453994,0.4506884549347226,0.2,0.4016533956506322,0.0,0.0,0.0,0.0,0.8687499999999999
120,routine_05c,4.1999564,2.4999652,35.483,0.0,0.0,5.005555555555556,91.64724435822646,65.668,57.129,56.82,0.0,100.0,,0.0,0.0,,,114.94687461709464,86.98452823292926,312.4429284650608,-14.94687461709465,-2.986057082216467,0.8723387581318303,1.0027261385461157,217.1158464941,217.7077343722,-0.5918878781000387,-0.0030000000000001,-0.0044847071486233,-0.1207517067254388,-0.0051924052071698,4.2001605,4.184885,4.1685133,4.1685133,-0.0316472000000001,-0.0152754999999995,499.879723807074,-0.0042819999999998,-0.0075897000000004,-0.0075897000000004,-33.83151242414152,2.4999652,2.908324,3.0341022,3.0341022,0.5341369999999999,0.4083587999999998,367.1414220425015,0.058748,0.0405451999999999,0.0405451999999999,8.002657696636277,0.1732350419905794,34.401635291188505,0.4812485162396347,27.953550229565423,0.8553955380644294,25.02064976760122,0.3601102583019042,28.538328476945637,0.9574850437061528,24.53462804812438,1.641038647730262,16.004518909712576,0.202520394696671,0.2194404493763608,0.0827806563596983,0.1720792929741848,,,,,,,,,,,,,,,,,,,,,,,,,,2.2291498850846225,0.8091187374223697,,,,,,,,,,,,,,,,,,,,,,,,,,,,,,,,,,,,,,,,,,,,,,,2.7550343132407025,0.7957003526001112,0.0806979241015945,,,,,2.2291498850846225,0.8091187374223697,3.821116622564238,3.331921248426691,0.0629911623769272,-0.0991782713396425,0.0400592000000004,0.0402655999999996,0.5873588001238004,0.0565693579464724,0.298804680158702,0.2297384754672546,0.0963114163515538,0.391138219805052,1.587247179778315,0.5517322077714697,1.0566030247489877,1.587247179778315,0.0415225390648517,0.0524960287364204,3.7646931365135674,12.18384769539078,3.130070803413269,17.5462124248497,-0.0704956660514555,0.3252948463576155,-0.1119727310008751,0.0061430138686769,0.0044494378138429,3.7613686424164783,91.47282051442808,3.128601747686524,-61.74565714338739,52.15142284569138,0.0161266180730471,9.29687374749499,-0.0216941282743228,3.9689146409957217,82.03156544878803,3.5844484669500334,-51.910365394205535,,,28.93815631262525,-0.0210900885444923,,,3.883263859566296,-50.45197831445052,,,,,,,,,,,,,,,,,,,,,,,,,,,,,,,,,,,,,,,,,,,,,0.3246886433278368,-0.0491523150894623,0.0776097069316717,0.04170055908343,0.0282235608592468,0.0198240005094177,65.34,3.928256513026057,3.9149366897363578,0.0110668390401615,-0.0266061044815051,-0.0068254959185604,-7.432565664482194e-05,0.0012164250866906,-0.0022263574609182,-1.650853707414825,-1.685782858383213,56.81999999999999,65.34,0.98167249678596,-0.0150558427670428,,,,,,,,,,,,,,,6,0.0453407064378725,3.0,1.0,,0.3540759702343271,,,,,,,,,,,,,-9.199582768295487,-0.9838135639182868,3.1058640574118006,1.091995827682955,-0.7049319329543702,3.1058640574118006,13.736530494507033,105.65010353323332,100.0,0.998981984841024,0.6113346065681505,0.0,-11.239534967987495,-8.155984374709549,2.7430141375322736,0.4382280459701386,-0.6426661655864944,-0.81013728628675,3.069342062038038,68.22210839126744,1.0,0.0249215414195206,3.0,False,False,False,,0.0421730863262289,0.7872698859999998,0.6066070608770795,0.0034503588864231,0.9484115603167071,97.3692657669602,30.0,0.0,-0.1653536645276811,-0.0269267253026856,0.9858077566017246,0.6483792885893913,,0.9534306786529662,0.4822368113302003,0.7122891379857383,0.3509704108860043,0.2938534480579852,,,,,0.448,0.750967741935484,0.7200000000000001,0.5862844664420435,0.9534306786529662,0.2884127802925223,0.459837452064982,0.4,0.3671462122109227,0.0,0.0,0.0,0.0,0.9125
130,routine_05c,4.2001176,2.499978,34.724,0.0,0.0,5.000750000000052,91.3416046781014,65.449,57.121,56.829,0.0,100.0,,0.0,0.0,,,114.57957668808318,92.28559641858548,302.02906784521974,-14.57957668808318,-2.915478015914218,0.8710191762140875,0.9980100849781308,217.25392526760004,216.82160841815,0.4323168494500464,-0.0030000000000001,-0.0044847071486233,-0.1686142284950732,-0.0054053725772147,4.2001615,4.18473,4.1681023,4.1681023,-0.0320591999999999,-0.0154315,507.2517937045941,-0.0044370000000002,-0.0080007000000001,-0.0080007000000001,-26.459442526621444,2.499978,2.913805,3.0371623,3.0371623,0.5371842999999998,0.4138269999999999,362.9292833070536,0.064229,0.0436052999999998,0.0436052999999998,3.790518961188411,0.1780941220052757,38.17147476755393,0.4935794377924137,31.232075018813145,0.8702609827268873,27.19331430474641,0.3732917191411831,33.24334007854449,0.9762521013009722,26.975552376385547,1.6647200609482642,17.678550750008387,0.2046444980760061,0.2242369320211995,0.08510257592227,0.1783780762198662,,,,,,,,,,,,,,,,,,,,,,,,,,2.2291498850846225,0.8091187374223697,,,,,,,,,,,,,,,,,,,,,,,,,,,,,,,,,,,,,,,,,,,,,,,2.7550343132407025,0.7957003526001112,0.0806979241015945,,,,,2.2291498850846225,0.8091187374223697,3.822941196705908,3.328598971708961,0.064815736518597,-0.1025005480573728,0.0401851999999998,0.0400149000000005,0.5906177669138551,0.0559027002309885,0.3014000343176952,0.2310630633337937,0.0946512336110306,0.3912226761161683,1.5932947886408475,0.5488241791809969,1.0637107923414204,1.5932947886408475,0.0447815058549064,0.0585436375989529,3.767350835422392,12.75520641282565,3.1266925658676232,17.6227755511022,-0.0738739035971014,0.3199281952173911,-0.1173393821410995,0.0064921016537465,0.0047985255989124,3.771923162876943,92.05445335524902,3.124509710548715,-60.598238854648045,52.61522645290581,0.016081949164884,9.00719639278557,-0.021681282325387,,,3.5898018821784587,-51.425091415734016,,,,,,,3.875622753186032,-50.14471421509729,,,,,,,,,,,,,,,,,,,,,,,,,,,,,,,,,,,,,,,,,,,,,0.3352431637883013,-0.0532443522272712,0.0752430020372476,0.041319451062266,0.0282417064013077,0.019936415228089,65.139,3.785633266533068,3.7741490220987854,0.0082348257779506,-0.0289728093759292,-0.0072066039397244,-5.618011458388347e-05,0.0013288398053619,-0.0050583707231292,-1.7934769539078133,-1.8265705260207852,56.82899999999992,65.13899999999995,0.9783986605674648,-0.0150558427670428,,,,,,,,,,,,,,,7,0.0467152060900612,3.0,1.0,,0.3540766158274601,,,,,,,,,,,,,-9.815745066781025,-1.2456078035057825,3.2587987406113053,1.0981574506678102,-0.8925153594459984,3.2587987406113053,14.384015792458744,110.81510208268774,100.0,0.9988840628660036,0.7260680882968671,0.0,-11.704319544985282,-8.40791176702782,3.056554822414291,0.4852321897083033,-0.6545079452397389,-0.7925727533973155,3.0748584676456456,68.47749480967603,1.0,0.0248285514054722,3.0,False,False,False,,0.0421730863262289,0.7872698859999998,0.6066070608770795,0.0034503588864231,0.9484115603167071,97.3692657669602,30.0,0.0,-0.1653536645276811,-0.0269267253026856,0.9858077566017246,0.6518682570519674,,0.9633701408305462,0.5025918775985116,0.7354643047729075,0.4070137329853557,0.3000790412556222,,,,,0.448,0.5256774193548388,0.7200000000000001,0.5889011927889756,0.9633701408305462,0.2914194676012402,0.4862872391530992,0.4,0.3744689480415706,0.0,0.0,0.0,0.0,0.9125
140,routine_05c,4.200129,2.499921,23.828,0.0,0.0,5.018666666666719,91.31508799352434,65.43,60.4,56.814,2.466000000000001,95.84008097165992,95.84008097165992,-4.159919028340084,300.0,,,108.32781456953644,86.37627999388658,302.1740448851226,-8.327814569536443,-1.6593679402636203,0.8642572721266756,0.9362310151531192,231.25271534915,216.50596444825,14.746750900899997,-0.0030000000000001,-0.0044847071486233,-0.2288591582697347,-0.0009521657369288,4.2001233,4.1855116,4.169103,4.169103,-0.0310202999999997,-0.0146116999999996,502.6868929005274,-0.0036554000000004,-0.0070000000000005,-0.0070000000000005,-31.02434333068805,2.499921,2.9177082,3.0396013,3.0396013,0.5396803000000001,0.4177871999999998,355.42542900392243,0.0681321999999999,0.0460443000000001,0.0460443000000001,-3.713335341942752,0.1842176955898974,42.92235134623043,0.5048413639339699,34.22637709686409,0.8883485326385011,29.83690682075454,0.3731995997958812,33.2104588528851,0.9739406268506084,26.674912055358103,1.659440666162891,17.305351951150914,0.2073709685124924,0.2248948139006543,0.0880287358652996,0.1783340568356822,,,,,,,,,,,,,,,,,,,,,,,,,,2.2291498850846225,0.8091187374223697,,,,,,,,,,,,,,,,,,,,,,,,,,,,,,,,,,,,,,,,,,,,,,,2.7550343132407025,0.7957003526001112,0.0806979241015945,,,,,2.2291498850846225,0.8091187374223697,3.8470947971111777,3.324467784234165,0.0889693369238671,-0.106631735532169,0.0401376999999998,0.0400179999999998,0.6122862429024353,0.05358207364348,0.3166291469745161,0.2397721018760067,0.0875114772944817,0.391601321531265,1.606791527399103,0.5401052208730142,1.1086169036606792,1.606791527399103,0.0664499818434866,0.0720403763572083,3.768286231966978,12.407681362725452,3.1254867830238515,17.48847695390782,-0.0750796864408731,0.3132688954237288,-0.1239986819347618,0.0065329637832518,0.0048393877284178,,,3.1308615821228067,-60.358375197796825,52.03998396793587,0.0161731816331561,28.84293587174349,-0.0211694823117201,,,3.581504283057334,-51.331424924520455,,,,,,,3.872660306043176,-49.74210826157948,,,,,,,,,,,,,,,,,,,,,,,,,,,,,,,,,,,,,,,,,,,,,,-0.0468924806531796,0.0725965600201714,0.040935991501832,0.0282449324179171,0.0199723183874968,65.125,3.654308617234463,3.634858938841008,7.927274723920633e-05,-0.0316192513930054,-0.0075900635001584,-5.295409797456338e-05,0.0013647429647697,-0.0132139237538406,-1.9248016032064184,-1.9658606092785629,61.96374125210342,65.12499999999996,0.9781146291147188,-0.0150558427670428,,,,,,,,,,,,,,,7,0.0443602346123364,3.0,1.0,,0.3534845608119017,,,,,,,,,,,,,-10.136047294861928,-1.5321098342583015,3.433627674998223,1.1013604729486193,-1.0978026595411008,3.433627674998223,15.406705041119482,118.1900650304346,100.0,0.9987211196986392,0.6459040609382104,0.0,-11.98719380142694,-8.612650312485064,3.209191360654972,0.5063956143841004,-0.6549984667735747,-0.7916759757473484,3.0740704097017018,67.39071883744707,1.0,0.0252292263583222,3.0,False,False,False,,0.0421730863262289,0.7872698859999998,0.6066070608770795,0.0034503588864231,0.9484115603167071,97.3692657669602,30.0,0.0,-0.1653536645276811,-0.0269267253026856,0.9858077566017246,0.5518104668449991,,0.9725709413958302,0.5215273836784401,0.787331543086653,0.4117423242045037,0.3285921655694744,,,,,0.448,0.5933333333333334,0.7200000000000001,0.5138578501337493,0.9725709413958302,0.3744398124373946,0.5122983541347678,0.6,0.4587130912620809,0.0,0.0,0.0,0.0,0.95625
150,routine_05c,4.200151,2.499988,34.926,0.0,0.0,4.994861111111111,90.93966756451228,65.161,56.516,56.231,0.0,100.0,,0.0,0.0,,,115.2965531884776,85.81206549930172,302.9937210207183,-15.296553188477604,-3.062458164142,0.8683679600739764,1.0011983269583902,215.1194445265,215.37722795615,-0.2577834296500043,-0.0030000000000001,-0.0044847071486233,-0.1876575432336509,0.0041015157276674,4.200114,4.1843896,4.1672406,4.1672406,-0.0328733999999997,-0.0157243999999998,518.4592965649152,-0.0047774,-0.0088623999999999,-0.0088623999999999,-15.251939666300244,2.499988,2.9233632,3.0437431,3.0437431,0.5437550999999998,0.4233751999999997,344.8432983061816,0.0737871999999999,0.0501860999999999,0.0501860999999999,-14.295466039683618,0.1902146549093762,47.5749962733261,0.5152386816689832,36.99079853852382,0.9032278553870816,32.01159971468601,0.3778207822000324,34.85995105179568,0.9762816815539176,26.979399711466485,1.654074309336616,16.926005832282282,0.2105943187811219,0.2284182639603183,0.0908943929686463,0.180542296624687,,,,,,,,,,,,,,,,,,,,,,,,,,2.2291498850846225,0.8091187374223697,,,,,,,,,,,,,,,,,,,,,,,,,,,,,,,,,,,,,,,,,,,,,,,2.7550343132407025,0.7957003526001112,0.0806979241015945,,,,,2.2291498850846225,0.8091187374223697,3.825637895938184,3.3200849062932583,0.0675124357508729,-0.1110146134730754,0.0401880000000001,0.0402207999999997,0.5958466691294587,0.0537000489165708,0.306908435689678,0.2329913068569117,0.0901239390916248,0.3910256093187794,1.598635572027606,0.53757814522013,1.075165918936579,1.598635572027606,0.05001040807051,0.0638844209857114,3.769777639673852,13.297110220440882,3.1244413804901003,17.290266533066124,-0.0761250889746243,0.3071310104727272,-0.1301365668857634,0.0063206666683123,0.0046270906134782,3.779117951524995,93.24808700253708,3.1225313701984696,-59.80830997744596,52.28694188376753,0.0161953821088491,28.210434869739476,-0.0212422033338756,3.9891936261281487,81.4205233775385,3.641552151379392,-50.94562831011906,,,,,,,3.8658550109668246,-49.39227425381068,,,,,,,,,,,,,,,,,,,,,,,,,,,,,,,,,,,,,,,,,,,,,0.3424379524363536,-0.0552226925775167,0.0704336901127827,0.0407683412674544,0.0282540440444255,0.0199876306376183,64.871,3.640056112224457,3.5238639031192025,0.0091945793839073,-0.0337821213003941,-0.007757713734536,-4.384247146615658e-05,0.0013800552148912,-0.0040986171171725,-1.9390541082164248,-2.0768556450003683,56.23099999999999,64.87099999999992,0.9740933417047866,-0.0150558427670428,,,,,,,,,,,,,,,7,0.0462519039704125,3.0,1.0,,0.3528966492169077,,,,,,,,,,,,,-10.099759540213736,-0.9047850289336828,3.402034634153037,1.1009975954021374,-0.6483056167818518,3.402034634153037,16.01522321675306,115.17578276122008,100.0,0.998607492047049,0.0681743910545194,0.0,-12.43899631772704,-8.945260779168638,3.423042983676319,0.5344123526747352,-0.6441783361885851,-0.7872007082110759,3.0677659461501503,65.30470102233727,1.0,0.0260351012007305,3.0,False,False,False,,0.0421730863262289,0.7872698859999998,0.6066070608770795,0.0034503588864231,0.9484115603167071,97.3692657669602,30.0,0.0,-0.1653536645276811,-0.0269267253026856,0.9858077566017246,0.6539686763481362,,0.9789061399272376,0.505313981336612,0.77760404111145,0.4762579001950471,0.311921766932162,,,,,0.448,0.5256774193548388,0.7200000000000001,0.5904765072611021,0.9789061399272376,0.2961191073279894,0.5177744223938179,0.4,0.3884296326661354,0.0,0.0,0.0,0.0,0.9125
160,routine_05c,4.200087,2.4999752,36.22,0.0,0.0,4.995277777777778,90.72753408789582,65.009,55.916,55.649,0.0,100.0,,0.0,0.0,,,116.26189283925888,86.00039994462306,303.3989702877922,-16.26189283925889,-3.255453162505255,0.8674891402941809,1.008559294681029,212.8856636387,214.70781476715,-1.822151128450031,-0.0030000000000001,-0.0044847071486233,-0.1468288437163862,0.0041048372233397,4.200107,4.1843762,4.167228,4.167228,-0.0328790000000003,-0.0157308,518.404065064989,-0.0047908000000003,-0.0088750000000006,-0.0088750000000006,-15.307171166226452,2.4999752,2.929929,3.0488071,3.0488071,0.5488318999999997,0.4299537999999998,337.3993167110471,0.0803530000000001,0.0552500999999998,0.0552500999999998,-21.73944763481808,0.1945452706356521,50.934835187792814,0.5280726409317525,40.40307015237592,0.9225470332850808,34.835201272450725,0.3896044740967854,39.06604078341928,0.9971313722362812,29.69120026763626,1.6783208015530118,18.6399829337365,0.2108784307103557,0.232139453754175,0.0929637849816216,0.1861731536288186,,,,,,,,,,,,,,,,,,,,,,,,,,2.2291498850846225,0.8091187374223697,,,,,,,,,,,,,,,,,,,,,,,,,,,,,,,,,,,,,,,,,,,,,,,2.7550343132407025,0.7957003526001112,0.0806979241015945,,,,,2.2291498850846225,0.8091187374223697,3.825507441979191,3.3169753555870547,0.0673819817918799,-0.1141241641792789,0.0401829999999998,0.0400221999999996,0.5968980023505226,0.0529322423023142,0.3083433340413007,0.2333762839625473,0.0886788732645654,0.3909818478928321,1.5972013150856794,0.5330823418704513,1.0787681870359602,1.5972013150856794,0.0510617412915739,0.0624501640437848,3.768836753318911,13.047961923847694,3.1227276108912725,17.512124248496995,-0.0778388585734521,0.3009734852071002,-0.1362940921513904,0.0068944481298391,0.0052008720750051,3.778510689557181,94.41128965524167,3.140847259686758,-58.79107494887803,51.85728456913827,0.0161063334250458,28.53827655310621,-0.0213239686689484,3.9668703307409383,81.17037501207336,3.583368981167213,-50.5524078055745,,,,,,,3.855839297299384,-49.41530372709544,,,,,,,,,,,,,,,,,,,,,,,,,,,,,,,,,,,,,,,,,,,,,0.3418306904685391,-0.0369068030892285,0.0681114188517149,0.0401547179943746,0.0283280122549072,0.0201061398917486,64.73,3.502424849699395,3.387593004844609,0.0141354681695799,-0.0361043925614618,-0.0083713370076158,3.0125739015555986e-05,0.0014985644690216,0.0008422716685,-2.0766853707414867,-2.213126543274962,55.64899999999993,64.72999999999999,0.9718210900828176,-0.0150558427670428,,,,,,,,,,,,,,,7,0.0481238506950052,3.0,1.0,,0.3528985587799309,,,,,,,,,,,,,-11.238832103215724,-1.9335800456999457,3.729153945938628,1.1123883210321572,-1.385468110145382,3.729153945938628,17.2854718047021,127.08995286892132,100.0,0.9983756142341834,0.6068004484490724,0.0,-12.810396371241346,-9.133485077599486,3.7256715334068815,0.5712045635187462,-0.6566507020217095,-0.7693237251436993,3.060673424654655,65.93731810967283,1.0,0.025785175204913,3.0,False,False,False,,0.0421730863262289,0.7872698859999998,0.6066070608770795,0.0034503588864231,0.9484115603167071,97.3692657669602,30.0,0.0,-0.1653536645276811,-0.0269267253026856,0.9858077566017246,0.6554563378009535,,0.9822670890660896,0.5578720597956344,0.7945873169195907,0.5106274809500068,0.3156554701446369,,,,,0.448,0.5256774193548388,0.7200000000000001,0.5915922533507151,0.9822670890660896,0.2971357944424921,0.5446855819524672,0.4,0.3906748357153746,0.0,0.0,0.0,0.0,0.9125
170,routine_05c,4.2001243,2.499984,34.875,0.0,0.0,5.0049444444443925,90.54052168087868,64.875,55.908,55.58,0.0,100.0,,0.0,0.0,,,116.0388495385276,85.25163776493257,304.0370294322213,-16.038849538527586,-3.204600913468898,0.8669817240344341,1.0060356182788497,212.8587966045,214.1435310481,-1.2847344436000014,-0.0030000000000001,-0.0044847071486233,-0.1055607987668553,0.004198876895629,4.2001185,4.1851373,4.1682563,4.1682563,-0.0318621999999999,-0.0149812000000002,515.1281964933709,-0.0040297000000002,-0.0078466999999999,-0.0078466999999999,-18.58303973784461,2.499984,2.935409,3.0536602,3.0536602,0.5536762,0.4354249999999999,328.0610778213876,0.085833,0.0601031999999999,0.0601031999999999,-31.0776865244776,0.1995754728230988,54.83743706365871,0.5415074842087658,43.97510380248213,0.9404639708986297,37.45385788522668,0.3405288298454986,21.54890225274976,0.8909492215291478,15.88069248938535,1.51326016719671,6.9718972942433375,0.2122095890950516,0.2250299302309151,0.0953674755624307,0.1627222744318862,,,,,,,,,,,,,,,,,,,,,,,,,,2.2291498850846225,0.8091187374223697,,,,,,,,,,,,,,,,,,,,,,,,,,,,,,,,,,,,,,,,,,,,,,,2.7550343132407025,0.7957003526001112,0.0806979241015945,,,,,2.2291498850846225,0.8091187374223697,3.829773238655992,3.314761405013699,0.071647778468681,-0.1163381147526347,0.0402128999999997,0.0401357999999998,0.6004044017730406,0.0518250663845437,0.3113175095322103,0.2350114994985574,0.0863169327731448,0.3914220129042198,1.6043911590300897,0.5250328718436483,1.086931518934246,1.6043911590300897,0.0545681407140918,0.0696400079881951,3.773152094970282,13.700080160320638,3.121407127975682,17.348300601202403,-0.0791593414890425,0.2958567564417178,-0.1414108209167728,0.0070013257100983,0.0053077496552642,3.7808015641235553,94.82203715992436,3.1029054466553374,-57.82435994181071,51.34745490981964,0.016177036713531,27.9644248496994,-0.021322500967486,,,3.584825289304512,-50.52625017592633,,,,,,,3.8513380405072,-49.18791743160196,,,,,,,,,,,,,,,,,,,,,,,,,,,,,,,,,,,,,,,,,,,,,0.3441215650349138,-0.0748486161206489,0.0662792702024337,0.0398029704625155,0.0283701195606555,0.0201926552640625,64.603,3.3660881763526973,3.282345453616147,0.0089219441415125,-0.0379365412107431,-0.0087230845394749,7.22330447639058e-05,0.0015850798413354,-0.0043712523595672,-2.2130220440881843,-2.318374094503424,55.57999999999996,64.60299999999995,0.9852684334421749,-0.0150558427670428,,,,,,,,,,,,,,,7,0.0463191993321527,3.0,1.0,,0.3529049310582571,,,,,,,,,,,,,-11.749955794862398,-2.2245188273346863,3.849615014081592,1.117499557948624,-1.593934475350123,3.849615014081592,18.348111816529038,132.51026341341455,100.0,0.9981766690286304,0.6808409753309659,0.0,-13.090188332530715,-9.267913374972292,3.9051288525920818,0.5916353683149642,-0.6812377817408847,-0.7401260174621158,3.060673424654655,65.49949789584903,1.0,0.0259570631015134,3.0,False,False,False,,0.0421730863262289,0.7872698859999998,0.6066070608770795,0.0034503588864231,0.9484115603167071,97.3692657669602,30.0,0.0,-0.1653536645276811,-0.0269267253026856,0.9858077566017246,0.6565406231157562,,0.9852181297360568,0.5772360893404911,0.8066468873468788,0.2863918966255795,0.3177685887333294,,,,,0.448,0.5256774193548388,0.7200000000000001,0.5924054673368172,0.9852181297360568,0.2980284842451572,0.4970108655115697,0.4,0.3928126623992396,0.0,0.0,0.0,0.0,0.9125
180,routine_05c,4.2000976,2.499932,36.25,0.0,0.0,4.980361111111059,90.06740820342483,64.536,55.307,55.044,0.0,100.0,,0.0,0.0,,,116.68685699821,85.6839593405231,304.3954481304892,-16.686856998210004,-3.350531542980297,0.8654107170992112,1.0098205659087405,210.76529933045,212.8351338438,-2.069834513350031,-0.0030000000000001,-0.0044847071486233,-0.0628513058038056,0.0042040597538801,4.2000976,4.184183,4.1666203,4.1666203,-0.0334773000000003,-0.0159146000000003,527.1736642423983,-0.0049840000000003,-0.0094827000000004,-0.0094827000000004,-6.537571988817149,2.499932,2.941811,3.059457,3.059457,0.5595250000000003,0.4418790000000001,320.6167111646149,0.092235,0.0659,0.0659,-38.52205318125027,0.2017521215836911,56.52615517470956,0.5448602520685497,44.86653211088924,0.9453183724701546,38.163354733992335,0.3849808700456196,37.41568419797082,0.9802688088708328,27.497982660261805,1.6355035452541204,15.613244212587762,0.2134224061006079,0.2353898107789196,0.096407590835853,0.1839637566517122,,,,,,,,,,,,,,,,,,,,,,,,,,2.2291498850846225,0.8091187374223697,,,,,,,,,,,,,,,,,,,,,,,,,,,,,,,,,,,,,,,,,,,,,,,2.7550343132407025,0.7957003526001112,0.0806979241015945,,,,,2.2291498850846225,0.8091187374223697,3.829033124962757,3.311475196723301,0.0709076647754458,-0.1196243230430327,0.0401007999999998,0.0400640999999999,0.6012226466384466,0.0511036706636902,0.3126312019979659,0.2352399091514956,0.0849995770276134,0.3912692086147585,1.6026621548833933,0.5220377434127879,1.0895820080874192,1.6026621548833933,0.0553863855794979,0.0679110038414987,3.774724999340916,14.119503006012025,3.124638047868264,16.48660521042084,-0.075928421596461,0.2901549917159762,-0.1471125856425144,0.0071517111424322,0.0054581350875982,3.776366100820502,95.11427387046903,3.119560209762474,-57.30621171187696,51.29350701402806,0.0162670799475943,27.048336673346697,-0.0214166817462053,3.9935201537357994,80.77543076024844,3.5725127431353982,-50.21804557782676,,,,,,,3.8459264473368986,-49.23372340313366,,,,,,,,,,,,,,,,,,,,,,,,,,,,,,,,,,,,,,,,,,,,,0.3396861017318606,-0.0581938530135124,0.0643391527990095,0.0395209631230084,0.0284683827645093,0.0203368473439088,64.272,3.2200400801603166,3.163673882730895,0.0139993045043198,-0.0398766586141673,-0.009005091878982,0.0001704962486177,0.0017292719211817,0.0007061080032399,-2.359070140280565,-2.437045665388676,55.043999999999976,64.27199999999995,0.9801199787379452,-0.0150558427670428,,,,,,,,,,,,,,,7,0.0482868367386426,3.0,1.0,,0.3517213820838774,,,,,,,,,,,,,-12.418096252120868,-2.32529565654413,3.96548378529852,1.1241809625212087,-1.6661440967835657,3.96548378529852,19.09336448699504,135.0988388119836,100.0,0.9980395563247392,0.6043222917514942,0.0,-13.554605779239935,-9.547367833812764,4.281647986827318,0.6316109591606128,-0.6728312585145717,-0.7526079082021426,3.053580903159159,62.84416918444205,1.0,0.0270543699131424,3.0,False,False,False,,0.0421730863262289,0.7872698859999998,0.6066070608770795,0.0034503588864231,0.9484115603167071,97.3692657669602,30.0,0.0,-0.1653536645276811,-0.0269267253026856,0.9858077566017246,0.7572970752694467,,0.9862419888546746,0.589296375907658,0.8168835089832416,0.3778939233539576,0.3241160504837282,,,,,0.448,0.616,0.7200000000000001,0.667972806452085,0.9862419888546746,0.2983382016285391,0.5270474646821464,0.4,0.3182691824025896,0.0,0.0,0.0,0.0,0.9125
190,routine_05c,4.200088,2.4999702,34.693,0.0,0.0,4.974277777777881,89.77014221316621,64.323,55.297,54.972,0.0,100.0,,0.0,0.0,,,116.32276615367924,85.03334732521805,304.6946749063505,-16.322766153679225,-3.2814343876410863,0.8646829693097586,1.0058231483608804,210.7780605412,212.00545245895,-1.227391917750026,-0.0030000000000001,-0.0044847071486233,-0.0214796036892525,0.0040176269579264,4.2001004,4.184172,4.1663866,4.1663866,-0.0337138000000001,-0.0159283999999999,536.1057558058546,-0.004995,-0.0097164000000002,-0.0097164000000002,2.394519574639162,2.4999702,2.9484642,3.06569,3.06569,0.5657198000000001,0.4484940000000001,312.5840947369365,0.0988882000000002,0.072133,0.072133,-46.55466960892869,0.2119051738325089,64.40323829691182,0.5631691318407733,49.73446642866647,0.9696690500313,41.72233697729979,0.3348527228438229,19.52286358978001,0.8704541495874495,13.215015173738164,1.458330507221243,3.0889364705348323,0.2185335025653019,0.2296137406340513,0.101259243939947,0.1600099371485775,,,,,,,,,,,,,,,,,,,,,,,,,,2.2291498850846225,0.8091187374223697,,,,,,,,,,,,,,,,,,,,,,,,,,,,,,,,,,,,,,,,,,,,,,,2.7550343132407025,0.7957003526001112,0.0806979241015945,,,,,2.2291498850846225,0.8091187374223697,3.834280370756021,3.3087594415667825,0.0761549105687104,-0.1223400781995511,0.0402269999999997,0.0400713000000001,0.6051940648348035,0.0495927634566191,0.3163459775088634,0.2370077552545657,0.0819452244135213,0.3916227356249114,1.6104953944456275,0.512370742884221,1.0985242305347365,1.6104953944456275,0.0593578037758548,0.0757442434037329,3.770995766642798,13.66037675350701,3.121941751262226,16.43581563126253,-0.0786247182024988,0.2851904074551972,-0.1520771699032934,0.007088533772567,0.005394957717733,3.777964059441128,95.98810959644774,3.1445151833067757,-56.51185247379829,51.33657715430861,0.0162493914434109,27.86384368737475,-0.0213593251747558,,,3.551638254065625,-50.474972604912814,,,,,,,3.843584972019397,-48.92859040959442,,,,,,,,,,,,,,,,,,,,,,,,,,,,,,,,,,,,,,,,,,,,,0.341284060352486,-0.0332388794692111,0.0626631269746682,0.03920982748752,0.0285123050143906,0.0203546427063687,64.074,3.210120240480961,3.078566785899001,0.0079967554219685,-0.0415526844385085,-0.0093162275144703,0.000214418498499,0.0017470672836417,-0.0052964410791113,-2.3689899799599203,-2.52215276222057,54.97199999999995,64.07399999999996,0.9768851089680308,-0.0150558427670428,,,,,,,,,,,,,,,7,0.0468110304166704,3.0,1.0,,0.3511232237840638,,,,,,,,,,,,,-13.156545719317926,-2.671112397487538,4.116402435559018,1.1315654571931792,-1.9139321661717457,4.116402435559018,19.941395095046182,140.36763280048172,100.0,0.9978508483182872,0.7095250677194471,0.0,-13.885280503333073,-9.755377794736306,4.44102336125354,0.6474830577125754,-0.6798106261481085,-0.7203579098886879,3.053580903159159,62.504037871102966,1.0,0.0272023673655501,3.0,False,False,False,,0.0421730863262289,0.7872698859999998,0.6066070608770795,0.0034503588864231,0.9484115603167071,97.3692657669602,30.0,0.0,-0.1653536645276811,-0.0269267253026856,0.9858077566017246,0.7672318391737291,,0.989572940380583,0.6086496088187728,0.8301654029678703,0.4319551463203274,0.3269581043175463,,,,,0.448,0.616,0.7200000000000001,0.6754238793802968,0.989572940380583,0.2993458144651264,0.5494320656061292,0.4,0.3141490610002861,0.0,0.0,0.0,0.0,0.9125
200,routine_05c,4.2001004,2.499973,35.299,0.0,0.0,4.961888888888837,89.4058867039761,64.062,54.696,54.439,0.0,100.0,,0.0,0.0,,,117.12373848179026,85.36261746433144,305.4569699920995,-17.123738481790255,-3.451052384533531,0.8631135423249722,1.0109108481136164,208.7322494901,211.0096953607,-2.2774458705999905,-0.0030000000000001,-0.0044847071486233,0.0175012333547233,0.0036875337901048,4.200064,4.18377,4.1657944,4.1657944,-0.0342696,-0.0162940000000002,540.4091934618945,-0.0053970000000003,-0.0103086000000001,-0.0103086000000001,6.6979572306789805,2.499973,2.95589,3.072844,3.072844,0.5728710000000001,0.4559170000000003,313.08303807408186,0.1063140000000002,0.0792869999999998,0.0792869999999998,-46.05572627178333,0.2168579214912234,68.245748316057,0.5726479992493527,52.25469183436749,0.9848699627112358,43.944031966037294,0.3803784498728637,35.77288901978222,0.9632052189693724,25.27861867592341,1.5811163026295696,11.768626705124968,0.2201893952519762,0.2405758825206296,0.10362592274385,0.1817644824265554,,,,,,,,,,,,,,,,,,,,,,,,,,2.2291498850846225,0.8091187374223697,,,,,,,,,,,,,,,,,,,,,,,,,,,,,,,,,,,,,,,,,,,,,,,2.7550343132407025,0.7957003526001112,0.0806979241015945,,,,,2.2291498850846225,0.8091187374223697,3.834241067802495,3.3062737243336837,0.0761156076151841,-0.1248257954326503,0.0401820000000001,0.0401270999999998,0.6060868669943152,0.0489313701110891,0.3175175971730412,0.237390463691218,0.0807332624673884,0.3916772935016337,1.610293769608333,0.5093929942456241,1.101848509947469,1.610293769608333,0.0602506059353665,0.0755426185664385,3.7731536367652825,13.637024048096192,3.120209089688049,15.987224448897798,-0.0803573797766756,0.2802980780246917,-0.1569694993337989,0.0069212955901437,0.0052277195353097,3.782277875916672,96.16753895699183,3.084258889761124,-55.60148755992101,50.29334468937876,0.0163175507890471,,,3.98893593052844,80.70286412371158,3.599602909697761,-49.57368243159887,,,,,,,3.838730676960769,-49.14617552962016,,,,,,,,,,,,,,,,,,,,,,,,,,,,,,,,,,,,,,,,,,,,,0.3455978768280303,-0.0934951730148627,0.0610455081648614,0.0389440399235164,0.028610652439752,0.0204792702516676,63.821,3.0695470941883727,2.9808439175165677,0.0109767144991756,-0.0431703032483153,-0.009582015078474,0.0003127659238603,0.0018716948289405,-0.0023164820019042,-2.509563126252509,-2.6198756306030035,54.43900000000001,63.82099999999994,0.9729212544612348,-0.0150558427670428,,,,,,,,,,,,,,,7,0.0456885156678097,3.0,1.0,,0.3511481721767129,,,,,,,,,,,,,-13.627050638612117,-2.68112366502029,4.184817133738754,1.1362705063861211,-1.9211055396969887,4.184817133738754,20.837653023424284,142.2698326961145,100.0,0.997664930731508,0.6736906010437692,0.0,-14.262044437693802,-9.951507936351652,4.743808964151089,0.6761271914259551,-0.698914232291168,-0.696837210642022,3.053580903159159,61.52773778461057,1.0,0.027632041437175,3.0,False,False,False,,0.0421730863262289,0.7872698859999998,0.6066070608770795,0.0034503588864231,0.9484115603167071,97.3692657669602,30.0,0.0,-0.1653536645276811,-0.0269267253026856,0.9858077566017246,0.8292840404016325,,0.9905836437103476,0.6155277278198402,0.8424913759731365,0.4941791897825998,0.3328800501665178,,,,,0.448,0.616,0.7200000000000001,0.7219630303012243,0.9905836437103476,0.2996515522223802,0.5712695859355236,0.4,0.2686206134091232,0.0,0.0,0.0,0.0,0.9125
210,routine_05c,4.2000785,2.4999661,34.405,0.0,0.0,4.955277777777778,88.60899055168659,63.491,54.685,54.424,0.0,100.0,,0.0,0.0,,,116.10313614336656,92.4997243703832,305.6400463067989,-16.103136143366555,-3.249693935541208,0.861698642241252,1.000459147746902,208.86385623595,208.95975560495,-0.0958993689999943,-0.0030000000000001,-0.0044847071486233,0.0522710721128454,0.0168751649208151,4.2000756,4.184357,4.166404,4.166404,-0.0336715999999999,-0.0157185999999995,532.4689459892829,-0.0048099999999999,-0.0096990000000003,-0.0096990000000003,-1.242290241932551,2.4999661,2.962629,3.0797882,3.0797882,0.5798220999999999,0.4626629000000002,304.4580695999446,0.1130530000000002,0.0862311999999998,0.0862311999999998,-54.68069474592056,0.2212544016421053,71.65668709041834,0.5821155521817177,54.771908966065055,1.0000604169977636,46.16419840443611,0.3745547311150446,33.69416158174764,0.9408827590624296,22.375263412148225,1.5298747958933934,8.146380303213308,0.2212410349229932,0.244827048671207,0.1057267881829693,0.1789816086171516,,,,,,,,,,,,,,,,,,,,,,,,,,2.2291498850846225,0.8091187374223697,,,,,,,,,,,,,,,,,,,,,,,,,,,,,,,,,,,,,,,,,,,,,,,2.7550343132407025,0.7957003526001112,0.0806979241015945,,,,,2.2291498850846225,0.8091187374223697,3.837716011979089,3.3035026339037845,0.0795905517917785,-0.1275968858625491,0.0401048999999997,0.0400157000000001,0.6099584713848311,0.0480036346549409,0.3208072117137366,0.2388951783860411,0.0786998409022093,0.3916581039421598,1.616363498041356,0.5035167100027955,1.1096414110829853,1.616363498041356,0.0641222103258823,0.0816123469994614,3.774477643200811,13.96046492985972,3.12167570941052,15.845190380761522,-0.0788907600542048,0.2749716806250002,-0.1622958967334904,0.0072330214194673,0.0055394453646332,,,3.115752534970225,-54.938191112190125,50.2794869739479,0.0165147088425732,,,,,3.566747833062436,-49.25990134583947,,,,,,,3.837330775405887,-48.96457306921568,,,,,,,,,,,,,,,,,,,,,,,,,,,,,,,,,,,,,,,,,,,,,,-0.0620015278057612,0.059584326732462,0.0388751720837626,0.0288003815428651,0.020719046082481,63.254,2.9155150300601207,2.875823843204988,0.0073075085160086,-0.0446314846807148,-0.0096508829182277,0.0005024950269735,0.002111470659754,-0.0059856879850712,-2.663595190380761,-2.7248957049145828,54.971904340316186,63.25399999999996,0.9642493735287416,-0.0150558427670428,,,,,,,,,,,,,,,7,0.047558701205292,3.0,1.0,,0.3481860974702281,,,,,,,,,,,,,-15.188846490160724,-3.5600661608368847,4.499871264460968,1.1518884649016072,-2.550894206224453,4.499871264460968,21.504308223812163,154.3843057873042,100.0,0.9974993720373464,0.7737997267550097,0.0,-14.861707828777902,-10.29126298517702,5.365873702477759,0.7296404463899533,-0.6658798300356188,-0.7249295921683152,3.053580903159159,66.13165905524326,1.0,0.0257099281084071,3.0,False,False,False,,0.0421730863262289,0.7872698859999998,0.6066070608770795,0.0034503588864231,0.9484115603167071,97.3692657669602,30.0,0.0,-0.1653536645276811,-0.0269267253026856,0.9858077566017246,0.7992878107738935,,0.9912560266009685,0.6475274759007461,0.8530313493213775,0.6138104403917573,0.3379819532944512,,,,,0.448,0.5319999999999999,0.7200000000000001,0.6994658580804202,0.9912560266009685,0.2998549480467929,0.613087804727083,0.4,0.2917901685205483,0.0,0.0,0.0,0.0,0.9125
220,routine_05c,4.20005,2.499936,35.004,0.0,0.0,4.939388888888837,88.37313162044855,63.322,54.084,53.823,0.0,100.0,,0.0,0.0,,,117.08083721618225,84.46037712011622,474.5356119485173,-17.080837216182232,-3.4580871440605945,0.8613275581560534,1.0084495162628062,206.62659328620003,208.3724880465,-1.74589476029999,-0.1839999999999975,-0.2802272277303079,0.0185263632435178,0.0115765171082343,4.2000732,4.1837025,4.165653,4.165653,-0.0344202000000004,-0.0163707000000004,535.5495534486378,-0.0054645000000004,-0.0104500000000005,-0.0104500000000005,1.8383172174222864,2.499936,2.969377,3.087304,3.087304,0.5873680000000001,0.4694410000000002,299.215613017941,0.1198010000000002,0.093747,0.093747,-59.92315132792419,0.2212986392511588,71.69100813153013,0.589770198260324,56.807113457003744,1.0098507078308228,47.595101965299264,0.3645982565445645,30.140281709378648,0.9182149358107952,19.42698870450772,1.4824070495716155,4.790899868061976,0.2191399555747327,0.2459501637218507,0.1057479271989049,0.1742238904874801,,,,,,,,,,,,,,,,,,,,,,,,,,2.373861976520771,0.9424781435396624,,,,,,,,,,,,,,,,,,,,,,,,,,,,,,,,,,,,,,,,,,,,,,,2.5187448566236923,0.4667606960315549,0.10385344115427,,,,,2.373861976520771,0.9424781435396624,3.839001788941531,3.302624507417622,0.0808763287542202,-0.1284750123487117,0.0401921999999999,0.0401108000000003,0.6097368929056297,0.0469954636627558,0.3212571202518845,0.2392374913749823,0.0770749879325892,0.3923618435402918,1.615969715886382,0.4972891500685503,1.1111119936488605,1.615969715886382,0.063900631846681,0.0812185648444874,3.7736385030519743,13.59057715430862,3.123811369946544,14.540470941883768,-0.0767550995181807,0.2707769013855419,-0.1664906759729487,0.0074125383355231,0.0057189622806891,3.778768693543369,96.78953098841272,3.1038750441397527,-53.901284500690686,50.3714248496994,0.016288856284343,,,,,3.600713968259014,-49.20434671137323,,,,,,,3.832404989605021,-49.06231968318245,,,,,,,,,,,,,,,,,,,,,,,,,,,,,,,,,,,,,,,,,,,,,0.3420886944547274,-0.0738790186362337,0.0583312101767446,0.0386608371202397,0.0291556199150343,0.0208168039997917,63.093,2.7816553106212467,2.802121313979241,0.0097900887473208,-0.0458846012364321,-0.0098652178817507,0.0008577333991426,0.0022092285770646,-0.003503107753759,-2.797454909819635,-2.79859823414033,53.82299999999995,63.093,0.964377636648848,-0.0150558427670428,,,,,,,,,,,,,,,7,0.0463218355574393,3.0,1.0,,0.3487669060787778,,,,,,,,,,,,,-15.113765240641431,-2.7205303702663186,4.267781576922671,1.1511376524064143,-1.9493416262069252,4.267781576922671,22.666692614108644,145.15331629459993,100.0,0.9972290719097578,0.6220354334379524,0.0,-15.027315753381544,-10.35914604948472,5.421077303506183,0.7340856002795302,-0.7096904165771081,-0.6880849575228165,3.0488525554954955,63.54468011413931,1.0,0.0267571730150494,3.0,False,True,False,,0.0421730863262289,0.7872698859999998,0.6066070608770795,0.0034503588864231,0.9484115603167071,97.3692657669602,30.0,0.0,-0.1653536645276811,-0.0269267253026856,0.9858077566017246,0.9365041557636176,,0.9410193978128916,0.6258188249745517,0.8569808808627513,0.6122091567621518,0.3392836415102874,,,,,0.448,0.616,0.7200000000000001,0.8023781168227132,0.9410193978128916,0.2846583678383998,0.6085731260274355,0.4,0.1386412809901784,0.0,0.0,0.0,0.0,0.8051222417328123
230,routine_05c,4.2000604,2.4999611,35.509,0.0,0.0,4.928250000000052,87.96561204694848,63.03,53.482,53.219,0.0,100.0,,0.0,0.0,,,117.85273549979432,84.01396160558464,475.1644097015283,-17.852735499794335,-3.622530411361872,0.8602212894636206,1.013794320984481,204.4069181493,207.2265727897,-2.819654640399989,-0.1839999999999975,-0.2802272277303079,0.0782470486371733,0.0091053373929555,4.200115,4.1837406,4.165375,4.165375,-0.0347400000000002,-0.0163744000000001,540.4003543434284,-0.0054264000000001,-0.0107280000000002,-0.0107280000000002,6.689118112212896,2.4999611,2.9749854,3.09326,3.09326,0.5932988999999997,0.4750242999999998,297.622951692138,0.1254094000000001,0.0997029999999998,0.0997029999999998,-61.51581265372721,0.229620521634201,78.14740741501124,0.6013240176689709,59.87902362848675,1.0256423477783905,49.90313491530536,0.3563084852711009,27.18131756330901,0.8913277471931521,15.929925167308948,1.4327855293388292,1.2831698154306133,0.2238797199935966,0.2486823589260581,0.1097245527008856,0.1702626093332526,,,,,,,,,,,,,,,,,,,,,,,,,,2.373861976520771,0.9424781435396624,,,,,,,,,,,,,,,,,,,,,,,,,,,,,,,,,,,,,,,,,,,,,,,2.5187448566236923,0.4667606960315549,0.10385344115427,,,,,2.373861976520771,0.9424781435396624,3.8408635665702096,3.299260830913868,0.0827381063828998,-0.1318386888524663,0.0403052999999999,0.0400626000000001,0.6118451543306557,0.0457105647440973,0.3242242769332508,0.2396716819598534,0.074709367918593,0.3917195065834077,1.6158912323725962,0.4902384072565606,1.1147971686322116,1.6158912323725962,0.066008893271707,0.0811400813307017,3.776881298683936,13.971320641282569,3.109493083970816,14.097635270541083,-0.0910733854939085,0.2668868413373855,-0.1703807360211051,0.0078995440226016,0.0062059679677676,3.773543163330852,96.2910640621727,3.1029793869134155,-53.995526398433135,49.69950701402806,0.0163678548483159,,,3.992484969990112,80.14709385678928,3.53683249492574,-48.993700318902256,,,,,,,3.827145275180873,-48.48152785170807,,,,,,,,,,,,,,,,,,,,,,,,,,,,,,,,,,,,,,,,,,,,,0.3368631642422102,-0.0747746758625709,0.0569281573853298,0.038466961056723,0.0291899570224378,0.0208262618185485,62.81,2.643306613226457,2.733479386810932,0.0119400743122847,-0.0472876540278469,-0.0100590939452674,0.0008920705065461,0.0022186863958214,-0.0013531221887951,-2.9358036072144245,-2.8672401613086387,53.21899999999996,62.809999999999945,0.9599305523826928,-0.0150558427670428,,,,,,,,,,,,,,,7,0.0497526208257403,3.0,1.0,,0.3481862408207786,,,,,,,,,,,,,-13.761621000478907,-0.5369516739915328,3.844037992921165,1.137616210004789,-0.384741982965153,3.844037992921165,24.130476018632518,129.4256252219057,100.0,0.99684439607496,0.0867060216581998,0.0,-15.407394452084231,-10.652703556129602,5.642167998010985,0.7514460133194092,-0.6900599538982713,-0.6818877272826969,3.04964061343944,69.07625547196854,1.0,0.0246139500235354,3.0,False,True,False,,0.0421730863262289,0.7872698859999998,0.6066070608770795,0.0034503588864231,0.9484115603167071,97.3692657669602,30.0,0.0,-0.1653536645276811,-0.0269267253026856,0.9858077566017246,0.9606723375862,,0.9418835885128476,0.54184360857781,0.8649846245421635,0.6648125552373676,0.3430762518759882,,,,,0.448,0.616,0.7200000000000001,0.8205042531896499,0.9418835885128476,0.2849197855251364,0.6036792600583323,0.4,0.1213793353231976,0.0,0.0,0.0,0.0,0.7749138368155959
236,routine_05c,4.200168,2.499968,36.44,0.0,0.0,4.916388888888889,87.90978744783888,62.99,52.954,52.692,0.0,100.0,,0.0,0.0,,,118.95229822109756,83.93713287823464,480.5891565817918,-18.952298221097564,-3.8549225151675928,0.860180632902222,1.0232046316899757,202.39338524295,207.089849204,-4.69646396105,-0.1839999999999975,-0.2802272277303079,0.1441588408678309,-0.0647610730043304,4.2001166,4.1833763,4.1650114,4.1650114,-0.0351052000000002,-0.0167403000000003,529.444509118269,-0.0057907000000003,-0.0110916000000003,-0.0110916000000003,-4.266727112946455,2.499968,2.9787972,3.097377,3.097377,0.5974089999999999,0.4788291999999998,292.75735012804427,0.1292211999999999,0.1038199999999998,0.1038199999999998,-66.38141421782092,0.2287758273907527,77.49206490268816,0.6020885665916248,60.08230061673005,1.0261835589906478,49.982235839272136,0.3514311915446208,25.440408581573596,0.8758658148077186,13.918879656799495,1.4097821530376449,-0.3429318030832438,0.2229385039220236,0.2492804940021372,0.1093209141350825,0.1679319863178524,,,,,,,,,,,,,,,,,,,,,,,,,,2.373861976520771,0.9424781435396624,,,,,,,,,,,,,,,,,,,,,,,,,,,,,,,,,,,,,,,,,,,,,,,2.5187448566236923,0.4667606960315549,0.10385344115427,,,,,2.373861976520771,0.9424781435396624,3.841064777251765,3.2991325485335588,0.0829393170644547,-0.1319669712327749,0.0402578,0.0401079999999995,0.6112216286875973,0.0452877915734206,0.3241939447060546,0.2395058792765349,0.0740938956474129,0.3918478470580255,1.6139142195632863,0.4868028634955501,1.1142202789132316,1.6139142195632863,0.0653853676286486,0.0791630685213919,3.7764775083954896,13.83296993987976,3.119319077181294,14.84364328657314,-0.0812473922834304,0.2655644207430341,-0.1717031566154565,0.0078536922420252,0.0061601161871912,3.7898679823542,96.32462570126762,3.1078452013152416,-53.40140143262664,,,,,3.989017601005776,80.03603470418936,3.547703793654546,-48.552277180775256,,,,,,,3.832053600223537,-48.90937238507515,,,,,,,,,,,,,,,,,,,,,,,,,,,,,,,,,,,,,,,,,,,,,0.3531879832655584,-0.0699088614607448,0.0563818543420717,0.0382756996785459,0.0292707530365671,0.0208560292994102,62.771,2.6416653306613256,2.703383924746693,0.0152654392036007,-0.047833957071105,-0.0102503553234445,0.0009728665206754,0.0022484538766831,0.0019722427025209,-2.937444889779556,-2.8973356233728773,52.69199999999994,62.77099999999994,0.9593213627571924,-0.0150558427670428,,,,,,,,,,,,,,,7,0.0479775068735376,3.0,1.0,,0.3476061639807082,,,,,,,,,,,,,-15.910868104888731,-2.896470953427303,4.4007333833758455,1.159108681048887,-2.075408332259266,4.4007333833758455,23.54570762800935,149.35913915788302,100.0,0.996998735969138,0.6303052742492263,0.0,-15.44571593808029,-10.653486490639615,5.674330712735799,0.7539146438551739,-0.7000135645554125,-0.6745410135524019,3.041760034,73.19662754098951,1.0,0.0232278461059958,3.0,False,True,False,,0.0421730863262289,0.7872698859999998,0.6066070608770795,0.0034503588864231,0.9484115603167071,97.3692657669602,30.0,0.0,-0.1653536645276811,-0.0269267253026856,0.9858077566017246,0.926258155360926,,0.9418147129545452,0.6354956798651898,0.8652577664784664,0.6715564483021438,0.343213151489905,,,,,0.448,0.616,0.7200000000000001,0.7946936165206946,0.9418147129545452,0.28489895066875,0.6288807615339262,0.4,0.1471210964338507,0.0,0.0,0.0,0.0,0.8199619187592389
237,routine_05c,4.2001195,2.499937,35.432,0.0,0.0,4.927222222222222,87.8539628487293,62.95,52.872,52.607,0.0,100.0,,0.0,0.0,,,119.06112876380696,84.93089753772834,272.79127057294346,-19.06112876380695,-3.868534420436634,0.8600995025828578,1.0240441762670394,202.0912543118,206.95037205250003,-4.859117740700015,-0.1839999999999975,-0.2802272277303079,0.0667733725785938,-0.0829559843115983,4.2001224,4.183172,4.1645985,4.1645985,-0.0355238999999993,-0.0169503999999998,530.632037597193,-0.0059950000000004,-0.0115045,-0.0115045,-3.079198634022532,2.499937,2.9791691,3.097794,3.097794,0.5978569999999999,0.4792320999999999,292.85619057778695,0.1295931000000001,0.1042369999999999,0.1042369999999999,-66.28257376807824,0.2354998570028596,82.7087956820341,0.6087653133586248,61.85750287500782,1.0382502037077337,51.74584074006277,0.3472231636101324,23.938388396328094,0.8729568467612177,13.540526745643156,1.4059574557010388,-0.6132984852585278,0.2268238004306258,0.2469656263083721,0.1125340030013786,0.1659211730874908,,,,,,,,,,,,,,,,,,,,,,,,,,2.373861976520771,0.9424781435396624,,,,,,,,,,,,,,,,,,,,,,,,,,,,,,,,,,,,,,,,,,,,,,,2.5187448566236923,0.4667606960315549,0.10385344115427,,,,,2.373861976520771,0.9424781435396624,3.841527825418671,3.298592136509986,0.0834023652313602,-0.1325073832563474,0.0400588000000001,0.0401369999999996,0.6118082325045333,0.0451342570127084,0.3243937234090719,0.2400471504543119,0.0737719020679801,0.3923568492559198,1.6176166605942377,0.4860578105862463,1.1147032119417437,1.6176166605942377,0.0659719714455846,0.0828655095523429,3.77998478189506,14.443204408817635,3.1225133392547244,14.961805611222443,-0.0780531302100002,0.2652935501529048,-0.1719740272055858,0.0079201814829264,0.0062266054280924,3.77988495625376,96.45161587528833,3.121663900665037,-53.40506423240743,49.33882965931864,0.0163162862837619,,,3.9698093713504985,79.44411096665422,3.5648345012148512,-48.49062867835013,,,,,,,3.828660468637181,-49.02417701012693,,,,,,,,,,,,,,,,,,,,,,,,,,,,,,,,,,,,,,,,,,,,,0.3432049571651183,-0.0560901621109493,0.0561420930856699,0.0382890125624954,0.0292650203147952,0.0208256624862968,62.739,2.640318637274546,2.695813068257064,0.0113432867030974,-0.0480737183275069,-0.0102370424394949,0.0009671337989035,0.0022180870635697,-0.0019499097979823,-2.938791583166335,-2.904906479862507,52.60699999999997,62.739,0.9587121731316915,-0.0150558427670428,,,,,,,,,,,,,,,7,0.0495799252640166,3.0,1.0,,0.3481961732534755,,,,,,,,,,,,,-15.90102836108116,-2.884640184525624,4.426359778106212,1.1590102836108116,-2.066931231418146,4.426359778106212,23.30358072843816,149.88057750975247,100.0,0.9970588592274762,0.646416147411301,0.0,-15.494671093793364,-10.705127628043597,5.653209950749708,0.7522951147294161,-0.699069450796816,-0.6673960362138471,3.041760034,68.74492370456603,1.0,0.0247318770373015,3.0,False,True,False,,0.0421730863262289,0.7872698859999998,0.6066070608770795,0.0034503588864231,0.9484115603167071,97.3692657669602,30.0,0.0,-0.1653536645276811,-0.0269267253026856,0.9858077566017246,0.9172543199351536,,0.942275084714892,0.6352450294541198,0.8677001571078132,0.678190883900843,0.3434858136622455,,,,,0.448,0.616,0.7200000000000001,0.7879407399513653,0.942275084714892,0.2850382131262548,0.6311554710312554,0.4,0.1543343447635266,0.0,0.0,0.0,0.0,0.8325851033361715
238,routine_05c,4.200129,2.499988,34.179,0.0,0.0,4.916388888888889,87.651598676957,62.805,53.464,53.198,0.0,100.0,,0.0,0.0,,,117.47156965434688,85.14131040522251,264.6165494719648,-17.471569654346865,-3.553740367006538,0.8592477241245906,1.0093717887484086,204.53409584435,206.45094618245,-1.916850338100005,-0.1839999999999975,-0.2802272277303079,-0.0217531277553656,-0.1134715315391319,4.200068,4.1835814,4.165201,4.165201,-0.0348670000000002,-0.0164866000000003,539.3401284194766,-0.0055856000000007,-0.0109020000000006,-0.0109020000000006,5.628892188261148,2.499988,2.9803312,3.0991333,3.0991333,0.5991453,0.4803432000000001,292.02133139896256,0.1307552000000003,0.1055763,0.1055763,-67.11743294690262,0.2353146640036292,82.56511665696476,0.6070027319706354,61.38887068487863,1.034586213201673,51.21032885880307,0.350190341713038,24.9974976686919,0.8695901642556707,13.1026415208656,1.4010764195516603,-0.958337434263594,0.2274480956743225,0.2499437838123759,0.1124455082150273,0.1673390441375524,,,,,,,,,,,,,,,,,,,,,,,,,,2.373861976520771,0.9424781435396624,,,,,,,,,,,,,,,,,,,,,,,,,,,,,,,,,,,,,,,,,,,,,,,2.5187448566236923,0.4667606960315549,0.10385344115427,,,,,2.373861976520771,0.9424781435396624,3.8447704019765774,3.298623455069743,0.0866449417892676,-0.1324760646965908,0.0401438999999999,0.0400549999999997,0.6145216978454268,0.0449552251655205,0.3263973054892995,0.2409282009581984,0.0731548215842304,0.3920580864807806,1.6223933683698355,0.4858715776508968,1.120416757267869,1.6223933683698355,0.0686854367864781,0.0876422173279412,3.779108130669883,13.752589178356716,3.119019187097416,14.549282565130262,-0.0815472823673086,0.2643860778275857,-0.1728814995309049,0.0078966645210608,0.0062030884662268,3.783592924511173,95.99983783672955,3.1075379550366344,-53.29897450700336,49.36006813627255,0.0164096714440491,,,3.991068834668483,80.25854495825241,3.5444270929085797,-48.47980378843802,,,,,4.197790714081843,218.2269546220464,3.8314604257162825,-48.93873989291937,,,,,,,,,,,,,,,,,,,,,,,,,,,,,,,,,,,,,,,,,,,,,0.3469129254225316,-0.0702161077393519,0.0560560962260108,0.0382421550929671,0.0294063505569854,0.0208933541835015,62.587,2.633921843687375,2.6829630002766964,0.0071669203933343,-0.0481597151871659,-0.0102838999090233,0.0011084640410937,0.0022857787607744,-0.0061262761077454,-2.9451883767535065,-2.9177565478428744,53.02577015716543,62.58699999999997,0.9565038607392516,-0.0150558427670428,,,,,,,,,,,,,,,7,0.0479155298790551,3.0,1.0,,0.34761704106963,,,,,,,,,,,,,-16.280390961407786,-2.924665811537968,4.424708351824069,1.162803909614078,-2.0956107939413005,4.424708351824069,23.810892973468285,150.4228665075047,100.0,0.996938773454756,0.6510587821650112,0.0,-15.599199343699404,-10.748402231338575,5.792734802252764,0.7628836464769344,-0.6951564404265603,-0.673026931464328,3.041760034,72.92844962858693,1.0,0.0233125317850383,3.0,False,True,False,,0.0421730863262289,0.7872698859999998,0.6066070608770795,0.0034503588864231,0.9484115603167071,97.3692657669602,30.0,0.0,-0.1653536645276811,-0.0269267253026856,0.9858077566017246,0.939997952121642,,0.942264801601919,0.6369484144652646,0.8706390152519285,0.7013348979636209,0.3463068168113647,,,,,0.448,0.616,0.7200000000000001,0.8049984640912315,0.942264801601919,0.2850351024845806,0.6388072861230447,0.4,0.1372663375106875,0.0,0.0,0.0,0.0,0.802716090643703
239,routine_05c,4.200107,2.499988,34.808,0.0,0.0,4.91875,87.651598676957,62.805,53.473,53.207,0.0,100.0,,0.0,0.0,,,117.45179810371587,85.13494148555051,264.74838755020795,-17.451798103715888,-3.548014862254818,0.8593163902995397,1.0092825518067543,204.55384013245,206.45262175075,-1.8987816183000348,-0.1839999999999975,-0.2802272277303079,-0.1601696904996699,-0.0593244488209889,4.2001014,4.1835594,4.165191,4.165191,-0.0349104000000002,-0.0165420000000002,530.2792802824102,-0.0056076000000002,-0.0109120000000002,-0.0109120000000002,-3.431955948805239,2.499988,2.981188,3.1002212,3.1002212,0.6002331999999999,0.4811999999999998,291.27182327369087,0.131612,0.1066641999999999,0.1066641999999999,-67.86694107217431,0.2407508632271056,86.7827048366337,0.615253976961045,63.58269789620474,1.0488603494141493,53.29657049175933,0.3442631452452232,22.881834732234708,0.8610911514226002,11.997223312090426,1.3843602062972005,-2.1400014244797085,0.2295356701791418,0.2486803244410186,0.1150432051627726,0.1645067233302802,,,,,,,,,,,,,,,,,,,,,,,,,,2.373861976520771,0.9424781435396624,,,,,,,,,,,,,,,,,,,,,,,,,,,,,,,,,,,,,,,,,,,,,,,2.5187448566236923,0.4667606960315549,0.10385344115427,,,,,2.373861976520771,0.9424781435396624,3.844491140873381,3.2981759497531797,0.0863656806860704,-0.1329235700131543,0.0400601000000002,0.0400656999999999,0.6142967514907609,0.0447753377861416,0.3264503112130206,0.2408320943311182,0.0728887751359289,0.3920452024964687,1.6207819980017693,0.4849038512303574,1.1203828142027827,1.6207819980017693,0.0684604904318122,0.0860308469598747,3.7765848742038894,13.754915831663329,3.1234506316163717,14.80226052104208,-0.0771158378483534,0.2633920531983804,-0.1738755241601102,0.0078966046104965,0.0062030285556625,3.778876539773264,96.41642204556616,3.109685426284289,-53.22247488762952,49.261791583166335,0.0162995374551736,,,,,3.55177609070839,-48.51050482516423,,,,,,,3.828539930566524,-48.958170715312576,,,,,,,,,,,,,,,,,,,,,,,,,,,,,,,,,,,,,,,,,,,,,0.3421965406846223,-0.0680686364916969,0.0557174553074686,0.0381689087603818,0.0292770654264253,0.0208703048150729,62.596,2.634300601202405,2.6697001218318714,0.0084136982197049,-0.0484983561057082,-0.0103571462416086,0.0009791789105337,0.0022627293923458,-0.0048794982813749,-2.9448096192384767,-2.9310194262876994,53.20699999999997,62.59599999999999,0.9565038607392516,-0.0150558427670428,,,,,,,,,,,,,,,7,0.0511302006285631,3.0,1.0,,0.3464286092391158,,,,,,,,,,,,,-16.73220700563376,-3.5080957213362263,4.584002789803519,1.1673220700563376,-2.513655827209046,4.584002789803519,24.138719696179976,156.22074171623623,100.0,0.9968743210042044,0.7396560904835764,0.0,-15.633225528186976,-10.766575164152586,5.7797828940000855,0.7619115253222308,-0.6983503981798828,-0.6624846621798781,3.041760034,70.7422860839797,1.0,0.0240338006320809,3.0,False,True,False,,0.0421730863262289,0.7872698859999998,0.6066070608770795,0.0034503588864231,0.9484115603167071,97.3692657669602,30.0,0.0,-0.1653536645276811,-0.0269267253026856,0.9858077566017246,0.9250673985596588,,0.9425225770162118,0.6548626186787356,0.8725876522122791,0.7013348979636209,0.3460822020490965,,,,,0.448,0.616,0.504,0.793800548919744,0.9425225770162118,0.285113079547404,0.643716842725933,0.4,0.1487220280964677,0.0,0.0,0.0,0.0,0.8227635491688186
240,routine_05c,4.2001033,2.4999743,34.381,0.0,0.0,4.912916666666667,87.68788466637824,62.831,53.469,53.202,0.0,100.0,,0.0,0.0,,,117.50921094465951,,264.90257882686984,-17.509210944659515,-3.563913685623173,0.8590760914004492,1.0094935364188895,204.55652874370003,206.49849359905,-1.941964855349965,-0.1839999999999975,-0.2802272277303079,-0.1404020253973436,0.0197676651023263,4.2001023,4.1831493,4.1645746,4.1645746,-0.0355277000000002,-0.0169529999999999,532.0943335791511,-0.0060177000000001,-0.0115284000000004,-0.0115284000000004,-1.6169026520643683,2.4999743,2.9811313,3.100249,3.100249,0.6002746999999999,0.481157,290.38622674549595,0.1315553,0.1066919999999997,0.1066919999999997,-68.75253760036924,0.2346067110192116,82.01586266238229,0.6056102578167758,61.01864198686323,1.034240652723147,51.15982333985089,0.3415177831664925,21.901900824414195,0.8560727660629122,11.344510501296174,1.3802937971359022,-2.4274546414401383,0.2268395758777168,0.2474239787754889,0.1121072116899797,0.163194847440674,,,,,,,,,,,,,,,,,,,,,,,,,,2.373861976520771,0.9424781435396624,,,,,,,,,,,,,,,,,,,,,,,,,,,,,,,,,,,,,,,,,,,,,,,2.5187448566236923,0.4667606960315549,0.10385344115427,,,,,2.373861976520771,0.9424781435396624,3.8449029875512206,3.297960417782764,0.0867775273639099,-0.1331391019835699,0.0402548,0.0401449999999994,0.614591802958342,0.0446430657318943,0.3267816943589383,0.2409281796001819,0.0726385635425084,0.3920133305398355,1.622093944533333,0.4837643333951704,1.120883166588313,1.622093944533333,0.0687555418993933,0.0873427934914388,3.7768876099015376,13.96685771543086,3.119527913118413,14.681038076152303,-0.0810385563463116,0.2637226292307693,-0.1735449481277213,0.0079503215806528,0.0062567455258187,3.784782819118013,96.26538977742491,3.1068638139549702,-53.11631087896027,49.68363126252505,0.0164179574419719,,,4.194666711951166,187.86470949313207,3.5437722754543186,-48.56326121828252,,,,,,,3.8281136313838617,-48.773901606054274,,,,,,,,,,,,,,,,,,,,,,,,,,,,,,,,,,,,,,,,,,,,,0.3481028200293719,-0.0708902488210161,0.0557617799315409,0.0382997855075185,0.0294553909569627,0.020896560264374,62.614,2.6350581162324715,2.668466925947021,0.0074122031449363,-0.0484540314816359,-0.0102262694944718,0.0011575044410711,0.0022889848416469,-0.0058809933561435,-2.94405210420841,-2.93225262217255,53.09651776597472,62.613999999999976,0.9568998339958272,-0.0150558427670428,,,,,,,,,,,,,,,7,0.0475615476283115,3.0,1.0,,0.3470070378320599,,,,,,,,,,,,,-16.32369986257165,-3.209775922300809,4.52341726881892,1.1632369986257165,-2.299900741606199,4.52341726881892,23.624036600613547,153.3953936211372,100.0,0.9969961451628876,0.6251332908638007,0.0,-15.632033884742292,-10.769115239701025,5.77381238113679,0.7614626674628845,-0.7033783347045539,-0.662177085190554,3.041760034,71.99137501149633,1.0,0.0236174638938134,3.0,False,True,False,,0.0421730863262289,0.7872698859999998,0.6066070608770795,0.0034503588864231,0.9484115603167071,97.3692657669602,30.0,0.0,-0.1653536645276811,-0.0269267253026856,0.9858077566017246,0.9340068963836876,,0.9422243867108304,0.646159791606486,0.8712835231218757,0.6972883947262006,0.3468661148585428,,,,,0.448,0.616,0.7200000000000001,0.8005051722877656,0.9422243867108304,0.2850228769800262,0.6403994560782763,0.4,0.1417192144230646,0.0,0.0,0.0,0.0,0.810508625240363
