arm,cell_id,tagged_cycle,raw_cycle,dchg_dVdQ_SOC0,dchg_dVdQ_SOC0_Q,BP1_tagged,BP2_tagged,SOC0_inc_pct_vs_t1
set4_SJ900,M01Ch022,1,12,-0.08972739046478123,68.65730400000005,266.0,411.0,0.0
set4_SJ900,M01Ch022,2,13,-0.0898442174499244,68.63152698000002,266.0,411.0,0.13020214288859133
set4_SJ900,M01Ch022,3,14,-0.089563456921861,68.59821897000002,266.0,411.0,-0.1827017837820355
set4_SJ900,M01Ch022,4,15,-0.0891029548264001,68.49081000000002,266.0,411.0,-0.695925330210323
set4_SJ900,M01Ch022,5,16,-0.08893226294570336,68.44892700000001,266.0,411.0,-0.8861591928163381
set4_SJ900,M01Ch022,6,17,-0.08870071492686826,68.46394800000003,266.0,411.0,-1.1442164233183005
set4_SJ900,M01Ch022,7,18,-0.0886426248902065,68.37264697000002,266.0,411.0,-1.2089570073928746
set4_SJ900,M01Ch022,8,19,-0.08861020512633053,68.32860899999997,266.0,411.0,-1.245088409084194
set4_SJ900,M01Ch022,9,20,-0.08841020940216535,68.30604798000005,266.0,411.0,-1.467981020949105
set4_SJ900,M01Ch022,10,21,-0.08821418792348132,68.27167396000013,266.0,411.0,-1.6864443883430003
set4_SJ900,M01Ch022,11,22,-0.08806541826742473,68.23194697000007,266.0,411.0,-1.8522462190726952
set4_SJ900,M01Ch022,12,23,-0.08788045312990579,68.19971197000004,266.0,411.0,-2.05838743922947
set4_SJ900,M01Ch022,13,24,-0.08769070095436336,68.16749,266.0,411.0,-2.2698637504868557
set4_SJ900,M01Ch022,14,25,-0.08752661300562219,68.14277800000012,266.0,411.0,-2.4527376175314863
set4_SJ900,M01Ch022,15,26,-0.08727668056687435,68.10948297000004,266.0,411.0,-2.731284042935367
set4_SJ900,M01Ch022,16,27,-0.08704685242416013,68.07295800000003,266.0,411.0,-2.9874244940548356
set4_SJ900,M01Ch022,17,28,-0.08682258469916504,68.04288397000008,266.0,411.0,-3.23736793254491
set4_SJ900,M01Ch022,18,29,-0.0866017575111889,68.02784900000005,266.0,411.0,-3.4834769376461128
set4_SJ900,M01Ch022,19,30,-0.08637609922717973,68.00744296000012,266.0,411.0,-3.734970135921778
set4_SJ900,M01Ch022,20,31,-0.08613281279754345,67.98274400000003,266.0,411.0,-4.006109671325708
set4_SJ900,M01Ch022,21,32,-0.08605211340451316,67.9741359800001,266.0,411.0,-4.0960480865769195
set4_SJ900,M01Ch022,22,33,-0.08630616115583209,67.98059,266.0,411.0,-3.812915199280209
set4_SJ900,M01Ch022,23,34,-0.08578510854935022,67.94835896000002,266.0,411.0,-4.393621496190059
set4_SJ900,M01Ch022,24,35,-0.08510664886276417,67.85382797000007,266.0,411.0,-5.1497559196606035
set4_SJ900,M01Ch022,25,36,-0.0856387907852214,67.88283297000005,266.0,411.0,-4.55669072552004
set4_SJ900,M01Ch022,26,37,-0.08403494437473166,67.89787896000004,266.0,411.0,-6.344156517383515
set4_SJ900,M01Ch022,27,38,-0.08519172959302315,67.85276097000009,266.0,411.0,-5.054934561524293
set4_SJ900,M01Ch022,28,39,-0.08435719332752994,67.83664897000004,266.0,411.0,-5.985014285419499
set4_SJ900,M01Ch022,29,40,-0.08406452801993816,67.76682997000009,266.0,411.0,-6.311185932756835
set4_SJ900,M01Ch022,30,41,-0.08402567641288589,67.77971997000009,266.0,411.0,-6.35448553932182
set4_SJ900,M01Ch022,31,42,-0.083860746476247,67.75502200000007,266.0,411.0,-6.538297790836722
set4_SJ900,M01Ch022,32,43,-0.08385867472971864,67.75716797999999,266.0,411.0,-6.540606725173969
set4_SJ900,M01Ch022,33,44,-0.08354520082916808,67.71742697000006,266.0,411.0,-6.889969276482766
set4_SJ900,M01Ch022,34,45,-0.08287258391090835,67.64221997000003,266.0,411.0,-7.639592011274921
set4_SJ900,M01Ch022,35,46,-0.08313369286352483,67.66048498000004,266.0,411.0,-7.34858950773174
set4_SJ900,M01Ch022,36,47,-0.08144513240404629,67.65081897000003,266.0,411.0,-9.230467996264535
set4_SJ900,M01Ch022,37,48,-0.0811531806005287,67.59710998000003,266.0,411.0,-9.555844452667973
set4_SJ900,M01Ch022,38,49,-0.08199627794892246,67.57133298000007,266.0,411.0,-8.616223514149002
set4_SJ900,M01Ch022,39,50,-0.08192125076629118,67.55629100000004,266.0,411.0,-8.699840325295117
set4_SJ900,M01Ch022,40,51,-0.08153790228246136,67.52191100000002,266.0,411.0,-9.127077183342713
set4_SJ900,M01Ch022,41,52,-0.08127009662088114,67.49506298000004,266.0,411.0,-9.425543081206234
set4_SJ900,M01Ch022,42,53,-0.08099601873108922,67.47143200000008,266.0,411.0,-9.730999295158538
set4_SJ900,M01Ch022,43,54,-0.08079114506976383,67.43920498000004,266.0,411.0,-9.959328304019888
set4_SJ900,M01Ch022,44,55,-0.08050339852037168,67.41664298000002,266.0,411.0,-10.280018059847674
set4_SJ900,M01Ch022,45,56,-0.08029259044963222,67.39731200000004,266.0,411.0,-10.51496089017796
set4_SJ900,M01Ch022,46,57,-0.0801647416308144,67.38550798000009,266.0,411.0,-10.657446722158104
set4_SJ900,M01Ch022,47,58,-0.08007357310373713,67.36187600000002,266.0,411.0,-10.759052850013862
set4_SJ900,M01Ch022,48,59,-0.0806744782246085,67.38012400000002,266.0,411.0,-10.08935197299209
set4_SJ900,M01Ch022,49,60,-0.07939181635107352,67.28882198000007,266.0,411.0,-11.518861810390568
set4_SJ900,M01Ch022,50,61,-0.07922783575162617,67.30815498000003,266.0,411.0,-11.701616038054985
set4_SJ900,M01Ch022,51,62,-0.07902043441274745,67.24370898000004,266.0,411.0,-11.932762110401907
set4_SJ900,M01Ch022,52,63,-0.0779329944851524,67.27701500000002,266.0,411.0,-13.144699649164803
set4_SJ900,M01Ch022,53,64,-0.07861367537692887,67.27379597000005,266.0,411.0,-12.386089721638104
set4_SJ900,M01Ch022,54,65,-0.07834809707722244,67.17173700000005,266.0,411.0,-12.682073253902615
set4_SJ900,M01Ch022,55,66,-0.07871454891976006,67.20075198000004,266.0,411.0,-12.273667480994899
set4_SJ900,M01Ch022,56,67,-0.07808979923377113,67.28559699000003,266.0,411.0,-12.96994281314573
set4_SJ900,M01Ch022,57,68,-0.0777774265524,67.0858,266.0,411.0,-13.318078070120286
set4_SJ900,M01Ch022,58,69,-0.07821754397659145,67.12017698,266.0,411.0,-12.827572972499956
set4_SJ900,M01Ch022,59,70,-0.07744239029548826,67.07291198000003,266.0,411.0,-13.691471584827752
set4_SJ900,M01Ch022,60,71,-0.07724120784491047,67.02886897999994,266.0,411.0,-13.915686787716952
set4_SJ900,M01Ch022,61,72,-0.07703184118648365,67.00632398000002,266.0,411.0,-14.149023182927278
set4_SJ900,M01Ch022,62,73,-0.07685983069071892,67.1266359900001,266.0,411.0,-14.340726624734446
set4_SJ900,M01Ch022,63,74,-0.07677308455102187,67.11587999000007,266.0,411.0,-14.437404059849523
set4_SJ900,M01Ch022,64,75,-0.07658528470654184,66.93864300000004,266.0,411.0,-14.646704523740473
set4_SJ900,M01Ch022,65,76,-0.07638772680285266,66.91717898000006,266.0,411.0,-14.866880216654133
set4_SJ900,M01Ch022,66,77,-0.07629267477460608,66.9032080000001,266.0,411.0,-14.972814455635364
set4_SJ900,M01Ch022,67,78,-0.07618006775048966,67.00846300000006,266.0,411.0,-15.098313507299654
set4_SJ900,M01Ch022,68,79,-0.07698111367059714,67.03639899000001,266.0,411.0,-14.205558334148938
set4_SJ900,M01Ch022,69,80,-0.0756785133205778,66.9536849900001,266.0,411.0,-15.657289342118707
set4_SJ900,M01Ch022,70,81,-0.07543570384408324,66.91930699999998,266.0,411.0,-15.927897319500895
set4_SJ900,M01Ch022,71,82,-0.07559993828461022,66.92575899,266.0,411.0,-15.744860189282072
set4_SJ900,M01Ch022,72,83,-0.0756702228823183,66.90856099000001,266.0,411.0,-15.666528926839229
set4_SJ900,M01Ch022,73,84,-0.07611649484023617,66.91072799000007,266.0,411.0,-15.16916468209054
set4_SJ900,M01Ch022,74,85,-0.07487477468440476,66.82908499000003,266.0,411.0,-16.553045512012577
set4_SJ900,M01Ch022,75,86,-0.0747405883311741,66.80544898000005,266.0,411.0,-16.702594442986264
set4_SJ900,M01Ch022,76,87,-0.07461012412356419,66.78181499000004,266.0,411.0,-16.84799509147734
set4_SJ900,M01Ch022,77,88,-0.07444708591448856,66.74959700000002,266.0,411.0,-17.029699037430845
set4_SJ900,M01Ch022,78,89,-0.07433401113816854,66.72273799000006,266.0,411.0,-17.155719392792022
set4_SJ900,M01Ch022,79,90,-0.0741168233371012,66.69158899000006,266.0,411.0,-17.39777234890979
set4_SJ900,M01Ch022,80,91,-0.07393400734729483,66.67225699000002,266.0,411.0,-17.60151837212456
set4_SJ900,M01Ch022,81,92,-0.07384241311421809,66.64002900000007,266.0,411.0,-17.703598943734058
set4_SJ900,M01Ch022,82,93,-0.07370027413135301,66.61532199000006,266.0,411.0,-17.86201097614558
set4_SJ900,M01Ch022,83,94,-0.07356034543430709,66.58095599000008,266.0,411.0,-18.01795967399703
set4_SJ900,M01Ch022,84,95,-0.07340487846431999,66.55409500000007,266.0,411.0,-18.191225573274604
set4_SJ900,M01Ch022,85,96,-0.07328006042517862,66.53368799000003,266.0,411.0,-18.33033364105059
set4_SJ900,M01Ch022,86,97,-0.07321179545667143,66.51650500000004,266.0,411.0,-18.406414053234176
set4_SJ900,M01Ch022,87,98,-0.07312991321558429,66.47782500000002,266.0,411.0,-18.497670737133042
set4_SJ900,M01Ch022,88,99,-0.07420853569813497,66.51756899000009,266.0,411.0,-17.295560125241295
set4_SJ900,M01Ch022,89,100,-0.0728011355563063,66.41123100000003,266.0,411.0,-18.864089126852114
set4_SJ900,M01Ch022,90,101,-0.0727146259782541,66.38438598000005,266.0,411.0,-18.96050291711625
set4_SJ900,M01Ch022,91,102,-0.07251167062693203,66.36611699999997,266.0,411.0,-19.186693994635352
set4_SJ900,M01Ch022,92,103,-0.07252955644950212,66.33710699000001,266.0,411.0,-19.166760479933277
set4_SJ900,M01Ch022,93,104,-0.07254811251838746,66.35430900000003,266.0,411.0,-19.146079984502386
set4_SJ900,M01Ch022,94,105,-0.07267203440693996,66.34785900000008,266.0,411.0,-19.007970664805683
set4_SJ900,M01Ch022,95,106,-0.07273261983526495,66.29200198000002,266.0,411.0,-18.94044899944669
set4_SJ900,M01Ch022,96,117,-0.07044702241095022,66.04279799000007,266.0,411.0,-21.487717355826508
set4_SJ900,M01Ch022,97,118,-0.07093794612971664,66.01593498000004,266.0,411.0,-20.940589309169322
set4_SJ900,M01Ch022,98,119,-0.07143193597949257,65.93966799000005,266.0,411.0,-20.39004409971087
set4_SJ900,M01Ch022,99,120,-0.07107546642630011,65.94505000000002,266.0,411.0,-20.78732474204982
set4_SJ900,M01Ch022,100,121,-0.07186137277209158,65.91066799000002,266.0,411.0,-19.911442425935945
set4_SJ900,M01Ch022,101,122,-0.07117786123953611,65.87200000000009,266.0,411.0,-20.673207065490185
set4_SJ900,M01Ch022,102,123,-0.07113117576191388,65.83225899000003,266.0,411.0,-20.72523741807305
set4_SJ900,M01Ch022,103,124,-0.0711125913794606,65.83763000000002,266.0,411.0,-20.74594946860412
set4_SJ900,M01Ch022,104,125,-0.07100898575236306,65.79144498000001,266.0,411.0,-20.861416581334
set4_SJ900,M01Ch022,105,126,-0.07050415204896775,65.74310600000004,266.0,411.0,-21.4240471234464
set4_SJ900,M01Ch022,106,127,-0.07012012298834613,65.64320798999996,266.0,411.0,-21.852042475403444
set4_SJ900,M01Ch022,107,128,-0.06984404172884,65.60668799000004,266.0,411.0,-22.159731418630322
set4_SJ900,M01Ch022,108,129,-0.06988016466445254,65.61205998000007,266.0,411.0,-22.11947288060149
set4_SJ900,M01Ch022,109,130,-0.07047703815238308,65.63782500000003,266.0,411.0,-21.454265205621994
set4_SJ900,M01Ch022,110,131,-0.0702348876461823,65.57339000000003,266.0,411.0,-21.724138769253422
set4_SJ900,M01Ch022,111,132,-0.06968948349897584,65.58843598,266.0,411.0,-22.33198453895796
set4_SJ900,M01Ch022,112,133,-0.06972606103759621,65.49603500000006,266.0,411.0,-22.29121935183852
set4_SJ900,M01Ch022,113,134,-0.07002003657576665,65.49175300000003,266.0,411.0,-21.963587469703448
set4_SJ900,M01Ch022,114,135,-0.07004721855952442,65.48100498000007,266.0,411.0,-21.933293505266317
set4_SJ900,M01Ch022,115,136,-0.07042114622356235,65.47993700000008,266.0,411.0,-21.516556027333422
set4_SJ900,M01Ch022,116,137,-0.06849343887126176,65.41012200000004,266.0,411.0,-23.66496059177602
set4_SJ900,M01Ch022,117,138,-0.06902185873236835,65.31988798000008,266.0,411.0,-23.07604358620011
set4_SJ900,M01Ch022,118,139,-0.06948719138830614,65.31452200000004,266.0,411.0,-22.557436443467658
set4_SJ900,M01Ch022,119,140,-0.06962692382242759,65.337074,266.0,411.0,-22.40170647807176
set4_SJ900,M01Ch022,120,141,-0.0693137609329125,65.30484200000002,266.0,411.0,-22.750722411660075
set4_SJ900,M01Ch022,121,142,-0.06909431639946542,65.21783698000003,266.0,411.0,-22.99529046642058
set4_SJ900,M01Ch022,122,143,-0.06934680786583783,65.22643400000003,266.0,411.0,-22.713892038287852
set4_SJ900,M01Ch022,123,144,-0.06902567847742211,65.16306,266.0,411.0,-23.07178653042933
set4_SJ900,M01Ch022,124,145,-0.06959987880921599,65.2307299800001,266.0,411.0,-22.431847790631398
set4_SJ900,M01Ch022,125,146,-0.06764746027451116,65.21139897999998,266.0,411.0,-24.607792643804384
set4_SJ900,M01Ch022,126,147,-0.06952842052835875,65.12760000000003,266.0,411.0,-22.51148710755245
set4_SJ900,M01Ch022,127,148,-0.0698171507911009,65.12545198000002,266.0,411.0,-22.189701016096386
set4_SJ900,M01Ch022,128,149,-0.06823302527571104,64.9783039900001,266.0,411.0,-23.955188128988237
set4_SJ900,M01Ch022,129,150,-0.06876714474294887,65.08892999999999,266.0,411.0,-23.35991898712293
set4_SJ900,M01Ch022,130,151,-0.06940005400171394,65.06100700000002,266.0,411.0,-22.65454991811664
set4_SJ900,M01Ch022,131,152,-0.06892300048100458,64.99548199999997,266.0,411.0,-23.186219810931142
set4_SJ900,M01Ch022,132,153,-0.06797114343584856,64.98259700000001,266.0,411.0,-24.247052005231538
set4_SJ900,M01Ch022,133,154,-0.06871425843487881,64.91706800000001,266.0,411.0,-23.418860083923043
set4_SJ900,M01Ch022,134,155,-0.0673056200919732,65.33169599000003,266.0,411.0,-24.9887690443965
set4_SJ900,M01Ch022,135,156,-0.06736562420328873,65.24146199000003,266.0,411.0,-24.921895249221237
set4_SJ900,M01Ch022,136,157,-0.06735137101023443,65.14585900000006,266.0,411.0,-24.93778024596578
set4_SJ900,M01Ch022,137,158,-0.06750861229619984,65.09860998,266.0,411.0,-24.762536894798536
set4_SJ900,M01Ch022,138,159,-0.06743401206460005,65.00299298000003,266.0,411.0,-24.84567787461903
set4_SJ900,M01Ch022,139,160,-0.06731488890388511,64.90095399000005,266.0,411.0,-24.978439075070636
set4_SJ900,M01Ch022,140,161,-0.06731612481325384,64.86443399000005,266.0,411.0,-24.977061670286737
set4_SJ900,M01Ch022,141,162,-0.06732274416262857,64.82575900000008,266.0,411.0,-24.969684492213872
set4_SJ900,M01Ch022,142,163,-0.0673920499908954,64.78494099000007,266.0,411.0,-24.892444055477846
set4_SJ900,M01Ch022,143,164,-0.0674603079307037,64.83651300000001,266.0,411.0,-24.81637147668698
set4_SJ900,M01Ch022,144,165,-0.06735111884625747,64.78279199,266.0,411.0,-24.93806127941126
set4_SJ900,M01Ch022,145,166,-0.06740173742201072,64.74735399000004,266.0,411.0,-24.881647540539497
set4_SJ900,M01Ch022,146,167,-0.06737944993665744,64.715123,266.0,411.0,-24.906486650690628
set4_SJ900,M01Ch022,147,168,-0.06728659135524485,64.67753300000001,266.0,411.0,-25.00997632193993
set4_SJ900,M01Ch022,148,169,-0.06736013805422174,64.65174799000002,266.0,411.0,-24.928009490411775
set4_SJ900,M01Ch022,149,170,-0.06723713743397548,64.61415899000009,266.0,411.0,-25.065092068662544
set4_SJ900,M01Ch022,150,171,-0.06730732803563615,64.58084899000002,266.0,411.0,-24.986865563581894
set4_SJ900,M01Ch022,151,172,-0.06722923720744947,64.55185300000007,266.0,411.0,-25.073896767523262
set4_SJ900,M01Ch022,152,173,-0.06715513573981811,64.51855999000007,266.0,411.0,-25.15648188144167
set4_SJ900,M01Ch022,153,174,-0.067182616866549,64.49170300000004,266.0,411.0,-25.125854526083923
set4_SJ900,M01Ch022,154,175,-0.06708897041497985,64.45840300000009,266.0,411.0,-25.230222268290692
set4_SJ900,M01Ch022,155,176,-0.06706533862863676,64.41757399000004,266.0,411.0,-25.256559584265993
set4_SJ900,M01Ch022,156,177,-0.06705145136206463,64.39073199,266.0,411.0,-25.272036760744875
set4_SJ900,M01Ch022,157,178,-0.06696237196357677,64.35312199,266.0,411.0,-25.37131458218428
set4_SJ900,M01Ch022,158,179,-0.06699059902505686,64.31768700000008,266.0,411.0,-25.339855892330622
set4_SJ900,M01Ch022,159,180,-0.0668826496900562,64.29190799000008,266.0,411.0,-25.46016401055572
set4_SJ900,M01Ch022,160,181,-0.06679508913897657,64.25861099000007,266.0,411.0,-25.557749096476613
set4_SJ900,M01Ch022,161,182,-0.06681653321050175,64.22423299000005,266.0,411.0,-25.53384995997647
set4_SJ900,M01Ch022,162,183,-0.06672976696668105,64.19309099000006,266.0,411.0,-25.630549800873727
set4_SJ900,M01Ch022,163,184,-0.06662680477129283,64.16086199000003,266.0,411.0,-25.745299817401435
set4_SJ900,M01Ch022,164,185,-0.06667022517505232,64.12862699000004,266.0,411.0,-25.696908346820855
set4_SJ900,M01Ch022,165,186,-0.06671556516611948,64.10285300000001,266.0,411.0,-25.64637752135909
set4_SJ900,M01Ch022,166,187,-0.06658631889177433,64.05344300000006,266.0,411.0,-25.79042079919841
set4_SJ900,M01Ch022,167,188,-0.06649794389734018,64.02122199000007,266.0,411.0,-25.888913571557403
set4_SJ900,M01Ch022,168,189,-0.06649712020577174,63.988997990000065,266.0,411.0,-25.88983156500865
set4_SJ900,M01Ch022,169,190,-0.06645706204660286,63.963225990000005,266.0,411.0,-25.934475858085026
set4_SJ900,M01Ch022,170,191,-0.06652327079039168,63.94065599000004,266.0,411.0,-25.86068708138499
set4_SJ900,M01Ch022,171,192,-0.0664882637076478,63.91058398000005,266.0,411.0,-25.89970201602485
set4_SJ900,M01Ch022,172,193,-0.06635495736839658,63.86653399000002,266.0,411.0,-26.04827018295882
set4_SJ900,M01Ch022,173,194,-0.06632242945137741,63.84720300000006,266.0,411.0,-26.084522119909938
set4_SJ900,M01Ch022,174,195,-0.06634145946108737,63.80960699000004,266.0,411.0,-26.063313423645194
set4_SJ900,M01Ch022,175,196,-0.06629882041163307,63.78382700000007,266.0,411.0,-26.11083408509922
set4_SJ900,M01Ch022,176,197,-0.06623481652508283,63.75374299000008,266.0,411.0,-26.182165577321058
set4_SJ900,M01Ch022,177,198,-0.06628544438535026,63.71185399000005,266.0,411.0,-26.12574149097998
set4_SJ900,M01Ch022,178,199,-0.06632316414245973,63.674247990000055,266.0,411.0,-26.08370331633334
set4_SJ900,M01Ch022,179,200,-0.06621248461428682,63.64740600000002,266.0,411.0,-26.20705419904551
set4_SJ900,M01Ch022,180,201,-0.06623053528814839,63.62269300000004,266.0,411.0,-26.186936959740915
set4_SJ900,M01Ch022,181,202,-0.06610935206718568,63.58510500000003,266.0,411.0,-26.321994070323296
set4_SJ900,M01Ch022,182,203,-0.06616282134584636,63.55396200000007,266.0,411.0,-26.262403260444945
set4_SJ900,M01Ch022,183,204,-0.06608690790489866,63.52602998000001,266.0,411.0,-26.347007794862442
set4_SJ900,M01Ch022,184,205,-0.06603191192228189,63.48950800000004,266.0,411.0,-26.408300096278868
set4_SJ900,M01Ch022,185,206,-0.06605277054714027,63.45620999000011,266.0,411.0,-26.38505343241142
set4_SJ900,M01Ch022,186,207,-0.06600924501611909,63.42076100000004,266.0,411.0,-26.433562065946536
set4_SJ900,M01Ch022,187,208,-0.06599411038943832,63.39068900000002,266.0,411.0,-26.450429408908782
set4_SJ900,M01Ch022,188,209,-0.06597247453441735,63.34557499000003,266.0,411.0,-26.474542285599945
set4_SJ900,M01Ch022,189,210,-0.06588567236898596,63.31764100000011,266.0,411.0,-26.571282160661248
set4_SJ900,M01Ch022,190,211,-0.06587751534632887,63.29938500000005,266.0,411.0,-26.580373055442475
set4_SJ900,M01Ch022,191,222,-0.06563934181186383,62.95994999000007,266.0,411.0,-26.845814336227868
set4_SJ900,M01Ch022,192,223,-0.06558916875109815,62.920200990000076,266.0,411.0,-26.901731554488418
set4_SJ900,M01Ch022,193,224,-0.06552393489855604,62.881525990000085,266.0,411.0,-26.974433827678578
set4_SJ900,M01Ch022,194,225,-0.06551343202701694,62.85575599000003,266.0,411.0,-26.986139140275654
set4_SJ900,M01Ch022,195,226,-0.06554990088014177,62.82567599000004,266.0,411.0,-26.945495081715688
set4_SJ900,M01Ch022,196,227,-0.06543985682797357,62.790221000000045,266.0,411.0,-27.06813773475417
set4_SJ900,M01Ch022,197,228,-0.06550051677936782,62.75799999000007,266.0,411.0,-27.000533014411776
set4_SJ900,M01Ch022,198,229,-0.06547845765300454,62.715038990000025,266.0,411.0,-27.025117621463203
set4_SJ900,M01Ch022,199,230,-0.06540015099953458,62.678509990000045,266.0,411.0,-27.112389359852497
set4_SJ900,M01Ch022,200,231,-0.0653262945908614,62.65166099000005,266.0,411.0,-27.194701358775696
set4_SJ900,M01Ch022,201,232,-0.06527883282388819,62.60762299000004,266.0,411.0,-27.247596875660072
set4_SJ900,M01Ch022,202,233,-0.06534766704238901,62.57109899000008,266.0,411.0,-27.170882041823642
set4_SJ900,M01Ch022,203,234,-0.06534871212790236,62.53565499000002,266.0,411.0,-27.169717307724127
set4_SJ900,M01Ch022,204,235,-0.06531137351407207,62.504504990000044,266.0,411.0,-27.2113307031844
set4_SJ900,M01Ch022,205,236,-0.06522915106101651,62.47442499000001,266.0,411.0,-27.302966548860564
set4_SJ900,M01Ch022,206,237,-0.06518373132078104,62.42607999000004,266.0,411.0,-27.353586253724604
set4_SJ900,M01Ch022,207,238,-0.06517850830562447,62.391709990000024,266.0,411.0,-27.35940723562268
set4_SJ900,M01Ch022,208,239,-0.0652405186440993,62.357336990000064,266.0,411.0,-27.290297526587757
set4_SJ900,M01Ch022,209,240,-0.06514799239916795,62.32081999000008,266.0,411.0,-27.393416813186946
set4_SJ900,M01Ch022,210,241,-0.06519855701820035,62.282144990000035,266.0,411.0,-27.337063208372992
set4_SJ900,M01Ch022,211,242,-0.06508382581783351,62.254216990000046,266.0,411.0,-27.46492962661221
set4_SJ900,M01Ch022,212,243,-0.06516491160452388,62.21555300000003,266.0,411.0,-27.374560580693952
set4_SJ900,M01Ch022,213,244,-0.06518646425180645,62.19514199,266.0,411.0,-27.350540437936065
set4_SJ900,M01Ch022,214,245,-0.06514783842930172,62.154323980000015,266.0,411.0,-27.393588410583725
set4_SJ900,M01Ch022,215,246,-0.065089960526056,62.110279990000045,266.0,411.0,-27.458092574747983
set4_SJ900,M01Ch022,216,247,-0.06514392012190853,62.085581000000026,266.0,411.0,-27.397955312789268
set4_SJ900,M01Ch022,217,248,-0.06509064508771054,62.04475397999999,266.0,411.0,-27.457329639761262
set4_SJ900,M01Ch022,218,249,-0.06503611390533484,62.00286700000003,266.0,411.0,-27.518103927404336
set4_SJ900,M01Ch022,219,250,-0.06509974806078632,61.97601399000004,266.0,411.0,-27.447184495643473
set4_SJ900,M01Ch022,220,251,-0.06514267375239205,61.93626900000005,266.0,411.0,-27.399344375270662
set4_SJ900,M01Ch022,221,252,-0.06501201200692164,61.90941398000007,266.0,411.0,-27.544965177116786
set4_SJ900,M01Ch022,222,253,-0.06501213031161703,61.873971989999994,266.0,411.0,-27.544833328085204
set4_SJ900,M01Ch022,223,254,-0.06505223465272392,61.83530099999996,266.0,411.0,-27.50013756584454
set4_SJ900,M01Ch022,224,255,-0.06501675028657221,61.795550000000055,266.0,411.0,-27.53968442658339
set4_SJ900,M01Ch022,225,256,-0.06507874293196726,61.75795700000003,266.0,411.0,-27.470594436253858
set4_SJ900,M01Ch022,226,257,-0.06501412594235516,61.73646798000002,266.0,411.0,-27.54260922379799
set4_SJ900,M01Ch022,227,258,-0.06497449019865868,61.69135400000004,266.0,411.0,-27.586782740369877
set4_SJ900,M01Ch022,228,259,-0.06505642081203575,61.65591099000007,266.0,411.0,-27.495472146188238
set4_SJ900,M01Ch022,229,260,-0.06498765399570663,61.63120499000004,266.0,411.0,-27.572111861188198
set4_SJ900,M01Ch022,230,261,-0.0650324968970695,61.57749098000001,266.0,411.0,-27.522135035683103
set4_SJ900,M01Ch022,231,262,-0.06496524499633707,61.54741497999997,266.0,411.0,-27.597086397116954
set4_SJ900,M01Ch022,232,263,-0.06504371241153942,61.52163299000003,266.0,411.0,-27.50963549188513
set4_SJ900,M01Ch022,233,264,-0.06500080969759739,61.48189299000004,266.0,411.0,-27.557450003953065
set4_SJ900,M01Ch022,234,265,-0.06499066325575675,61.44643700000004,266.0,411.0,-27.568758080325374
set4_SJ900,M01Ch022,235,266,-0.06497505219056804,61.41100399000003,266.0,411.0,-27.58615640775678
set4_SJ900,M01Ch022,236,267,-0.06502372847702795,61.37555399000006,266.0,411.0,-27.53190732483152
set4_SJ900,M01Ch022,237,268,-0.06500484823137913,61.34333699000007,266.0,411.0,-27.552949111014115
set4_SJ900,M01Ch022,238,269,-0.06499627144296574,61.32614698000002,266.0,411.0,-27.56250782922598
set4_SJ900,M01Ch022,239,270,-0.06491078259564745,61.303583000000046,266.0,411.0,-27.65778402847291
set4_SJ900,M01Ch022,240,271,-0.06503630853351423,61.27350798,266.0,411.0,-27.51788701685073
set4_SJ900,M01Ch022,241,272,-0.06489652442417874,61.23805199000002,266.0,411.0,-27.67367457359502
set4_SJ900,M01Ch022,242,273,-0.06497335104872334,61.19722899000006,266.0,411.0,-27.58805230803415
set4_SJ900,M01Ch022,243,274,-0.06492381986351395,61.147829000000044,266.0,411.0,-27.643254164404674
set4_SJ900,M01Ch022,244,275,-0.064866554362045,61.11561300000003,266.0,411.0,-27.707075814819692
set4_SJ900,M01Ch022,245,276,-0.06501362071721815,61.07801198,266.0,411.0,-27.543172290587727
set4_SJ900,M01Ch022,246,277,-0.06498186790703546,61.04578700000003,266.0,411.0,-27.57856038113423
set4_SJ900,M01Ch022,247,278,-0.06504525696873945,61.01464099999999,266.0,411.0,-27.50791410314082
set4_SJ900,M01Ch022,248,279,-0.06504996778662343,60.974894000000056,266.0,411.0,-27.502663958386155
set4_SJ900,M01Ch022,249,280,-0.0650538057074607,60.92763100000002,266.0,411.0,-27.498386645943008
set4_SJ900,M01Ch022,250,281,-0.06505877203859116,60.90721500000004,266.0,411.0,-27.4928517350259
set4_SJ900,M01Ch022,251,282,-0.06500779122262454,60.86854599999999,266.0,411.0,-27.5496691858651
set4_SJ900,M01Ch022,252,283,-0.0650673940689644,60.82772399000007,266.0,411.0,-27.483242595243073
set4_SJ900,M01Ch022,253,284,-0.06524211712448205,60.793355000000055,266.0,411.0,-27.288516041163437
set4_SJ900,M01Ch022,254,285,-0.0650530589295756,60.74716700000003,266.0,411.0,-27.4992189201028
set4_SJ900,M01Ch022,255,286,-0.06508238954222713,60.69989399000008,266.0,411.0,-27.466530336940398
set4_SJ900,M01Ch022,256,287,-0.06523047032338261,60.67841600000009,266.0,411.0,-27.301496248254175
set4_SJ900,M01Ch022,257,288,-0.06520537347075209,60.636521990000055,266.0,411.0,-27.32946636139413
set4_SJ900,M01Ch022,258,289,-0.06521187576917009,60.58711300000006,266.0,411.0,-27.322219635077527
set4_SJ900,M01Ch022,259,290,-0.0652304848720178,60.56348900000005,266.0,411.0,-27.301480033991044
set4_SJ900,M01Ch022,260,291,-0.06527507471023102,60.525885000000024,266.0,411.0,-27.25178524404759
set4_SJ900,M01Ch022,261,292,-0.06525247515821783,60.48722100000009,266.0,411.0,-27.27697214839878
set4_SJ900,M01Ch022,262,293,-0.06528272674590573,60.43566098,266.0,411.0,-27.243257150635902
set4_SJ900,M01Ch022,263,294,-0.06543250707724141,60.39590700000006,266.0,411.0,-27.076328935561513
set4_SJ900,M01Ch022,264,295,-0.06549049822046271,60.36045698000005,266.0,411.0,-27.011698566929464
set4_SJ900,M01Ch022,265,296,-0.06549212696840391,60.32394100000003,266.0,411.0,-27.009883348708186
set4_SJ900,M01Ch022,266,297,-0.0654600191547541,60.27453600000004,266.0,411.0,-27.04566708596332
set4_SJ900,M01Ch022,267,298,-0.06558367020537532,60.23908100000006,266.0,411.0,-26.907859611589313
set4_SJ900,M01Ch022,268,299,-0.06551827317943232,60.189676000000034,266.0,411.0,-26.980743739394942
set4_SJ900,M01Ch022,269,300,-0.06565552773130105,60.16389200000008,266.0,411.0,-26.82777534127507
set4_SJ900,M01Ch022,270,301,-0.06570870824572853,60.13166798000003,266.0,411.0,-26.76850635534781
set4_SJ900,M01Ch022,271,302,-0.06573779434604972,60.07581300000003,266.0,411.0,-26.73609027797107
set4_SJ900,M01Ch022,272,303,-0.06588884940380921,60.023180999999994,266.0,411.0,-26.567741397013943
set4_SJ900,M01Ch022,273,304,-0.06586343703177826,59.98450200000008,266.0,411.0,-26.596063152387984
set4_SJ900,M01Ch022,274,305,-0.0659233257660114,59.94369800000006,266.0,411.0,-26.529317943458008
set4_SJ900,M01Ch022,275,306,-0.06594886774654508,59.897506000000064,266.0,411.0,-26.500851741107322
set4_SJ900,M01Ch022,276,307,-0.06597187504960812,59.854537000000015,266.0,411.0,-26.47521040355827
set4_SJ900,M01Ch022,277,308,-0.0661222366846385,59.801908000000054,266.0,411.0,-26.307634333139283
set4_SJ900,M01Ch022,278,309,-0.06616256912949618,59.76431000000009,266.0,411.0,-26.26268435225968
set4_SJ900,M01Ch022,279,310,-0.06641513789618417,59.715966980000054,266.0,411.0,-25.981199773938958
set4_SJ900,M01Ch022,280,311,-0.06630782639585786,59.656890999999995,266.0,411.0,-26.100797033783962
set4_SJ900,M01Ch022,281,312,-0.0664395120146186,59.60962600000001,266.0,411.0,-25.954035138582697
set4_SJ900,M01Ch022,282,313,-0.06667130964080001,59.56773399999999,266.0,411.0,-25.6956997239666
set4_SJ900,M01Ch022,283,314,-0.06661197543327266,59.506505000000054,266.0,411.0,-25.761826920154974
set4_SJ900,M01Ch022,284,315,-0.06670208848726206,59.47213600000006,266.0,411.0,-25.661397103214323
set4_SJ900,M01Ch022,285,316,-0.06685564176775274,59.411980000000035,266.0,411.0,-25.490263985784633
set4_SJ900,M01Ch022,286,327,-0.06653910439577758,59.15847900000003,266.0,411.0,-25.8430407358222
set4_SJ900,M01Ch022,287,328,-0.0668411506671992,59.11228899000003,266.0,411.0,-25.5064141273172
set4_SJ900,M01Ch022,288,329,-0.06693224689918705,59.05858000000001,266.0,411.0,-25.40488857139056
set4_SJ900,M01Ch022,289,330,-0.06714109290767525,58.99198000000002,266.0,411.0,-25.17213243370907
set4_SJ900,M01Ch022,290,331,-0.06714628876708181,58.92967800000002,266.0,411.0,-25.166341716538266
set4_SJ900,M01Ch022,291,332,-0.06738880524324403,58.86737200000006,266.0,411.0,-24.896060284184106
set4_SJ900,M01Ch022,292,333,-0.06755917231483409,58.802922000000024,266.0,411.0,-24.706188417067988
set4_SJ900,M01Ch022,293,334,-0.06774031436306778,58.75567299000004,266.0,411.0,-24.504307979784134
set4_SJ900,M01Ch022,294,335,-0.06788371975314486,58.70303200000005,266.0,411.0,-24.34448455314233
set4_SJ900,M01Ch022,295,336,-0.06797645375130192,58.635360000000006,266.0,411.0,-24.241133728297537
set4_SJ900,M01Ch022,296,337,-0.06831422924315697,58.56984100000004,266.0,411.0,-23.864687372167715
set4_SJ900,M01Ch022,297,338,-0.06831178796132698,58.51076100000003,266.0,411.0,-23.8674081487526
set4_SJ900,M01Ch022,298,339,-0.06859991876940988,58.46348500000004,266.0,411.0,-23.54629014165308
set4_SJ900,M01Ch022,299,340,-0.06868514227193992,58.38507300000003,266.0,411.0,-23.451309665692964
set4_SJ900,M01Ch022,300,341,-0.06904875908271882,58.34533599000006,266.0,411.0,-23.04606349850211
set4_SJ900,M01Ch022,301,342,-0.06920820172306963,58.285189000000045,266.0,411.0,-22.8683667667406
set4_SJ900,M01Ch022,302,343,-0.069371621705087,58.21106699000007,266.0,411.0,-22.686237339850024
set4_SJ900,M01Ch022,303,344,-0.069674063995907,58.15414300000004,266.0,411.0,-22.349169372918887
set4_SJ900,M01Ch022,304,345,-0.06977528544103104,58.09934900000004,266.0,411.0,-22.236359399732642
set4_SJ900,M01Ch022,305,346,-0.07013515579542887,58.040273,266.0,411.0,-21.835288609047964
set4_SJ900,M01Ch022,306,347,-0.07015372517395194,57.95863900000007,266.0,411.0,-21.814593280200345
set4_SJ900,M01Ch022,307,348,-0.07061269141739719,57.89634300000006,266.0,411.0,-21.30308142070255
set4_SJ900,M01Ch022,308,349,-0.0705998442127741,57.83188598000004,266.0,411.0,-21.317399461778464
set4_SJ900,M01Ch022,309,350,-0.07096044841709745,57.77066600000002,266.0,411.0,-20.9155108049754
set4_SJ900,M01Ch022,310,351,-0.07134933555154047,57.70191499000006,266.0,411.0,-20.48210119345253
set4_SJ900,M01Ch022,311,352,-0.07151145643608912,57.64175899000007,266.0,411.0,-20.301419593654646
set4_SJ900,M01Ch022,312,353,-0.07164053268034518,57.56979000000002,266.0,411.0,-20.15756581211988
set4_SJ900,M01Ch022,313,354,-0.07195785854604908,57.47311598000006,266.0,411.0,-19.803910296161842
set4_SJ900,M01Ch022,314,355,-0.07232996223192288,57.41511199000002,266.0,411.0,-19.38920561797347
set4_SJ900,M01Ch022,315,356,-0.07254671978784173,57.35065298,266.0,411.0,-19.147632164431506
set4_SJ900,M01Ch022,316,357,-0.07224052818761155,57.17449700000001,266.0,411.0,-19.488878687532353
set4_SJ900,M01Ch022,317,358,-0.07315039126804115,57.217468000000046,266.0,411.0,-18.474848216216312
set4_SJ900,M01Ch022,318,359,-0.0735124451641887,57.15086898,266.0,411.0,-18.071343896886237
set4_SJ900,M01Ch022,319,360,-0.07370797929710274,57.08212600000001,266.0,411.0,-17.85342366996202
set4_SJ900,M01Ch022,320,361,-0.07408620211097314,57.015525000000046,266.0,411.0,-17.43189930386686
set4_SJ900,M01Ch022,321,362,-0.0744197653574534,56.94677998000006,266.0,411.0,-17.06014743996841
set4_SJ900,M01Ch022,322,363,-0.07464693357508134,56.87911498,266.0,411.0,-16.806971440475692
set4_SJ900,M01Ch022,323,364,-0.07505032131928094,56.80068800000004,266.0,411.0,-16.357401089538172
set4_SJ900,M01Ch022,324,365,-0.07521375809975572,56.73516700000002,266.0,411.0,-16.175252940987107
set4_SJ900,M01Ch022,325,366,-0.07552589819848107,56.65890400000002,266.0,411.0,-15.82737689432121
set4_SJ900,M01Ch022,326,367,-0.0759128385247813,56.59982400000002,266.0,411.0,-15.396136974943298
set4_SJ900,M01Ch022,327,368,-0.07639266029459738,56.52677798000001,266.0,411.0,-14.861381904801807
set4_SJ900,M01Ch022,328,369,-0.07667105019402286,56.45158898000001,266.0,411.0,-14.551120012660013
set4_SJ900,M01Ch022,329,370,-0.07701767963226554,56.369957000000056,266.0,411.0,-14.164806049390643
set4_SJ900,M01Ch022,330,371,-0.07743199225877953,56.28724797999997,266.0,411.0,-13.703060060381167
set4_SJ900,M01Ch022,331,372,-0.07772288352532744,56.21527399000006,266.0,411.0,-13.37886555852269
set4_SJ900,M01Ch022,332,373,-0.07801717874355038,56.14222699000008,266.0,411.0,-13.050877397161365
set4_SJ900,M01Ch022,333,374,-0.07850736045716557,56.06488700000003,266.0,411.0,-12.50457630551467
set4_SJ900,M01Ch022,334,375,-0.07889678503703704,55.98755399999999,266.0,411.0,-12.070567718109782
set4_SJ900,M01Ch022,335,376,-0.07916834167582104,55.91128199999999,266.0,411.0,-11.767921405342452
set4_SJ900,M01Ch022,336,377,-0.07952004259300159,55.83070898000002,266.0,411.0,-11.375955345303524
set4_SJ900,M01Ch022,337,378,-0.07996662324694354,55.763055000000094,266.0,411.0,-10.878247062884194
set4_SJ900,M01Ch022,338,379,-0.08013825852462073,55.651334990000024,266.0,411.0,-10.686961796715044
set4_SJ900,M01Ch022,339,380,-0.0807481673361295,55.59117700000005,266.0,411.0,-10.007226424551108
set4_SJ900,M01Ch022,340,381,-0.08104313158909167,55.50846900000004,266.0,411.0,-9.678492632746527
set4_SJ900,M01Ch022,341,382,-0.08150015744723585,55.44723900000005,266.0,411.0,-9.169143307220818
set4_SJ900,M01Ch022,342,383,-0.08192629803822485,55.37419798000001,266.0,411.0,-8.694215206914302
set4_SJ900,M01Ch022,343,384,-0.08236297259704092,55.30437700000006,266.0,411.0,-8.207547137605554
set4_SJ900,M01Ch022,344,385,-0.08274114012506292,55.23133400000005,266.0,411.0,-7.786084386863424
set4_SJ900,M01Ch022,345,386,-0.08269705220957795,55.08202700000005,266.0,411.0,-7.835219790508397
set4_SJ900,M01Ch022,346,387,-0.083359775222035,54.99609499000004,266.0,411.0,-7.096623683985969
set4_SJ900,M01Ch022,347,388,-0.08366494291989783,54.92950000000004,266.0,411.0,-6.756518286646218
set4_SJ900,M01Ch022,348,389,-0.08412444746456418,54.85752299000006,266.0,411.0,-6.244406497496713
set4_SJ900,M01Ch022,349,390,-0.08455007416967668,54.77590000000006,266.0,411.0,-5.770051116260532
set4_SJ900,M01Ch022,350,391,-0.08505733403932544,54.716815990000036,266.0,411.0,-5.2047166436750665
set4_SJ900,M01Ch022,351,392,-0.08539251581470733,54.64161400000005,266.0,411.0,-4.831160950540935
set4_SJ900,M01Ch022,352,393,-0.08589473593800594,54.55998399999999,266.0,411.0,-4.2714432091721655
set4_SJ900,M01Ch022,353,394,-0.08632646280201065,54.48586599000003,266.0,411.0,-3.790289280847281
set4_SJ900,M01Ch022,354,395,-0.0868575518213535,54.41497500000001,266.0,411.0,-3.1983975334200387
set4_SJ900,M01Ch022,355,396,-0.08732928213287387,54.33655499000002,266.0,411.0,-2.6726602874387995
set4_SJ900,M01Ch022,356,397,-0.08763237337836674,54.24525698000002,266.0,411.0,-2.3348690690350615
set4_SJ900,M01Ch022,357,398,-0.08822516478129702,54.18188099000003,266.0,411.0,-1.674210824256439
set4_SJ900,M01Ch022,358,399,-0.08862751853444285,54.09164999000005,266.0,411.0,-1.22579284278872
set4_SJ900,M01Ch022,359,400,-0.08907254233991631,54.01431499000003,266.0,411.0,-0.7298196475712282
set4_SJ900,M01Ch022,360,401,-0.08960525662769091,53.94019299000005,266.0,411.0,-0.13611655979035575
set4_SJ900,M01Ch022,361,402,-0.08999365622758451,53.87358800000009,266.0,411.0,0.29674970087065766
set4_SJ900,M01Ch022,362,403,-0.08798726131562815,53.45145100000005,266.0,411.0,-1.9393511169101707
set4_SJ900,M01Ch022,363,404,-0.09103499230872189,53.711401990000034,266.0,411.0,1.457305107356155
set4_SJ900,M01Ch022,364,405,-0.09152858439103914,53.64050299000005,266.0,411.0,2.00740701019817
set4_SJ900,M01Ch022,365,406,-0.09208606168582953,53.57282699999997,266.0,411.0,2.6287081445593774
set4_SJ900,M01Ch022,366,407,-0.0924062434228635,53.506231990000074,266.0,411.0,2.985546491663249
set4_SJ900,M01Ch022,367,408,-0.09309578855286844,53.438557990000085,266.0,411.0,3.754035496451147
set4_SJ900,M01Ch022,368,409,-0.09348124159783763,53.371954990000006,266.0,411.0,4.1836178602896235
set4_SJ900,M01Ch022,369,410,-0.09396614338792263,53.30321799,266.0,411.0,4.724034546402134
set4_SJ900,M01Ch022,370,411,-0.09458103172783518,53.24198299,266.0,411.0,5.409319537671209
set4_SJ900,M01Ch022,371,412,-0.09489461601162144,53.175380000000025,266.0,411.0,5.758805109648635
set4_SJ900,M01Ch022,372,413,-0.09548759025795986,53.10555900000004,266.0,411.0,6.4196671310078335
set4_SJ900,M01Ch022,373,414,-0.09591553025290196,53.036823990000045,266.0,411.0,6.896600643422945
set4_SJ900,M01Ch022,374,415,-0.09639648442516122,52.974522989999976,266.0,411.0,7.4326177612372035
set4_SJ900,M01Ch022,375,416,-0.09692528093440982,52.90362299000002,266.0,411.0,8.02195453622807
set4_SJ900,M01Ch022,376,417,-0.09745776631693673,52.832727990000016,266.0,411.0,8.615402512112214
set4_SJ900,M01Ch022,377,418,-0.09790218718802193,52.775802990000024,266.0,411.0,9.110703744860803
set4_SJ900,M01Ch022,378,419,-0.09834236784364513,52.71134299000005,266.0,411.0,9.60127931308261
set4_SJ900,M01Ch022,379,420,-0.09887641175337333,52.64582199,266.0,411.0,10.196464247094283
set4_SJ900,M01Ch022,380,421,-0.0994278527110809,52.58674899000002,266.0,411.0,10.811037962936387
set4_SJ900,M01Ch022,381,432,-0.0960353263815614,52.78008599000002,266.0,411.0,7.030111857823496
set4_SJ900,M01Ch022,382,433,-0.09708813828659937,52.67053400000002,266.0,411.0,8.203456919553798
set4_SJ900,M01Ch022,383,434,-0.09798916165818114,52.55236499000001,266.0,411.0,9.207635651281665
set4_SJ900,M01Ch022,384,435,-0.09881884969367263,52.45569599000004,266.0,411.0,10.132312086419004
set4_SJ900,M01Ch022,385,436,-0.09967975112626659,52.35579700000007,266.0,411.0,11.091775443298712
set4_SJ900,M01Ch022,386,437,-0.10045981281824956,52.27415899000005,266.0,411.0,11.961143969389031
set4_SJ900,M01Ch022,387,438,-0.1012201179819316,52.18500098999999,266.0,411.0,12.808494103772428
set4_SJ900,M01Ch022,388,439,-0.10199930441039202,52.104444000000015,266.0,411.0,13.676887160144947
set4_SJ900,M01Ch022,389,440,-0.10274930591046168,52.03354100000001,266.0,411.0,14.512753996553208
set4_SJ900,M01Ch022,390,441,-0.10342647417289359,51.951912990000054,266.0,411.0,15.267449144739542
set4_SJ900,M01Ch022,391,442,-0.10402331202016828,51.87995099000005,266.0,411.0,15.932617098675482
set4_SJ900,M01Ch022,392,443,-0.10469188187022879,51.80476099000003,266.0,411.0,16.67772942903232
set4_SJ900,M01Ch022,393,444,-0.10533843948792125,51.74246100000004,266.0,411.0,17.398309415080426
set4_SJ900,M01Ch022,394,445,-0.10592926555780861,51.674774000000006,266.0,411.0,18.05677732195583
set4_SJ900,M01Ch022,395,446,-0.1065549048128496,51.60925400000006,266.0,411.0,18.75404406714949
set4_SJ900,M01Ch022,396,447,-0.10712040376585982,51.54158699000006,266.0,411.0,19.384285234401744
set4_SJ900,M01Ch022,397,448,-0.10765221017052393,51.47821400000006,266.0,411.0,19.976976498361832
set4_SJ900,M01Ch022,398,449,-0.10827530129776249,51.42020598000006,266.0,411.0,20.67140338853548
set4_SJ900,M01Ch022,399,450,-0.10886443603833695,51.358979980000036,266.0,411.0,21.327986331071536
set4_SJ900,M01Ch022,400,451,-0.10940276915507985,51.29667600000005,266.0,411.0,21.92795153005298
set4_SJ900,M01Ch022,401,452,-0.10994132930225246,51.239747000000015,266.0,411.0,22.52816975147112
set4_SJ900,M01Ch022,402,453,-0.11042745318944591,51.17744100000006,266.0,411.0,23.069948448784583
set4_SJ900,M01Ch022,403,454,-0.11093668454538408,51.12481200000003,266.0,411.0,23.637480116985763
set4_SJ900,M01Ch022,404,455,-0.11153236990333246,51.07003798,266.0,411.0,24.301363636681117
set4_SJ900,M01Ch022,405,456,-0.11204780962226712,51.008802000000045,266.0,411.0,24.87581444402627
set4_SJ900,M01Ch022,406,457,-0.1125855326030211,50.94757800000001,266.0,411.0,25.475099654449295
set4_SJ900,M01Ch022,407,458,-0.11312578916703238,50.891721990000036,266.0,411.0,26.077208510187553
set4_SJ900,M01Ch022,408,459,-0.11356548846657935,50.83371099000003,266.0,411.0,26.567247613374832
set4_SJ900,M01Ch022,409,460,-0.11412891013831332,50.785377000000004,266.0,411.0,27.195173677885908
set4_SJ900,M01Ch022,410,461,-0.1146533530390212,50.73919199000003,266.0,411.0,27.779658413250765
set4_SJ900,M01Ch022,411,462,-0.11511512708369467,50.68118100000004,266.0,411.0,28.294299530396284
set4_SJ900,M01Ch022,412,463,-0.11562437215184078,50.62425399000002,266.0,411.0,28.861846480673403
set4_SJ900,M01Ch022,413,464,-0.11609526188626176,50.57161500000005,266.0,411.0,29.38664691450059
set4_SJ900,M01Ch022,414,465,-0.11659513809682939,50.51683200000004,266.0,411.0,29.94375239586844
set4_SJ900,M01Ch022,415,466,-0.11707195945784257,50.477087000000026,266.0,411.0,30.475163549746064
set4_SJ900,M01Ch022,416,467,-0.11765780229690966,50.42445799000003,266.0,411.0,31.128077711221703
set4_SJ900,M01Ch022,417,468,-0.11824529921228288,50.37611800000001,266.0,411.0,31.782835319049173
set4_SJ900,M01Ch022,418,469,-0.11864207508087139,50.33315600000003,266.0,411.0,32.2250368213254
set4_SJ900,M01Ch022,419,470,-0.11903540209606114,50.27836900000005,266.0,411.0,32.6633946217165
set4_SJ900,M01Ch022,420,471,-0.11955931294571895,50.23540000000001,266.0,411.0,33.2472863931633
set4_SJ900,M01Ch022,421,472,-0.12011070371579324,50.189214980000024,266.0,411.0,33.8618041755463
set4_SJ900,M01Ch022,422,473,-0.12056003107431543,50.14088100000005,266.0,411.0,34.362573624200365
set4_SJ900,M01Ch022,423,474,-0.12100255150557344,50.095759000000015,266.0,411.0,34.85575684168367
set4_SJ900,M01Ch022,424,475,-0.12156951365078476,50.04849700000002,266.0,411.0,35.48762871745594
set4_SJ900,M01Ch022,425,476,-0.12201922891181646,50.00338100000005,266.0,411.0,35.988830478369984
set4_SJ900,M01Ch022,426,477,-0.12256924374227096,49.95719499999998,266.0,411.0,36.60181479409059
set4_SJ900,M01Ch022,427,478,-0.12309793085146326,49.90456100000003,266.0,411.0,37.19102964415335
set4_SJ900,M01Ch022,428,479,-0.12346225572537024,49.86052600000005,266.0,411.0,37.59706493841504
set4_SJ900,M01Ch022,429,480,-0.12390954664871504,49.81648498000003,266.0,411.0,38.09556480676945
set4_SJ900,M01Ch022,430,481,-0.12441397977452291,49.77136600000007,266.0,411.0,38.65774891041378
set4_SJ900,M01Ch022,431,482,-0.12486467859672849,49.72625198000002,266.0,411.0,39.16004683735781
set4_SJ900,M01Ch022,432,483,-0.12539927127794465,49.68542800000004,266.0,411.0,39.75584336999629
set4_SJ900,M01Ch022,433,484,-0.1259219722884681,49.64031798000005,266.0,411.0,40.338386791593535
set4_SJ900,M01Ch022,434,485,-0.12619909135214574,49.596275000000034,266.0,411.0,40.64723235395993
set4_SJ900,M01Ch022,435,486,-0.1267626743999115,49.54901900000004,266.0,411.0,41.27533826994216
set4_SJ900,M01Ch022,436,487,-0.12719228343839822,49.50712300000005,266.0,411.0,41.754131909500124
set4_SJ900,M01Ch022,437,488,-0.1276107100239303,49.46630300000004,266.0,411.0,42.22046285188532
set4_SJ900,M01Ch022,438,489,-0.12819437289278302,49.42548498000004,266.0,411.0,42.87094746514488
set4_SJ900,M01Ch022,439,490,-0.1287078903364185,49.373931000000006,266.0,411.0,43.443255921877544
set4_SJ900,M01Ch022,440,491,-0.12925707961278216,49.33740300000004,266.0,411.0,44.05532016839013
set4_SJ900,M01Ch022,441,492,-0.12956640506872596,49.299804000000016,266.0,411.0,44.400059332586835
set4_SJ900,M01Ch022,442,493,-0.1300921553459836,49.26005698000007,266.0,411.0,44.98600112197164
set4_SJ900,M01Ch022,443,494,-0.13046676048114036,49.21172500000002,266.0,411.0,45.403493632582226
set4_SJ900,M01Ch022,444,495,-0.13089051909326715,49.16983300000006,266.0,411.0,45.87576704868377
set4_SJ900,M01Ch022,445,496,-0.13149682068244511,49.12794498000002,266.0,411.0,46.55148221886465
set4_SJ900,M01Ch022,446,497,-0.1317676142530292,49.08605000000005,266.0,411.0,46.853278102129956
set4_SJ900,M01Ch022,447,498,-0.13230989877383428,49.04522998000001,266.0,411.0,47.45764708912053
set4_SJ900,M01Ch022,448,499,-0.13274092758884792,49.00763498000001,266.0,411.0,47.93802305099899
set4_SJ900,M01Ch022,449,500,-0.13327456099935908,48.96897100000004,266.0,411.0,48.532750489016486
set4_SJ900,M01Ch022,450,501,-0.13372502505543046,48.931376000000036,266.0,411.0,49.03478677218265
set4_SJ900,M01Ch022,451,502,-0.1342026635080215,48.89269700000002,266.0,411.0,49.567108563908604
set4_SJ900,M01Ch022,452,503,-0.13460161336023596,48.85725400000002,266.0,411.0,50.011732942426576
set4_SJ900,M01Ch022,453,504,-0.1351285433739812,48.817506,266.0,411.0,50.598989532655914
set4_SJ900,M01Ch022,454,505,-0.1355081297745116,48.78636300000004,266.0,411.0,51.022033598201766
set4_SJ900,M01Ch022,455,506,-0.13599917856220356,48.747696000000055,266.0,411.0,51.569301032536316
set4_SJ900,M01Ch022,456,507,-0.13643145392795536,48.710084980000026,266.0,411.0,52.051066258865376
set4_SJ900,M01Ch022,457,508,-0.1368989255610781,48.66390598000002,266.0,411.0,52.572057263620195
set4_SJ900,M01Ch022,458,509,-0.13726259153257886,48.630597980000005,266.0,411.0,52.97735821979086
set4_SJ900,M01Ch022,459,510,-0.13777184197121978,48.591927979999994,266.0,411.0,53.54491115541402
set4_SJ900,M01Ch022,460,511,-0.1381917343340565,48.54682100000002,266.0,411.0,54.01287568738324
set4_SJ900,M01Ch022,461,512,-0.1387008408298454,48.518889000000016,266.0,411.0,54.5802682005855
set4_SJ900,M01Ch022,462,513,-0.139104033067285,48.47806698000004,266.0,411.0,55.02962066180284
set4_SJ900,M01Ch022,463,514,-0.1394620962993358,48.44476599000005,266.0,411.0,55.42867743833013
set4_SJ900,M01Ch022,464,515,-0.14001174969342045,48.40933199000003,266.0,411.0,56.04125893795637
set4_SJ900,M01Ch022,465,516,-0.14053947256928334,48.37172700000005,266.0,411.0,56.629399162618334
set4_SJ900,M01Ch022,466,517,-0.14109738674461444,48.33950200000004,266.0,411.0,57.251187194612974
set4_SJ900,M01Ch022,467,518,-0.14137870706321004,48.30727698000009,266.0,411.0,57.56471500049072
set4_SJ900,M01Ch022,468,519,-0.1418483079701866,48.266462980000036,266.0,411.0,58.088079053032615
set4_SJ900,M01Ch022,469,520,-0.14228982920482441,48.23530399000001,266.0,411.0,58.58014867898604
set4_SJ900,M01Ch022,470,521,-0.14268611780755466,48.19879298000007,266.0,411.0,59.021807129853165
set4_SJ900,M01Ch022,471,522,-0.14316031958432401,48.167638000000025,266.0,411.0,59.550298791443915
set4_SJ900,M01Ch022,472,523,-0.14369341519630083,48.13218999000004,266.0,411.0,60.1444268600475
set4_SJ900,M01Ch022,473,524,-0.14402085550977392,48.095674000000024,266.0,411.0,60.5093547954048
set4_SJ900,M01Ch022,474,525,-0.14437720585765437,48.06451400000005,266.0,411.0,60.906502584986754
set4_SJ900,M01Ch022,475,526,-0.14487572541855345,48.02799098000002,266.0,411.0,61.46209609808992
set4_SJ900,M01Ch022,476,537,-0.14131751877881776,48.14400200000004,266.0,411.0,57.49652145995052
set4_SJ900,M01Ch022,477,538,-0.14242831834834335,48.07847800000005,266.0,411.0,58.73449301330977
set4_SJ900,M01Ch022,478,539,-0.1432587061683716,48.01403198000004,266.0,411.0,59.659949349136454
set4_SJ900,M01Ch022,479,540,-0.14406823403911245,47.96032697999999,266.0,411.0,60.56215754503689
set4_SJ900,M01Ch022,480,541,-0.14483880404904817,47.91091499000005,266.0,411.0,61.420947715958185
set4_SJ900,M01Ch022,481,542,-0.14558401174073737,47.861495980000036,266.0,411.0,62.25147191579181
set4_SJ900,M01Ch022,482,543,-0.1462542136275926,47.813166980000034,266.0,411.0,62.998403129754045
set4_SJ900,M01Ch022,483,544,-0.1469101756610386,47.77341799000002,266.0,411.0,63.72946421383121
set4_SJ900,M01Ch022,484,545,-0.14757042770981202,47.72614800000004,266.0,411.0,64.46530646373215
set4_SJ900,M01Ch022,485,546,-0.14822633039215202,47.676749000000015,266.0,411.0,65.19630140178
set4_SJ900,M01Ch022,486,547,-0.1488372965663255,47.636998000000006,266.0,411.0,65.87721519076766
set4_SJ900,M01Ch022,487,548,-0.1493052835068493,47.60262998999999,266.0,411.0,66.39878049886327
set4_SJ900,M01Ch022,488,549,-0.15002399240540865,47.55966398000004,266.0,411.0,67.1997721412553
set4_SJ900,M01Ch022,489,550,-0.15047624179682564,47.52206398000001,266.0,411.0,67.7037981572515
set4_SJ900,M01Ch022,490,551,-0.15104467225035453,47.48662200000004,266.0,411.0,68.33730644338848
set4_SJ900,M01Ch022,491,552,-0.15152527979711303,47.44902898000008,266.0,411.0,68.87293725162775
set4_SJ900,M01Ch022,492,553,-0.15204495659550535,47.41786800000002,266.0,411.0,69.45211022846397
set4_SJ900,M01Ch022,493,554,-0.15269904407085877,47.37060898000003,266.0,411.0,70.18108214212965
set4_SJ900,M01Ch022,494,555,-0.153140972177442,47.344829990000036,266.0,411.0,70.6736052215306
set4_SJ900,M01Ch022,495,556,-0.15347513223974069,47.31368100000004,266.0,411.0,71.04602222883211
set4_SJ900,M01Ch022,496,557,-0.15472294034620332,46.96671998000004,266.0,411.0,72.4366879998961
set4_SJ900,M01Ch022,497,558,-0.15468744256314276,47.234198000000035,266.0,411.0,72.39712618618827
set4_SJ900,M01Ch022,498,559,-0.1550809590284733,47.208408990000045,266.0,411.0,72.83569512627686
set4_SJ900,M01Ch022,499,560,-0.15553492516991813,47.17833400000003,266.0,411.0,73.34163443766586
set4_SJ900,M01Ch022,500,561,-0.15601628914947813,47.14825998000007,266.0,411.0,73.87810828034263
set4_SJ900,M01Ch022,501,562,-0.15645090213536234,47.11603199000005,266.0,411.0,74.362478753654
set4_SJ900,M01Ch022,502,563,-0.1568853793495531,47.08703199000005,266.0,411.0,74.84669791119352
set4_SJ900,M01Ch024,1,12,-0.0897621875414146,68.77332100000007,221.0,366.0,0.0
set4_SJ900,M01Ch024,2,13,-0.0892842862262817,68.74110100000009,221.0,366.0,-0.5324082759373461
set4_SJ900,M01Ch024,3,14,-0.08891553750063211,68.67664898,221.0,366.0,-0.943214580629359
set4_SJ900,M01Ch024,4,15,-0.08836166847160762,68.57782900000002,221.0,366.0,-1.560255056351889
set4_SJ900,M01Ch024,5,16,-0.0881516070602086,68.53701498000002,221.0,366.0,-1.7942749896362686
set4_SJ900,M01Ch024,6,17,-0.08746892462314666,68.53808898000005,221.0,366.0,-2.55482066678675
set4_SJ900,M01Ch024,7,18,-0.08776438466433169,68.447852,221.0,366.0,-2.2256619761647056
set4_SJ900,M01Ch024,8,19,-0.08755635663361959,68.41024700000006,221.0,366.0,-2.4574166118414675
set4_SJ900,M01Ch024,9,20,-0.08734310826037466,68.38125398000003,221.0,366.0,-2.694986995413662
set4_SJ900,M01Ch024,10,21,-0.08715138551043308,68.35009597000001,221.0,366.0,-2.9085766540359104
set4_SJ900,M01Ch024,11,22,-0.08694694465002359,68.30391598000003,221.0,366.0,-3.136334985254352
set4_SJ900,M01Ch024,12,23,-0.08667821238099636,68.27598198,221.0,366.0,-3.4357174717866035
set4_SJ900,M01Ch024,13,24,-0.08644133767700005,68.24482598000004,221.0,366.0,-3.6996088836208196
set4_SJ900,M01Ch024,14,25,-0.08623137226397534,68.22334198000004,221.0,366.0,-3.9335218694511065
set4_SJ900,M01Ch024,15,26,-0.08595891912754802,68.18575200000006,221.0,366.0,-4.237049606341003
set4_SJ900,M01Ch024,16,27,-0.08571594035706193,68.13849297000003,221.0,366.0,-4.507741283027233
set4_SJ900,M01Ch024,17,28,-0.08540174873288894,68.11271700000005,221.0,366.0,-4.857767984446493
set4_SJ900,M01Ch024,18,29,-0.08522542885905222,68.09553100000001,221.0,366.0,-5.054197994304898
set4_SJ900,M01Ch024,19,30,-0.08498173792913757,68.08048600000001,221.0,366.0,-5.325683055653496
set4_SJ900,M01Ch024,20,31,-0.08467528561104545,68.0536339800001,221.0,366.0,-5.66708774563025
set4_SJ900,M01Ch024,21,32,-0.08372256570329574,68.05363100000004,221.0,366.0,-6.728469975547657
set4_SJ900,M01Ch024,22,33,-0.08359943212108557,68.05148200000004,221.0,366.0,-6.865647539489439
set4_SJ900,M01Ch024,23,34,-0.08406103784122729,67.98059798000006,221.0,366.0,-6.351393450117193
set4_SJ900,M01Ch024,24,35,-0.08356797471567892,67.91937100000008,221.0,366.0,-6.900692814418974
set4_SJ900,M01Ch024,25,36,-0.08369064518621226,67.93117400000007,221.0,366.0,-6.764031182284902
set4_SJ900,M01Ch024,26,37,-0.0834340973246489,67.93117197000005,221.0,366.0,-7.0498395706388495
set4_SJ900,M01Ch024,27,38,-0.08332438830950473,67.87424598000011,221.0,366.0,-7.172061430588017
set4_SJ900,M01Ch024,28,39,-0.0823148234107717,67.84632497999998,221.0,366.0,-8.296772098169757
set4_SJ900,M01Ch024,29,40,-0.082206624953434,67.78723998000005,221.0,366.0,-8.41731111387476
set4_SJ900,M01Ch024,30,41,-0.08167440337402246,67.79907300000004,221.0,366.0,-9.010235143456802
set4_SJ900,M01Ch024,31,42,-0.08199741888816112,67.77434698,221.0,366.0,-8.650378144662485
set4_SJ900,M01Ch024,32,43,-0.08148380889324609,67.77757198000003,221.0,366.0,-9.222567848348195
set4_SJ900,M01Ch024,33,44,-0.08144776990230784,67.72600898000002,221.0,366.0,-9.262717260840637
set4_SJ900,M01Ch024,34,45,-0.08086349227467673,67.65834596000005,221.0,366.0,-9.913634583194819
set4_SJ900,M01Ch024,35,46,-0.08084607948272868,67.67659700000007,221.0,366.0,-9.933033388443436
set4_SJ900,M01Ch024,36,47,-0.08070953718890181,67.64760696000009,221.0,366.0,-10.085148992537718
set4_SJ900,M01Ch024,37,48,-0.08040763832501083,67.6229009700001,221.0,366.0,-10.421480884796575
set4_SJ900,M01Ch024,38,49,-0.07988490934601106,67.57348700000006,221.0,366.0,-11.00382963689065
set4_SJ900,M01Ch024,39,50,-0.0796777927778439,67.55200796000005,221.0,366.0,-11.234568853302463
set4_SJ900,M01Ch024,40,51,-0.07937779477030393,67.51978397000002,221.0,366.0,-11.56878308733229
set4_SJ900,M01Ch024,41,52,-0.07913556450716866,67.49614300000003,221.0,366.0,-11.83864088577723
set4_SJ900,M01Ch024,42,53,-0.07887055530403678,67.61108299000004,221.0,366.0,-12.13387567270754
set4_SJ900,M01Ch024,43,54,-0.07859729628497562,67.43384300000008,221.0,366.0,-12.438301207050806
set4_SJ900,M01Ch024,44,55,-0.07837714463767825,67.41128500000006,221.0,366.0,-12.683562216532994
set4_SJ900,M01Ch024,45,56,-0.0781064110826408,67.385513,221.0,366.0,-12.985174245442765
set4_SJ900,M01Ch024,46,57,-0.0779232090463809,67.36616996000006,221.0,366.0,-13.189271361698275
set4_SJ900,M01Ch024,47,58,-0.07785942228383912,67.3565050000001,221.0,366.0,-13.260333313605766
set4_SJ900,M01Ch024,48,59,-0.07776972319270625,67.50259299000011,221.0,366.0,-13.360263020746066
set4_SJ900,M01Ch024,49,60,-0.0771629641325651,67.26841000000003,221.0,366.0,-14.036225891928556
set4_SJ900,M01Ch024,50,61,-0.07734141707238004,67.28452898000005,221.0,366.0,-13.837419529580696
set4_SJ900,M01Ch024,51,62,-0.07664129483775003,67.21150097000007,221.0,366.0,-14.617394097721636
set4_SJ900,M01Ch024,52,63,-0.07665324701254381,67.2157930000001,221.0,366.0,-14.6040787194748
set4_SJ900,M01Ch024,53,64,-0.07670681351473907,67.37369300000006,221.0,366.0,-14.544402698131687
set4_SJ900,M01Ch024,54,65,-0.07596422685531934,67.28560400000003,221.0,366.0,-15.371684964483666
set4_SJ900,M01Ch024,55,66,-0.0755715004897888,67.32858000000006,221.0,366.0,-15.809203675075857
set4_SJ900,M01Ch024,56,67,-0.07558447217098334,67.24049800000004,221.0,366.0,-15.794752510782928
set4_SJ900,M01Ch024,57,68,-0.07529121594971777,67.20612699000003,221.0,366.0,-16.121456025144433
set4_SJ900,M01Ch024,58,69,-0.07549586252663246,67.23511900000007,221.0,366.0,-15.893468514456522
set4_SJ900,M01Ch024,59,70,-0.07492846087001484,67.17173898999995,221.0,366.0,-16.525585079525563
set4_SJ900,M01Ch024,60,71,-0.07474999326018457,67.14489099000009,221.0,366.0,-16.72440778507508
set4_SJ900,M01Ch024,61,72,-0.07458240822723837,67.11481299000008,221.0,366.0,-16.91110670311211
set4_SJ900,M01Ch024,62,73,-0.07436871770500512,67.07720699000002,221.0,366.0,-17.149169664907305
set4_SJ900,M01Ch024,63,74,-0.07416985330760517,67.05465500000001,221.0,366.0,-17.370715510487557
set4_SJ900,M01Ch024,64,75,-0.07403736424917,67.03747899000005,221.0,366.0,-17.51831558805256
set4_SJ900,M01Ch024,65,76,-0.073891951769292,67.01599399,221.0,366.0,-17.680313065900233
set4_SJ900,M01Ch024,66,77,-0.07372530873169554,66.98591899000007,221.0,366.0,-17.865962549453172
set4_SJ900,M01Ch024,67,78,-0.07378634964546092,66.95798598000002,221.0,366.0,-17.79795962368088
set4_SJ900,M01Ch024,68,79,-0.0728657149229237,66.94939500000002,221.0,366.0,-18.82359719753397
set4_SJ900,M01Ch024,69,80,-0.07310745103241814,66.88064500000006,221.0,366.0,-18.554289913347166
set4_SJ900,M01Ch024,70,81,-0.07300401773094342,66.85056898999999,221.0,366.0,-18.66952028407204
set4_SJ900,M01Ch024,71,82,-0.07286068954398207,66.82264000000002,221.0,366.0,-18.829195745295856
set4_SJ900,M01Ch024,72,83,-0.07263739333940519,66.828018,221.0,366.0,-19.077959964053182
set4_SJ900,M01Ch024,73,84,-0.07252947038116701,66.77216000000003,221.0,366.0,-19.198192058651355
set4_SJ900,M01Ch024,74,85,-0.0723535575348114,66.7431549900001,221.0,366.0,-19.39416861757205
set4_SJ900,M01Ch024,75,86,-0.07223688163497112,66.71738099000004,221.0,366.0,-19.524151969177026
set4_SJ900,M01Ch024,76,87,-0.0720301318408327,66.68300000000004,221.0,366.0,-19.7544825792048
set4_SJ900,M01Ch024,77,88,-0.07186353954830313,66.64862900000011,221.0,366.0,-19.94007552997009
set4_SJ900,M01Ch024,78,89,-0.07183389989709936,66.62499500000011,221.0,366.0,-19.973095727021427
set4_SJ900,M01Ch024,79,90,-0.07155503274814065,66.588471,221.0,366.0,-20.28376902565293
set4_SJ900,M01Ch024,80,91,-0.07144694748066915,66.56054399000001,221.0,366.0,-20.404181941639
set4_SJ900,M01Ch024,81,92,-0.0712679991471488,66.53155100000006,221.0,366.0,-20.60354019974493
set4_SJ900,M01Ch024,82,93,-0.07114716730346486,66.49609799,221.0,366.0,-20.73815350072782
set4_SJ900,M01Ch024,83,94,-0.07097246555689583,66.46065198000004,221.0,366.0,-20.932780828062526
set4_SJ900,M01Ch024,84,95,-0.07086870892588396,66.435945,221.0,366.0,-21.048371405625055
set4_SJ900,M01Ch024,85,96,-0.07076646921379406,66.40801698000006,221.0,366.0,-21.16227205231186
set4_SJ900,M01Ch024,86,97,-0.07065272776868319,66.38760399000009,221.0,366.0,-21.288986260405775
set4_SJ900,M01Ch024,87,98,-0.06998630526729363,66.35322698000006,221.0,366.0,-22.03141747742806
set4_SJ900,M01Ch024,88,99,-0.07097627603139443,66.37042300000009,221.0,366.0,-20.928535750482567
set4_SJ900,M01Ch024,89,100,-0.07014334513716516,66.28340698000004,221.0,366.0,-21.856466449414093
set4_SJ900,M01Ch024,90,101,-0.07006505044169321,66.24044698000004,221.0,366.0,-21.943691034304948
set4_SJ900,M01Ch024,91,102,-0.06995675840023027,66.21466600000007,221.0,366.0,-22.064334307858157
set4_SJ900,M01Ch024,92,103,-0.07018875944706332,66.21252300000006,221.0,366.0,-21.80587241740345
set4_SJ900,M01Ch024,93,104,-0.07025194740674075,66.19854099000005,221.0,366.0,-21.73547756472868
set4_SJ900,M01Ch024,94,105,-0.07013454204737055,66.16311099000004,221.0,366.0,-21.86627357425779
set4_SJ900,M01Ch024,95,106,-0.06996794022741493,66.13196398000002,221.0,366.0,-22.05187713909822
set4_SJ900,M01Ch024,96,117,-0.06821022516028533,65.83549998000001,221.0,366.0,-24.01006812716725
set4_SJ900,M01Ch024,97,118,-0.06904695107202785,65.80862800000004,221.0,366.0,-23.0779095705852
set4_SJ900,M01Ch024,98,119,-0.06811372059201562,65.72376798000006,221.0,366.0,-24.117579509089815
set4_SJ900,M01Ch024,99,120,-0.06892746462347377,65.71839998000007,221.0,366.0,-23.211024027604143
set4_SJ900,M01Ch024,100,121,-0.06868795817432038,65.67327898000003,221.0,366.0,-23.477847347883497
set4_SJ900,M01Ch024,101,122,-0.06904517071596647,65.65502699000004,221.0,366.0,-23.079892984882623
set4_SJ900,M01Ch024,102,123,-0.0689717295141529,65.62816898000007,221.0,366.0,-23.16171051164431
set4_SJ900,M01Ch024,103,124,-0.068346661868223,65.614205,221.0,366.0,-23.858070151544464
set4_SJ900,M01Ch024,104,125,-0.06895484094674573,65.56264998000003,221.0,366.0,-23.180525302002863
set4_SJ900,M01Ch024,105,126,-0.06716910885287834,65.52183300000002,221.0,366.0,-25.169928794473996
set4_SJ900,M01Ch024,106,127,-0.06666104919682421,65.46382897999997,221.0,366.0,-25.73593511625589
set4_SJ900,M01Ch024,107,128,-0.0676356457730893,65.39077998000005,221.0,366.0,-24.650181077768995
set4_SJ900,M01Ch024,108,129,-0.0677076264324058,65.40045098000002,221.0,366.0,-24.569990675453667
set4_SJ900,M01Ch024,109,130,-0.06810684661452665,65.39615098000007,221.0,366.0,-24.125237497021313
set4_SJ900,M01Ch024,110,131,-0.06814656149229568,65.34136900000003,221.0,366.0,-24.080992944992417
set4_SJ900,M01Ch024,111,132,-0.06774478923022156,65.32524998000005,221.0,366.0,-24.528589280463574
set4_SJ900,M01Ch024,112,133,-0.06682825212494148,65.16520198000006,221.0,366.0,-25.54966188395512
set4_SJ900,M01Ch024,113,134,-0.06752421453710107,65.24253998000003,221.0,366.0,-24.774321586195015
set4_SJ900,M01Ch024,114,135,-0.06642838467505766,65.23932300000006,221.0,366.0,-25.99513615417535
set4_SJ900,M01Ch024,115,136,-0.06790712021244998,65.19099099000003,221.0,366.0,-24.34774366308876
set4_SJ900,M01Ch024,116,137,-0.06725752429887179,65.15554098000003,221.0,366.0,-25.071429138421543
set4_SJ900,M01Ch024,117,138,-0.0670464716549347,65.09646099000003,221.0,366.0,-25.30655335911828
set4_SJ900,M01Ch024,118,139,-0.06698944986335664,65.05887100000007,221.0,366.0,-25.37007876234193
set4_SJ900,M01Ch024,119,140,-0.06636455849358594,65.06531100000004,221.0,366.0,-26.06624202093274
set4_SJ900,M01Ch024,120,141,-0.06584852236750414,65.03308500000001,221.0,366.0,-26.641134567801316
set4_SJ900,M01Ch024,121,142,-0.06656676444334338,64.93533799000006,221.0,366.0,-25.84097350275615
set4_SJ900,M01Ch024,122,143,-0.06623089649779118,64.87733299000008,221.0,366.0,-26.21514881504701
set4_SJ900,M01Ch024,123,144,-0.06641297890533296,64.86120998000004,221.0,366.0,-26.0122990265904
set4_SJ900,M01Ch024,124,145,-0.06672229597353929,64.89881400000004,221.0,366.0,-25.667702847866902
set4_SJ900,M01Ch024,125,146,-0.06684782981394245,64.86122099000004,221.0,366.0,-25.527851264654057
set4_SJ900,M01Ch024,126,147,-0.0665264792221165,64.82039600000006,221.0,366.0,-25.88585344867801
set4_SJ900,M01Ch024,127,148,-0.06590196936540471,64.71083299000001,221.0,366.0,-26.5815916807968
set4_SJ900,M01Ch024,128,149,-0.06579941597524827,64.64746798000002,221.0,366.0,-26.695841782053662
set4_SJ900,M01Ch024,129,150,-0.06637250207986017,64.71083899000007,221.0,366.0,-26.057392430150905
set4_SJ900,M01Ch024,130,151,-0.06694863825928718,64.71083999999999,221.0,366.0,-25.41554512762033
set4_SJ900,M01Ch024,131,152,-0.06633404756137588,64.646381,221.0,366.0,-26.10023287281118
set4_SJ900,M01Ch024,132,153,-0.06678276192401839,64.61630699000006,221.0,366.0,-25.600340462729854
set4_SJ900,M01Ch024,133,154,-0.06542172211823885,64.58515599000005,221.0,366.0,-27.116613453683392
set4_SJ900,M01Ch024,134,155,-0.06475257694720617,64.93102999000008,221.0,366.0,-27.862077874015124
set4_SJ900,M01Ch024,135,156,-0.06484101817673801,64.83329099000005,221.0,366.0,-27.763549493686778
set4_SJ900,M01Ch024,136,157,-0.06488872535473096,64.73877200000007,221.0,366.0,-27.710401080864354
set4_SJ900,M01Ch024,137,158,-0.0650138523323212,64.68721200000003,221.0,366.0,-27.571002765139816
set4_SJ900,M01Ch024,138,159,-0.06493420830160672,64.58300599,221.0,366.0,-27.659730583496213
set4_SJ900,M01Ch024,139,160,-0.064709108536242,64.469151,221.0,366.0,-27.91050406788892
set4_SJ900,M01Ch024,140,161,-0.06475824067606188,64.4272540000001,221.0,366.0,-27.85576816943812
set4_SJ900,M01Ch024,141,162,-0.0647852604245068,64.38213599000005,221.0,366.0,-27.825666687750793
set4_SJ900,M01Ch024,142,163,-0.06468732891624533,64.33809999000002,221.0,366.0,-27.934767759085855
set4_SJ900,M01Ch024,143,164,-0.0647240794498523,64.36387298000001,221.0,366.0,-27.893825649035332
set4_SJ900,M01Ch024,144,165,-0.06440866849117327,64.25645799000002,221.0,366.0,-28.245210755969698
set4_SJ900,M01Ch024,145,166,-0.06453442006869446,64.21993999000006,221.0,366.0,-28.105116601665394
set4_SJ900,M01Ch024,146,167,-0.06445889848277563,64.16946098000004,221.0,366.0,-28.189251790420666
set4_SJ900,M01Ch024,147,168,-0.06431313285538784,64.12220100000006,221.0,366.0,-28.35164269396292
set4_SJ900,M01Ch024,148,169,-0.06437676659074516,64.09963999000007,221.0,366.0,-28.280751222731816
set4_SJ900,M01Ch024,149,170,-0.06439618904215651,64.05237600000005,221.0,366.0,-28.25911354661972
set4_SJ900,M01Ch024,150,171,-0.0642476325902315,64.007261,221.0,366.0,-28.424613581761427
set4_SJ900,M01Ch024,151,172,-0.06456735290902556,64.04485498000003,221.0,366.0,-28.06842761130862
set4_SJ900,M01Ch024,152,173,-0.0645452621956138,64.00940800000008,221.0,366.0,-28.093037877632142
set4_SJ900,M01Ch024,153,174,-0.06448855013981458,63.97718399000007,221.0,366.0,-28.156218218210462
set4_SJ900,M01Ch024,154,175,-0.06442544607048745,63.93206600000002,221.0,366.0,-28.226519612433975
set4_SJ900,M01Ch024,155,176,-0.06437777436199113,63.884794980000024,221.0,366.0,-28.279628510291786
set4_SJ900,M01Ch024,156,177,-0.06434443981495205,63.845057980000064,221.0,366.0,-28.316765023953185
set4_SJ900,M01Ch024,157,178,-0.06423934981313824,63.80639200000003,221.0,366.0,-28.433841049718843
set4_SJ900,M01Ch024,158,179,-0.06425769516736747,63.76127900000002,221.0,366.0,-28.413403318941878
set4_SJ900,M01Ch024,159,180,-0.06413784368592099,63.72796999999999,221.0,366.0,-28.546924442623478
set4_SJ900,M01Ch024,160,181,-0.06416252014327914,63.687161999999965,221.0,366.0,-28.51943351572649
set4_SJ900,M01Ch024,161,182,-0.06411142078986,63.653857990000034,221.0,366.0,-28.576360998020256
set4_SJ900,M01Ch024,162,183,-0.06406118426704559,63.61196399000003,221.0,366.0,-28.63232723969773
set4_SJ900,M01Ch024,163,184,-0.06396856331849533,63.570083,221.0,366.0,-28.73551205625261
set4_SJ900,M01Ch024,164,185,-0.0639617041402866,63.53248200000003,221.0,366.0,-28.743153556974242
set4_SJ900,M01Ch024,165,186,-0.06395627239911011,63.50132999000003,221.0,366.0,-28.749204814553032
set4_SJ900,M01Ch024,166,187,-0.06386046908479395,63.45191500000004,221.0,366.0,-28.85593496111052
set4_SJ900,M01Ch024,167,188,-0.06375912127294657,63.40787598000004,221.0,366.0,-28.968841982010186
set4_SJ900,M01Ch024,168,189,-0.06373380062636616,63.36169200000011,221.0,366.0,-28.997050571031846
set4_SJ900,M01Ch024,169,190,-0.06365928896975719,63.30690999000002,221.0,366.0,-29.080060643145554
set4_SJ900,M01Ch024,170,191,-0.06382297155245936,63.310126990000015,221.0,366.0,-28.897709268713367
set4_SJ900,M01Ch024,171,192,-0.06379817641989287,63.27790100000003,221.0,366.0,-28.925332406301287
set4_SJ900,M01Ch024,172,193,-0.06378917705261586,63.24245198000006,221.0,366.0,-28.935358195025362
set4_SJ900,M01Ch024,173,194,-0.06378036677175704,63.21345500000001,221.0,366.0,-28.945173331108975
set4_SJ900,M01Ch024,174,195,-0.063711561948354,63.16403798000006,221.0,366.0,-29.02182567803544
set4_SJ900,M01Ch024,175,196,-0.06368421756675237,63.13504000000005,221.0,366.0,-29.052288818864113
set4_SJ900,M01Ch024,176,197,-0.06363893335708888,63.098520000000065,221.0,366.0,-29.10273791207788
set4_SJ900,M01Ch024,177,198,-0.06359246383139548,63.052324000000056,221.0,366.0,-29.154507512358585
set4_SJ900,M01Ch024,178,199,-0.06366227625197254,63.009366980000024,221.0,366.0,-29.07673264691777
set4_SJ900,M01Ch024,179,200,-0.06360129476880876,62.98037000000005,221.0,366.0,-29.144669363740384
set4_SJ900,M01Ch024,180,201,-0.06354192014107583,62.93632499000003,221.0,366.0,-29.21081595548374
set4_SJ900,M01Ch024,181,202,-0.06364585140314807,62.90409700000004,221.0,366.0,-29.095030829342182
set4_SJ900,M01Ch024,182,203,-0.06351045645749195,62.86649698000005,221.0,366.0,-29.245868224647033
set4_SJ900,M01Ch024,183,204,-0.06341845561321244,62.82460400000005,221.0,366.0,-29.348362211034196
set4_SJ900,M01Ch024,184,205,-0.06341412165984453,62.7784180000001,221.0,366.0,-29.353190472785172
set4_SJ900,M01Ch024,185,206,-0.06341910616788841,62.741897999999985,221.0,366.0,-29.347637457444964
set4_SJ900,M01Ch024,186,207,-0.06341657149004107,62.69892699000004,221.0,366.0,-29.350461227583335
set4_SJ900,M01Ch024,187,208,-0.06335783748114251,62.66348000000004,221.0,366.0,-29.41589413480995
set4_SJ900,M01Ch024,188,209,-0.06333236466924093,62.62266199999998,221.0,366.0,-29.444272244345026
set4_SJ900,M01Ch024,189,210,-0.06328447688292192,62.57968800000003,221.0,366.0,-29.49762186474829
set4_SJ900,M01Ch024,190,211,-0.06334521120405553,62.551762000000046,221.0,366.0,-29.4299604999831
set4_SJ900,M01Ch024,191,222,-0.06316442924677056,62.15755599999998,221.0,366.0,-29.631361515529385
set4_SJ900,M01Ch024,192,223,-0.06312761493112183,62.114588000000005,221.0,366.0,-29.67237468227262
set4_SJ900,M01Ch024,193,224,-0.06311949707748202,62.06946600000004,221.0,366.0,-29.68141841645754
set4_SJ900,M01Ch024,194,225,-0.06307782454082486,62.029725000000056,221.0,366.0,-29.727843907857164
set4_SJ900,M01Ch024,195,226,-0.06304649416404466,61.984604,221.0,366.0,-29.762747665929844
set4_SJ900,M01Ch024,196,227,-0.06322984381158302,61.95990700000007,221.0,366.0,-29.558486102614257
set4_SJ900,M01Ch024,197,228,-0.06315233526091302,61.92015800000007,221.0,366.0,-29.644834879079006
set4_SJ900,M01Ch024,198,229,-0.06299939280643223,61.85678798000004,221.0,366.0,-29.815221161621665
set4_SJ900,M01Ch024,199,230,-0.06302896740798462,61.81489700000003,221.0,366.0,-29.782273433449657
set4_SJ900,M01Ch024,200,231,-0.0629681263689196,61.774072980000014,221.0,366.0,-29.85005368784347
set4_SJ900,M01Ch024,201,232,-0.06300670870826537,61.73325198000005,221.0,366.0,-29.807070845733065
set4_SJ900,M01Ch024,202,233,-0.06300952652098712,61.680617000000055,221.0,366.0,-29.80393164781584
set4_SJ900,M01Ch024,203,234,-0.06288109092778264,61.61187300000002,221.0,366.0,-29.947015942798316
set4_SJ900,M01Ch024,204,235,-0.06289626931760976,61.57749798000005,221.0,366.0,-29.930106384059997
set4_SJ900,M01Ch024,205,236,-0.06294228335923299,61.535609980000004,221.0,366.0,-29.878844218014855
set4_SJ900,M01Ch024,206,237,-0.06293101654990621,61.48512498,221.0,366.0,-29.891396061542054
set4_SJ900,M01Ch024,207,238,-0.0629155759469733,61.43786300000007,221.0,366.0,-29.908597740061506
set4_SJ900,M01Ch024,208,239,-0.06293108286653827,61.3991930000001,221.0,366.0,-29.89132218117674
set4_SJ900,M01Ch024,209,240,-0.06291019474320603,61.35515299000005,221.0,366.0,-29.914592696194664
set4_SJ900,M01Ch024,210,241,-0.06294808415753991,61.30681598000009,221.0,366.0,-29.87238181055153
set4_SJ900,M01Ch024,211,242,-0.06298341016145494,61.26384600000006,221.0,366.0,-29.8330267047073
set4_SJ900,M01Ch024,212,243,-0.0630081409587498,61.221941980000054,221.0,366.0,-29.80547524014049
set4_SJ900,M01Ch024,213,244,-0.06313577533276182,61.18865198000007,221.0,366.0,-29.663283547281914
set4_SJ900,M01Ch024,214,245,-0.06308850071311953,61.15428599000003,221.0,366.0,-29.715950066377705
set4_SJ900,M01Ch024,215,246,-0.06319011964847426,61.098419980000074,221.0,366.0,-29.60274099902086
set4_SJ900,M01Ch024,216,247,-0.0630990201953695,61.05116298000005,221.0,366.0,-29.704230786201823
set4_SJ900,M01Ch024,217,248,-0.06312094311974917,61.00497999000006,221.0,366.0,-29.67980744606259
set4_SJ900,M01Ch024,218,249,-0.06318459069543156,60.964155000000034,221.0,366.0,-29.608900555950278
set4_SJ900,M01Ch024,219,250,-0.06327948690371761,60.91903400000004,221.0,366.0,-29.50318097526129
set4_SJ900,M01Ch024,220,251,-0.06330088230916135,60.872849,221.0,366.0,-29.479345320148866
set4_SJ900,M01Ch024,221,252,-0.06332063948021004,60.82773400000002,221.0,366.0,-29.457334748002808
set4_SJ900,M01Ch024,222,253,-0.06336063631984666,60.78583799000005,221.0,366.0,-29.41277607498899
set4_SJ900,M01Ch024,223,254,-0.06337840861976773,60.73535800000005,221.0,366.0,-29.392976758140932
set4_SJ900,M01Ch024,224,255,-0.06343009776642736,60.68594500000002,221.0,366.0,-29.335392213829582
set4_SJ900,M01Ch024,225,256,-0.06347124576655364,60.63975798000004,221.0,366.0,-29.289551084893972
set4_SJ900,M01Ch024,226,257,-0.06362673584273874,60.59249700000001,221.0,366.0,-29.11632661204635
set4_SJ900,M01Ch024,227,258,-0.06362188087064306,60.544153000000065,221.0,366.0,-29.121735317235764
set4_SJ900,M01Ch024,228,259,-0.0636047042097195,60.48507699000006,221.0,366.0,-29.140871059572294
set4_SJ900,M01Ch024,229,260,-0.06373849101940741,60.43781000000003,221.0,366.0,-28.991825215935542
set4_SJ900,M01Ch024,230,261,-0.06376181512109182,60.392700000000026,221.0,366.0,-28.965840887430126
set4_SJ900,M01Ch024,231,262,-0.06391029201962439,60.338989000000005,221.0,366.0,-28.800429479130763
set4_SJ900,M01Ch024,232,263,-0.06394558235656175,60.280980980000045,221.0,366.0,-28.761114108255825
set4_SJ900,M01Ch024,233,264,-0.06420638059069217,60.23802098000005,221.0,366.0,-28.4705705717471
set4_SJ900,M01Ch024,234,265,-0.06411689592446948,60.181092000000056,221.0,366.0,-28.570261397777163
set4_SJ900,M01Ch024,235,266,-0.06414880562035444,60.11557199000007,221.0,366.0,-28.534712246448567
set4_SJ900,M01Ch024,236,267,-0.06432643437696275,60.07044900000007,221.0,366.0,-28.33682406939588
set4_SJ900,M01Ch024,237,268,-0.06441280587994727,60.01459000000004,221.0,366.0,-28.24060147795707
set4_SJ900,M01Ch024,238,269,-0.06467140456842461,59.965180000000025,221.0,366.0,-27.952508355941706
set4_SJ900,M01Ch024,239,270,-0.06453458739241918,59.881408990000054,221.0,366.0,-28.104930193859047
set4_SJ900,M01Ch024,240,271,-0.06468826095249039,59.85991799000004,221.0,366.0,-27.93372941959059
set4_SJ900,M01Ch024,241,272,-0.06485116507869712,59.79760498000005,221.0,366.0,-27.75224528838939
set4_SJ900,M01Ch024,242,273,-0.06496612306251136,59.736385,221.0,366.0,-27.624175789457894
set4_SJ900,M01Ch024,243,274,-0.06500741853858474,59.664409000000056,221.0,366.0,-27.578170364228782
set4_SJ900,M01Ch024,244,275,-0.06512350428920645,59.601038990000056,221.0,366.0,-27.44884447122049
set4_SJ900,M01Ch024,245,276,-0.0653494085606006,59.537670000000034,221.0,366.0,-27.197174722987217
set4_SJ900,M01Ch024,246,277,-0.06542066768140813,59.48395800000003,221.0,366.0,-27.11778815414425
set4_SJ900,M01Ch024,247,278,-0.06562790637897957,59.43132,221.0,366.0,-26.886912878877776
set4_SJ900,M01Ch024,248,279,-0.06582735862785213,59.361501000000075,221.0,366.0,-26.664712134515867
set4_SJ900,M01Ch024,249,280,-0.06601579243224415,59.29489900000004,221.0,366.0,-26.454786541620667
set4_SJ900,M01Ch024,250,281,-0.06612335698061368,59.2197110000001,221.0,366.0,-26.334953735273448
set4_SJ900,M01Ch024,251,282,-0.06642165539031748,59.19285000000007,221.0,366.0,-26.00263294644889
set4_SJ900,M01Ch024,252,283,-0.06663422834180537,59.11444900000005,221.0,366.0,-25.765815019758097
set4_SJ900,M01Ch024,253,284,-0.06679471063040122,59.05428799000001,221.0,366.0,-25.587028948483027
set4_SJ900,M01Ch024,254,285,-0.06700002372568127,58.985539990000014,221.0,366.0,-25.358298899780372
set4_SJ900,M01Ch024,255,286,-0.06728619649494068,58.90820599000003,221.0,366.0,-25.039486739451313
set4_SJ900,M01Ch024,256,287,-0.06747491382130022,58.84052998999997,221.0,366.0,-24.829245287534295
set4_SJ900,M01Ch024,257,288,-0.0676734130051657,58.784679990000065,221.0,366.0,-24.608106309861878
set4_SJ900,M01Ch024,258,289,-0.06788685045155271,58.70948599000002,221.0,366.0,-24.370325288439542
set4_SJ900,M01Ch024,259,290,-0.06812184493111648,58.624624999999995,221.0,366.0,-24.1085285497456
set4_SJ900,M01Ch024,260,291,-0.06833322090911995,58.56232099000008,221.0,366.0,-23.8730441171654
set4_SJ900,M01Ch024,261,292,-0.068711919551375,58.494652990000084,221.0,366.0,-23.4511530596638
set4_SJ900,M01Ch024,262,293,-0.06883541514280272,58.415161990000065,221.0,366.0,-23.313572197598965
set4_SJ900,M01Ch024,263,294,-0.0691502534027975,58.339969990000036,221.0,366.0,-22.962825108408968
set4_SJ900,M01Ch024,264,295,-0.0695773454043878,58.26799999000003,221.0,366.0,-22.487021194435453
set4_SJ900,M01Ch024,265,296,-0.06973834522822828,58.19710599,221.0,366.0,-22.307658560513243
set4_SJ900,M01Ch024,266,297,-0.06995648752071325,58.136955990000054,221.0,366.0,-22.064636082496737
set4_SJ900,M01Ch024,267,298,-0.07031186625099216,58.05102199000001,221.0,366.0,-21.668724685935747
set4_SJ900,M01Ch024,268,299,-0.07056619951065962,57.968312990000044,221.0,366.0,-21.385383485555444
set4_SJ900,M01Ch024,269,300,-0.07085318577749233,57.88774099000007,221.0,366.0,-21.065665044312787
set4_SJ900,M01Ch024,270,301,-0.07122209101853548,57.81578199000004,221.0,366.0,-20.654684372888156
set4_SJ900,M01Ch024,271,302,-0.07158225719765574,57.74058199000001,221.0,366.0,-20.25343949574645
set4_SJ900,M01Ch024,272,303,-0.0717669544859861,57.65465399000001,221.0,366.0,-20.047676586676133
set4_SJ900,M01Ch024,273,304,-0.07217826904423254,57.57300900000004,221.0,366.0,-19.589449609914166
set4_SJ900,M01Ch024,274,305,-0.07238944612689555,57.49245699000002,221.0,366.0,-19.354186757651814
set4_SJ900,M01Ch024,275,306,-0.0728544259787891,57.41511299000002,221.0,366.0,-18.836173700451063
set4_SJ900,M01Ch024,276,307,-0.073109646746128,57.33026099000002,221.0,366.0,-18.55184376784872
set4_SJ900,M01Ch024,277,308,-0.07344803219831363,57.24540099000003,221.0,366.0,-18.174863815093556
set4_SJ900,M01Ch024,278,309,-0.07383155952346938,57.17020599000006,221.0,366.0,-17.747593340007583
set4_SJ900,M01Ch024,279,310,-0.07420489327803022,57.07997500000004,221.0,366.0,-17.331679061638884
set4_SJ900,M01Ch024,280,311,-0.07466431306201574,57.00048699000006,221.0,366.0,-16.819860225034056
set4_SJ900,M01Ch024,281,312,-0.07503731828645777,56.91885300000002,221.0,366.0,-16.404311947236195
set4_SJ900,M01Ch024,282,313,-0.0754438916182416,56.832914990000006,221.0,366.0,-15.951366956789915
set4_SJ900,M01Ch024,283,314,-0.07576798204103453,56.75880399000001,221.0,366.0,-15.590312450800514
set4_SJ900,M01Ch024,284,315,-0.07660167804525796,56.60842099000001,221.0,366.0,-14.661529377372439
set4_SJ900,M01Ch024,285,316,-0.0765642048415757,56.55148899000006,221.0,366.0,-14.703276581522262
set4_SJ900,M01Ch024,286,327,-0.07531562446623725,56.48060599000001,221.0,366.0,-16.094263599037152
set4_SJ900,M01Ch024,287,328,-0.0760309264938717,56.36565699000001,221.0,366.0,-15.297377908941389
set4_SJ900,M01Ch024,288,329,-0.0766898238074833,56.23997499000006,221.0,366.0,-14.56333016382867
set4_SJ900,M01Ch024,289,330,-0.07724211135006183,56.13041299000002,221.0,366.0,-13.948051550744845
set4_SJ900,M01Ch024,290,331,-0.07787434456045864,56.025151000000044,221.0,366.0,-13.243709079027443
set4_SJ900,M01Ch024,291,332,-0.07857870217934665,55.91880799000004,221.0,366.0,-12.459016060530049
set4_SJ900,M01Ch024,292,333,-0.07917608913584659,55.81353599000006,221.0,366.0,-11.793494226824386
set4_SJ900,M01Ch024,293,334,-0.07972455854141278,55.70611999000006,221.0,366.0,-11.182469227781077
set4_SJ900,M01Ch024,294,335,-0.08039240341552903,55.60514199000002,221.0,366.0,-10.43845340953008
set4_SJ900,M01Ch024,295,336,-0.08094943037296656,55.50955400000003,221.0,366.0,-9.81789482835631
set4_SJ900,M01Ch024,296,337,-0.08155677154430996,55.42040298000002,221.0,366.0,-9.141283453368176
set4_SJ900,M01Ch024,297,338,-0.08206090648933764,55.331242000000024,221.0,366.0,-8.579649474923645
set4_SJ900,M01Ch024,298,339,-0.08263919814444154,55.23026600000007,221.0,366.0,-7.935400854270236
set4_SJ900,M01Ch024,299,340,-0.08320695059039532,55.142185990000016,221.0,366.0,-7.302893490641393
set4_SJ900,M01Ch024,300,341,-0.08376498378045945,55.05517999000009,221.0,366.0,-6.681213911133965
set4_SJ900,M01Ch024,301,342,-0.08441801373188121,54.96064900000001,221.0,366.0,-5.953702729300902
set4_SJ900,M01Ch024,302,343,-0.08502511904696868,54.88654099000001,221.0,366.0,-5.277354111117594
set4_SJ900,M01Ch024,303,344,-0.08543622448292634,54.81134498000003,221.0,366.0,-4.8193601080547825
set4_SJ900,M01Ch024,304,345,-0.08605464726880212,54.71896300000005,221.0,366.0,-4.130403206697575
set4_SJ900,M01Ch024,305,346,-0.08663865875939983,54.622290979999995,221.0,366.0,-3.4797823755951085
set4_SJ900,M01Ch024,306,347,-0.08717296464447086,54.550320990000046,221.0,366.0,-2.884536315192987
set4_SJ900,M01Ch024,307,348,-0.08780584697117763,54.47190800000002,221.0,366.0,-2.1794706923049856
set4_SJ900,M01Ch024,308,349,-0.08825631815707548,54.389199990000044,221.0,366.0,-1.677621084762826
set4_SJ900,M01Ch024,309,350,-0.08883943855635242,54.29789099000003,221.0,366.0,-1.0279929782643138
set4_SJ900,M01Ch024,310,351,-0.08942192842390637,54.21839999000007,221.0,366.0,-0.37906731868722066
set4_SJ900,M01Ch024,311,352,-0.0900530672701855,54.13999599000003,221.0,366.0,0.3240559713818092
set4_SJ900,M01Ch024,312,353,-0.09064782809697611,54.05727998999999,221.0,366.0,0.9866521525591088
set4_SJ900,M01Ch024,313,354,-0.09109756475346326,53.97993899000005,221.0,366.0,1.4876834540519024
set4_SJ900,M01Ch024,314,355,-0.09181663201822829,53.90044699000005,221.0,366.0,2.2887638248185516
set4_SJ900,M01Ch024,315,356,-0.0923820522402101,53.80807299000002,221.0,366.0,2.9186729630299446
set4_SJ900,M01Ch024,316,357,-0.09299249592399693,53.73825400000005,221.0,366.0,3.598740707039827
set4_SJ900,M01Ch024,317,358,-0.09352425181317262,53.65232099000003,221.0,366.0,4.191145932157969
set4_SJ900,M01Ch024,318,359,-0.09406985870151753,53.58572199000005,221.0,366.0,4.798981930019752
set4_SJ900,M01Ch024,319,360,-0.09479765511573368,53.46004498000002,221.0,366.0,5.609787052032145
set4_SJ900,M01Ch024,320,361,-0.09540775187399395,53.42029699000001,221.0,366.0,6.2894683019780295
set4_SJ900,M01Ch024,321,362,-0.09587586214934374,53.359082000000015,221.0,366.0,6.810968822599617
set4_SJ900,M01Ch024,322,363,-0.09652752270247643,53.28173698000002,221.0,366.0,7.536954419632913
set4_SJ900,M01Ch024,323,364,-0.0971626042277968,53.21192200000003,221.0,366.0,8.244470070393263
set4_SJ900,M01Ch024,324,365,-0.09768903502158774,53.13887798000005,221.0,366.0,8.830942847193679
set4_SJ900,M01Ch024,325,366,-0.09829593635466934,53.07335099000007,221.0,366.0,9.507064218234905
set4_SJ900,M01Ch024,326,367,-0.0988102703020478,53.002458990000044,221.0,366.0,10.080060444670625
set4_SJ900,M01Ch024,327,368,-0.09944481718832902,52.927261990000034,221.0,366.0,10.786980478218666
set4_SJ900,M01Ch024,328,369,-0.10008071415738957,52.861743990000065,221.0,366.0,11.495404578029245
set4_SJ900,M01Ch024,329,370,-0.10062890609722061,52.78546999000001,221.0,366.0,12.106120465025771
set4_SJ900,M01Ch024,330,371,-0.10123311847734169,52.716726990000055,221.0,366.0,12.7792461949912
set4_SJ900,M01Ch024,331,372,-0.10173005933788364,52.652268990000024,221.0,366.0,13.332865568753306
set4_SJ900,M01Ch024,332,373,-0.10239324359088586,52.57922698000002,221.0,366.0,14.071689199467796
set4_SJ900,M01Ch024,333,374,-0.10298980916362857,52.50404898000002,221.0,366.0,14.736295966618451
set4_SJ900,M01Ch024,334,375,-0.10350740218247516,52.43851900000005,221.0,366.0,15.312922977416044
set4_SJ900,M01Ch024,335,376,-0.10409830440940013,52.37085298000008,221.0,366.0,15.97122046671502
set4_SJ900,M01Ch024,336,377,-0.10467169195774573,52.30317800000003,221.0,366.0,16.61000564347004
set4_SJ900,M01Ch024,337,378,-0.10528798282663332,52.23764199000001,221.0,366.0,17.296587472375723
set4_SJ900,M01Ch024,338,379,-0.10593494820619401,52.173205980000056,221.0,366.0,18.01734238853927
set4_SJ900,M01Ch024,339,380,-0.10653538626971486,52.10767398000002,221.0,366.0,18.686263322806628
set4_SJ900,M01Ch024,340,381,-0.10710696298883389,52.03571299000002,221.0,366.0,19.32303113648688
set4_SJ900,M01Ch024,341,382,-0.10765322948841641,51.97448200000005,221.0,366.0,19.93160197744426
set4_SJ900,M01Ch024,342,383,-0.10821324784746837,51.912187000000046,221.0,366.0,20.55549314408229
set4_SJ900,M01Ch024,343,384,-0.10861854885452871,51.76609600000005,221.0,366.0,21.00702069500493
set4_SJ900,M01Ch024,344,385,-0.10920834227490854,51.69841599000003,221.0,366.0,21.664082912999238
set4_SJ900,M01Ch024,345,386,-0.10839136539452984,51.52118500000002,221.0,366.0,20.753925860507906
set4_SJ900,M01Ch024,346,387,-0.11057127167332155,51.66726699000002,221.0,366.0,23.182461013782696
set4_SJ900,M01Ch024,347,388,-0.11111913985038793,51.60604699000006,221.0,366.0,23.79281621130238
set4_SJ900,M01Ch024,348,389,-0.1118095921915668,51.55554500000002,221.0,366.0,24.562017987785723
set4_SJ900,M01Ch024,349,390,-0.11234991207697324,51.49647900000006,221.0,366.0,25.163963974404126
set4_SJ900,M01Ch024,350,391,-0.11210442195904391,51.298826999999974,221.0,366.0,24.890474518929274
set4_SJ900,M01Ch024,351,392,-0.11282118996144744,51.23760199000008,221.0,366.0,25.688993385320337
set4_SJ900,M01Ch024,352,393,-0.11345986496124254,51.18497100000002,221.0,366.0,26.40051236373253
set4_SJ900,M01Ch024,353,394,-0.11398033612199783,51.13662800000004,221.0,366.0,26.980345782470394
set4_SJ900,M01Ch024,354,395,-0.11456029264375553,51.066814000000036,221.0,366.0,27.6264491558871
set4_SJ900,M01Ch024,355,396,-0.11520414543234983,51.02491699000006,221.0,366.0,28.343736475001545
set4_SJ900,M01Ch024,356,397,-0.11579041952113647,50.95724298000007,221.0,366.0,28.996877964580502
set4_SJ900,M01Ch024,357,398,-0.11624895998081974,50.90353200000005,221.0,366.0,29.50771718568539
set4_SJ900,M01Ch024,358,399,-0.1168551937935598,50.844465000000056,221.0,366.0,30.18309490245543
set4_SJ900,M01Ch024,359,400,-0.11745747229029828,50.798274000000056,221.0,366.0,30.85406618026727
set4_SJ900,M01Ch024,360,401,-0.1180012717536724,50.73918400000001,221.0,366.0,31.45988860758191
set4_SJ900,M01Ch024,361,402,-0.11856828994647342,50.67044098000003,221.0,366.0,32.09157797292788
set4_SJ900,M01Ch024,362,403,-0.11917474950864633,50.62317900000003,221.0,366.0,32.767207186947545
set4_SJ900,M01Ch024,363,404,-0.1195736234372966,50.55766399000006,221.0,366.0,33.21157462002311
set4_SJ900,M01Ch024,364,405,-0.12008938779382583,50.494274990000044,221.0,366.0,33.78616440070472
set4_SJ900,M01Ch024,365,406,-0.12065052006586259,50.43197498000003,221.0,366.0,34.41129652750128
set4_SJ900,M01Ch024,366,407,-0.12118147796292864,50.38686898999998,221.0,366.0,35.002812745642764
set4_SJ900,M01Ch024,367,408,-0.1217736813570582,50.328858989999986,221.0,366.0,35.6625598065712
set4_SJ900,M01Ch024,368,409,-0.12212250116282324,50.14624899000004,221.0,366.0,36.0511642014943
set4_SJ900,M01Ch024,369,410,-0.12282544130683455,50.22466299000001,221.0,366.0,36.83427807523649
set4_SJ900,M01Ch024,370,411,-0.12341566621010289,50.165588990000025,221.0,366.0,37.49182098883364
set4_SJ900,M01Ch024,371,412,-0.12391230621356027,50.117248989999965,221.0,366.0,38.045105191302774
set4_SJ900,M01Ch024,372,413,-0.12452766532996913,50.06890899000003,221.0,366.0,38.730648996844465
set4_SJ900,M01Ch024,373,414,-0.12507902119366315,50.02487199000001,221.0,366.0,39.34488966855228
set4_SJ900,M01Ch024,374,415,-0.12570392569817268,49.97867899000001,221.0,366.0,40.04106755996253
set4_SJ900,M01Ch024,375,416,-0.12622832320507033,49.93033899000003,221.0,366.0,40.625275143646576
set4_SJ900,M01Ch024,376,417,-0.12673293755317583,49.87878499000003,221.0,366.0,41.18744320341303
set4_SJ900,M01Ch024,377,418,-0.12732540353141772,49.83474400000006,221.0,366.0,41.84748279744426
set4_SJ900,M01Ch024,378,419,-0.12779283856220308,49.789626990000045,221.0,366.0,42.368231058586716
set4_SJ900,M01Ch024,379,420,-0.12839097442149866,49.73700299000004,221.0,366.0,43.03458721108089
set4_SJ900,M01Ch024,380,421,-0.1289368620686276,49.694029990000026,221.0,366.0,43.642735989626516
set4_SJ900,M01Ch024,381,432,-0.1270124940763056,49.72088799000006,221.0,366.0,41.498884502680376
set4_SJ900,M01Ch024,382,433,-0.1278463734273698,49.64569199000005,221.0,366.0,42.42787183454486
set4_SJ900,M01Ch024,383,434,-0.12872357769229031,49.57372099,221.0,366.0,43.405125496634824
set4_SJ900,M01Ch024,384,435,-0.12957471245310714,49.513570990000005,221.0,366.0,44.353336301350474
set4_SJ900,M01Ch024,385,436,-0.13040798141838156,49.44912299000002,221.0,366.0,45.28164362996807
set4_SJ900,M01Ch024,386,437,-0.13118908303927362,49.390042990000026,221.0,366.0,46.15183367578406
set4_SJ900,M01Ch024,387,438,-0.13193467041642143,49.33740299000007,221.0,366.0,46.98245890626187
set4_SJ900,M01Ch024,388,439,-0.13260571715160518,49.27509899000001,221.0,366.0,47.73004177335069
set4_SJ900,M01Ch024,389,440,-0.13340274443724903,49.22246599000003,221.0,366.0,48.61797388315596
set4_SJ900,M01Ch024,390,441,-0.13401600269285058,49.167688990000045,221.0,366.0,49.30117721453489
set4_SJ900,M01Ch024,391,442,-0.13467785701200868,49.11504899000003,221.0,366.0,50.038519226005754
set4_SJ900,M01Ch024,392,443,-0.13528251019512197,49.06348999,221.0,366.0,50.712136034680675
set4_SJ900,M01Ch024,393,444,-0.1359833562879541,49.01730898999999,221.0,366.0,51.49291702055938
set4_SJ900,M01Ch024,394,445,-0.1365026263120495,48.96789498999999,221.0,366.0,52.07141230718084
set4_SJ900,M01Ch024,395,446,-0.13717240094133923,48.923852990000015,221.0,366.0,52.81757797853403
set4_SJ900,M01Ch024,396,447,-0.1378019986339242,48.879813980000044,221.0,366.0,53.518984338861976
set4_SJ900,M01Ch024,397,448,-0.13839739457472877,48.82931799000001,221.0,366.0,54.182288071884166
set4_SJ900,M01Ch024,398,449,-0.13893501433071662,48.78850999000003,221.0,366.0,54.78122596623951
set4_SJ900,M01Ch024,399,450,-0.13948898501470214,48.73909999000005,221.0,366.0,55.39837969116397
set4_SJ900,M01Ch024,400,451,-0.14010889791933326,48.702568000000035,221.0,366.0,56.08899666654139
set4_SJ900,M01Ch024,401,452,-0.14076572991783448,48.65423198000003,221.0,366.0,56.820743537347276
set4_SJ900,M01Ch024,402,453,-0.14126034944963922,48.60912299000007,221.0,366.0,57.37177682358101
set4_SJ900,M01Ch024,403,454,-0.14180380923636973,48.57045799000002,221.0,366.0,57.977220832484846
set4_SJ900,M01Ch024,404,455,-0.14236077942865696,48.521039990000006,221.0,366.0,58.59771617416782
set4_SJ900,M01Ch024,405,456,-0.14292717874129385,48.48129199,221.0,366.0,59.228716073067964
set4_SJ900,M01Ch024,406,457,-0.14352523469928025,48.44263199000001,221.0,366.0,59.89498321112148
set4_SJ900,M01Ch024,407,458,-0.14410145428929463,48.39966299000004,221.0,366.0,60.53692343762111
set4_SJ900,M01Ch024,408,459,-0.14458930482452093,48.35991799000004,221.0,366.0,61.08041569041542
set4_SJ900,M01Ch024,409,460,-0.1451528663157637,48.31695099000002,221.0,366.0,61.70825410063996
set4_SJ900,M01Ch024,410,461,-0.145702492556621,48.27613000000001,221.0,366.0,62.320567877645104
set4_SJ900,M01Ch024,411,462,-0.14628859165323022,48.23639100000005,221.0,366.0,62.97351441634083
set4_SJ900,M01Ch024,412,463,-0.14691813569359105,48.19772199000001,221.0,366.0,63.67486100514847
set4_SJ900,M01Ch024,413,464,-0.1473436576470383,48.154757990000064,221.0,366.0,64.14891579938009
set4_SJ900,M01Ch024,414,465,-0.14799152227965018,48.11608098000004,221.0,366.0,64.87067253276291
set4_SJ900,M01Ch024,415,466,-0.14844353962939044,48.07097000000005,221.0,366.0,65.37424465162611
set4_SJ900,M01Ch024,416,467,-0.14900672329076842,48.04196300000009,221.0,366.0,66.00166213865887
set4_SJ900,M01Ch024,417,468,-0.14960359091240458,47.999001980000024,221.0,366.0,66.66660540484295
set4_SJ900,M01Ch024,418,469,-0.1502236488954742,47.962474980000025,221.0,366.0,67.35738400555782
set4_SJ900,M01Ch024,419,470,-0.15074755345097696,47.92273100000001,221.0,366.0,67.94104241435164
set4_SJ900,M01Ch024,420,471,-0.1511889427617325,47.88191700000003,221.0,366.0,68.43277431488258
set4_SJ900,M01Ch024,421,472,-0.1518261833906691,47.844313990000046,221.0,366.0,69.14269532548917
set4_SJ900,M01Ch024,422,473,-0.15229657254823198,47.808866000000044,221.0,366.0,69.66673464588324
set4_SJ900,M01Ch024,423,474,-0.15289003174945354,47.77987199000005,221.0,366.0,70.3278807447879
set4_SJ900,M01Ch024,424,475,-0.1535321621760466,47.74120600000002,221.0,366.0,71.04324925816867
set4_SJ900,M01Ch024,425,476,-0.1540205629158575,47.70467599999999,221.0,366.0,71.58735446904664
set4_SJ900,M01Ch024,426,477,-0.15449843135979774,47.66923299000006,221.0,366.0,72.11972612467252
set4_SJ900,M01Ch024,427,478,-0.15507267651483408,47.63378000000006,221.0,366.0,72.75946672231717
set4_SJ900,M01Ch024,428,479,-0.1556912175162552,47.59941499000003,221.0,366.0,73.4485553222755
set4_SJ900,M01Ch024,429,480,-0.15620298072042382,47.565036980000045,221.0,366.0,74.018687599781
set4_SJ900,M01Ch024,430,481,-0.15671148815789326,47.529590979999995,221.0,366.0,74.5851927746185
set4_SJ900,M01Ch024,431,482,-0.15739061562905646,47.49521799000003,221.0,366.0,75.34177802478284
set4_SJ900,M01Ch024,432,483,-0.1578772441925101,47.46298898,221.0,366.0,75.88390893400239
set4_SJ900,M01Ch024,433,484,-0.1584095974589305,47.42324599000001,221.0,366.0,76.47697967013475
set4_SJ900,M01Ch024,434,485,-0.15900063757026348,47.38887398000003,221.0,366.0,77.13543077022666
set4_SJ900,M01Ch024,435,486,-0.15948675459004585,47.35128499000004,221.0,366.0,77.67699179174042
set4_SJ900,M01Ch024,436,487,-0.16001860354893455,47.31691499000001,221.0,366.0,78.26950070162333
set4_SJ900,M01Ch024,437,488,-0.1605525716133985,47.28898000000002,221.0,366.0,78.86437041134111
set4_SJ900,M01Ch024,438,489,-0.16116559949847223,47.252451000000036,221.0,366.0,79.54731709731719
set4_SJ900,M01Ch024,439,490,-0.16161434393181318,47.21486799000005,221.0,366.0,80.04724300780586
set4_SJ900,M01Ch024,440,491,-0.16220241135447058,47.18371100000004,221.0,366.0,80.70238236967367
set4_SJ900,M01Ch024,441,492,-0.1627457030457763,47.152559000000046,221.0,366.0,81.30763911105493
set4_SJ900,M01Ch024,442,493,-0.16324358272361775,47.11281499000002,221.0,366.0,81.86230437877886
set4_SJ900,M01Ch024,443,494,-0.16381722018471165,47.07629099000006,221.0,366.0,82.50136797204217
set4_SJ900,M01Ch024,444,495,-0.16442229833797306,47.04836100000001,221.0,366.0,83.17545822076995
set4_SJ900,M01Ch024,445,496,-0.1648633462984312,47.010770000000036,221.0,366.0,83.66680983834793
set4_SJ900,M01Ch024,446,497,-0.16539964715400998,46.97424200000002,221.0,366.0,84.26427840531143
set4_SJ900,M01Ch024,447,498,-0.1659723998001955,46.94524798000001,221.0,366.0,84.90235626623843
set4_SJ900,M01Ch024,448,499,-0.16645714797476718,46.90979300000004,221.0,366.0,85.44239231911206
set4_SJ900,M01Ch024,449,500,-0.16703336778496292,46.87865000000003,221.0,366.0,86.08433279090579
set4_SJ900,M01Ch024,450,501,-0.1675726914676571,46.84427399000002,221.0,366.0,86.68516895306522
set4_SJ900,M01Ch024,451,502,-0.1681620607067908,46.82064298,221.0,366.0,87.34175860988678
set4_SJ900,M01Ch024,452,503,-0.16863274341515336,46.78090098000001,221.0,366.0,87.8661249619717
set4_SJ900,M01Ch024,453,504,-0.16920130006789522,46.739006000000025,221.0,366.0,88.49952825606984
set4_SJ900,M01Ch024,454,505,-0.1697896280611016,46.712152000000046,221.0,366.0,89.1549579078204
set4_SJ900,M01Ch024,455,506,-0.17025896694946652,46.680995980000034,221.0,366.0,89.6778271707251
set4_SJ900,M01Ch024,456,507,-0.17085592670720495,46.64662598000005,221.0,366.0,90.34287308158038
set4_SJ900,M01Ch024,457,508,-0.17134211763820964,46.613323000000044,221.0,366.0,90.88451644424951
set4_SJ900,M01Ch024,458,509,-0.17185481125811963,46.58647399000006,221.0,366.0,91.45568525592029
set4_SJ900,M01Ch024,459,510,-0.17255699512984887,46.55317700000001,221.0,366.0,92.23795660086192
set4_SJ900,M01Ch024,460,511,-0.1729599458871502,46.52524700000006,221.0,366.0,92.68686584465166
set4_SJ900,M01Ch024,461,512,-0.1735602547838077,46.49195100000005,221.0,366.0,93.35564287994902
set4_SJ900,M01Ch024,462,513,-0.17415606943994585,46.46402097999999,221.0,366.0,94.01941308481759
set4_SJ900,M01Ch024,463,514,-0.1745896651732149,46.43609300000004,221.0,366.0,94.50246251258356
set4_SJ900,M01Ch024,464,515,-0.17506919807157043,46.40601298000004,221.0,366.0,95.03668846171642
set4_SJ900,M01Ch024,465,516,-0.17556986373833258,46.366274000000004,221.0,366.0,95.5944574738978
set4_SJ900,M01Ch024,466,517,-0.17620850684082395,46.34049498000002,221.0,366.0,96.3059409169642
set4_SJ900,M01Ch024,467,518,-0.17676752182679417,46.309341999999994,221.0,366.0,96.9287142709584
set4_SJ900,M01Ch024,468,519,-0.1773692295407449,46.27711700000004,221.0,366.0,97.59904966543964
set4_SJ900,M01Ch024,469,520,-0.1777655498891403,46.24918698000002,221.0,366.0,98.04057227005814
set4_SJ900,M01Ch024,470,521,-0.17837191830407512,46.216962000000024,221.0,366.0,98.7160999410555
set4_SJ900,M01Ch024,471,522,-0.17878305363300895,46.18581098000004,221.0,366.0,99.17412724653327
set4_SJ900,M01Ch024,472,523,-0.17934270498995192,46.155736000000054,221.0,366.0,99.79760955269337
set4_SJ900,M01Ch024,473,524,-0.17994369316720651,46.123504000000054,221.0,366.0,100.46714334383155
set4_SJ900,M01Ch024,474,525,-0.1803300858283717,46.09558100000004,221.0,366.0,100.89760596038366
set4_SJ900,M01Ch024,475,526,-0.18102922640331337,46.06872200000002,221.0,366.0,101.67648690579188
SJ1300_dry,M01Ch010,1,12,-0.11373356837191953,67.68200000000004,145.0,281.0,0.0
SJ1300_dry,M01Ch010,2,13,-0.11320867558768422,67.63100000000004,145.0,281.0,-0.46151087295429605
SJ1300_dry,M01Ch010,3,14,-0.11265452963356552,67.42200000000001,145.0,281.0,-0.9487425338009725
SJ1300_dry,M01Ch010,4,15,-0.11218310374624585,67.52999999999997,145.0,281.0,-1.3632427504635336
SJ1300_dry,M01Ch010,5,16,-0.11182436753099405,67.32200000000005,145.0,281.0,-1.678660810748689
SJ1300_dry,M01Ch010,6,17,-0.11142664939650049,67.27499999999999,145.0,281.0,-2.028353641270797
SJ1300_dry,M01Ch010,7,18,-0.111042413134644,67.22699999999996,145.0,281.0,-2.366192563725078
SJ1300_dry,M01Ch010,8,19,-0.11062803909203675,67.19400000000007,145.0,281.0,-2.730530066310244
SJ1300_dry,M01Ch010,9,20,-0.11038750495407537,67.1540000000001,145.0,281.0,-2.942019199557877
SJ1300_dry,M01Ch010,10,21,-0.11000228261064379,67.11200000000004,145.0,281.0,-3.2807251321563036
SJ1300_dry,M01Ch010,11,22,-0.10965736244855133,67.06400000000004,145.0,281.0,-3.583995456854583
SJ1300_dry,M01Ch010,12,23,-0.10933880029929818,67.03000000000002,145.0,281.0,-3.86409055438236
SJ1300_dry,M01Ch010,13,24,-0.10901285812479389,67.00200000000004,145.0,281.0,-4.150674523539499
SJ1300_dry,M01Ch010,14,25,-0.10854537400227822,66.96100000000003,145.0,281.0,-4.561708951815724
SJ1300_dry,M01Ch010,15,26,-0.10837369697924552,66.93700000000008,145.0,281.0,-4.712655612058803
SJ1300_dry,M01Ch010,16,27,-0.10807668334148823,66.90599999999999,145.0,281.0,-4.973804226323708
SJ1300_dry,M01Ch010,17,28,-0.10776322566811465,66.87800000000004,145.0,281.0,-5.249411224205414
SJ1300_dry,M01Ch010,18,29,-0.10744410784996017,66.85000000000014,145.0,281.0,-5.529994892442158
SJ1300_dry,M01Ch010,19,30,-0.10713268523114236,66.82300000000005,145.0,281.0,-5.803812572899902
SJ1300_dry,M01Ch010,20,31,-0.1067735383322104,66.80400000000002,145.0,281.0,-6.119591725944251
SJ1300_dry,M01Ch010,21,32,-0.10652121126034512,66.79100000000001,145.0,281.0,-6.34144977144242
SJ1300_dry,M01Ch010,22,33,-0.10608789579490022,66.75600000000006,145.0,281.0,-6.722441480089014
SJ1300_dry,M01Ch010,23,34,-0.10581540535704201,66.73400000000002,145.0,281.0,-6.9620281225894365
SJ1300_dry,M01Ch010,24,35,-0.10558716286659023,66.71900000000004,145.0,281.0,-7.162709850701054
SJ1300_dry,M01Ch010,25,36,-0.10530673477019692,66.69800000000006,145.0,281.0,-7.409275662719095
SJ1300_dry,M01Ch010,26,37,-0.10498418630147603,66.68900000000001,145.0,281.0,-7.692875723227277
SJ1300_dry,M01Ch010,27,38,-0.10474360209530234,66.66800000000002,145.0,281.0,-7.904408878844937
SJ1300_dry,M01Ch010,28,39,-0.10437004707799284,66.64300000000001,145.0,281.0,-8.232856339569938
SJ1300_dry,M01Ch010,29,40,-0.10411554979022605,66.62599999999999,145.0,281.0,-8.456622542820114
SJ1300_dry,M01Ch010,30,41,-0.10374394421639041,66.61700000000003,145.0,281.0,-8.783355959484274
SJ1300_dry,M01Ch010,31,42,-0.10327887801851161,66.58600000000008,145.0,281.0,-9.19226443262563
SJ1300_dry,M01Ch010,32,43,-0.10326519326788944,66.594,145.0,281.0,-9.204296720733772
SJ1300_dry,M01Ch010,33,44,-0.10287264045212079,66.57100000000005,145.0,281.0,-9.549447955666423
SJ1300_dry,M01Ch010,34,45,-0.10262071123352916,66.57600000000004,145.0,281.0,-9.770956189513269
SJ1300_dry,M01Ch010,35,46,-0.10218422203310262,66.54600000000002,145.0,281.0,-10.154738397945495
SJ1300_dry,M01Ch010,36,47,-0.10196985143771875,66.54300000000006,145.0,281.0,-10.343223291589965
SJ1300_dry,M01Ch010,37,48,-0.10173660852955543,66.53300000000006,145.0,281.0,-10.548301626422996
SJ1300_dry,M01Ch010,38,49,-0.10158250028393065,66.54300000000009,145.0,281.0,-10.68380097620233
SJ1300_dry,M01Ch010,39,50,-0.10119562781385409,66.52100000000004,145.0,281.0,-11.02395777917139
SJ1300_dry,M01Ch010,40,51,-0.10088368795581215,66.52000000000001,145.0,281.0,-11.298230241125518
SJ1300_dry,M01Ch010,41,52,-0.10082186727189399,66.47200000000004,145.0,281.0,-11.35258594701175
SJ1300_dry,M01Ch010,42,53,-0.10045691703552628,66.49200000000005,145.0,281.0,-11.67346767225077
SJ1300_dry,M01Ch010,43,54,-0.1002374936526603,66.49600000000005,145.0,281.0,-11.866395218626913
SJ1300_dry,M01Ch010,44,55,-0.09994259350142581,66.49400000000006,145.0,281.0,-12.125685554326338
SJ1300_dry,M01Ch010,45,56,-0.09955527743270697,66.47700000000005,145.0,281.0,-12.466232390465592
SJ1300_dry,M01Ch010,46,57,-0.09928195799199209,66.46500000000007,145.0,281.0,-12.706547931978452
SJ1300_dry,M01Ch010,47,58,-0.09898317664312697,66.45600000000002,145.0,281.0,-12.969250802504828
SJ1300_dry,M01Ch010,48,59,-0.09869249025078229,66.44000000000001,145.0,281.0,-13.224836199591916
SJ1300_dry,M01Ch010,49,60,-0.0983791449143244,66.42300000000006,145.0,281.0,-13.50034442547755
SJ1300_dry,M01Ch010,50,61,-0.09793264446482719,66.40800000000003,145.0,281.0,-13.892929003530273
SJ1300_dry,M01Ch010,51,62,-0.09775463708071881,66.40800000000004,145.0,281.0,-14.049441620391356
SJ1300_dry,M01Ch010,52,63,-0.0975126055398152,66.40100000000004,145.0,281.0,-14.262247342016254
SJ1300_dry,M01Ch010,53,64,-0.09711039756491872,66.36900000000003,145.0,281.0,-14.61588785523854
SJ1300_dry,M01Ch010,54,65,-0.09688856239853508,66.37600000000002,145.0,281.0,-14.810935957183446
SJ1300_dry,M01Ch010,55,66,-0.09671606002514535,66.36900000000003,145.0,281.0,-14.962608304986368
SJ1300_dry,M01Ch010,56,67,-0.09635869994251192,66.36399999999999,145.0,281.0,-15.276816403570614
SJ1300_dry,M01Ch010,57,68,-0.09627297373471942,66.3660000000001,145.0,281.0,-15.352190990879944
SJ1300_dry,M01Ch010,58,69,-0.0960082409486975,66.35400000000007,145.0,281.0,-15.584956734372856
SJ1300_dry,M01Ch010,59,70,-0.09577615518140861,66.34700000000007,145.0,281.0,-15.789017655533744
SJ1300_dry,M01Ch010,60,71,-0.0954247017232566,66.32999999999998,145.0,281.0,-16.098032367006375
SJ1300_dry,M01Ch010,61,72,-0.09519389719034459,66.33099999999996,145.0,281.0,-16.300966765544946
SJ1300_dry,M01Ch010,62,73,-0.09486534684015231,66.30200000000006,145.0,281.0,-16.58984396767219
SJ1300_dry,M01Ch010,63,74,-0.09452046288954916,66.29200000000002,145.0,281.0,-16.893082453494912
SJ1300_dry,M01Ch010,64,75,-0.09427300469673137,66.27500000000006,145.0,281.0,-17.11065954736448
SJ1300_dry,M01Ch010,65,76,-0.093976000345658,66.27600000000005,145.0,281.0,-17.371799996332136
SJ1300_dry,M01Ch010,66,77,-0.09395701782287587,66.27400000000009,145.0,281.0,-17.388490339433005
SJ1300_dry,M01Ch010,67,78,-0.09357207852452493,66.24800000000002,145.0,281.0,-17.726947405241546
SJ1300_dry,M01Ch010,68,79,-0.0932869025319295,66.24500000000002,145.0,281.0,-17.97768779497667
SJ1300_dry,M01Ch010,69,80,-0.09308690452178973,66.22200000000001,145.0,281.0,-18.153535623373084
SJ1300_dry,M01Ch010,70,81,-0.09277321970363803,66.22100000000009,145.0,281.0,-18.42934233782165
SJ1300_dry,M01Ch010,71,82,-0.09253894945670414,66.21300000000002,145.0,281.0,-18.6353239581009
SJ1300_dry,M01Ch010,72,83,-0.09241703676407206,66.20500000000007,145.0,281.0,-18.74251543584774
SJ1300_dry,M01Ch010,73,84,-0.092352808276289,66.21100000000007,145.0,281.0,-18.79898819820145
SJ1300_dry,M01Ch010,74,85,-0.09192144962373448,66.20300000000002,145.0,281.0,-19.178259383243258
SJ1300_dry,M01Ch010,75,86,-0.09184787133207188,66.18700000000005,145.0,281.0,-19.24295294092888
SJ1300_dry,M01Ch010,76,87,-0.09130333911770723,66.16300000000003,145.0,281.0,-19.721731741382918
SJ1300_dry,M01Ch010,77,88,-0.09125578674673067,66.16100000000007,145.0,281.0,-19.76354206322305
SJ1300_dry,M01Ch010,78,89,-0.0909877221410629,66.15100000000008,145.0,281.0,-19.99923730210904
SJ1300_dry,M01Ch010,79,90,-0.09079192974157128,66.14200000000002,145.0,281.0,-20.171387356217394
SJ1300_dry,M01Ch010,80,91,-0.09071564996012729,66.14400000000002,145.0,281.0,-20.238456193092848
SJ1300_dry,M01Ch010,81,92,-0.09017567594757231,66.10200000000002,145.0,281.0,-20.713227204224072
SJ1300_dry,M01Ch010,82,93,-0.0901685689699876,66.11400000000003,145.0,281.0,-20.719475999268887
SJ1300_dry,M01Ch010,83,94,-0.09004324307365959,66.10200000000002,145.0,281.0,-20.829668529163126
SJ1300_dry,M01Ch010,84,95,-0.08967508118059289,66.087,145.0,281.0,-21.153374096777753
SJ1300_dry,M01Ch010,85,96,-0.08957187930051344,66.06300000000002,145.0,281.0,-21.24411413206968
SJ1300_dry,M01Ch010,86,97,-0.08934332431935016,66.06800000000005,145.0,281.0,-21.44507061698
SJ1300_dry,M01Ch010,87,98,-0.08906392993943579,66.04700000000007,145.0,281.0,-21.69072753596518
SJ1300_dry,M01Ch010,88,99,-0.0890014072231279,66.04900000000004,145.0,281.0,-21.74570050234872
SJ1300_dry,M01Ch010,89,100,-0.0888082540872599,66.042,145.0,281.0,-21.91552998948516
SJ1300_dry,M01Ch010,90,101,-0.08854050951821449,66.02300000000002,145.0,281.0,-22.15094383684626
SJ1300_dry,M01Ch010,91,102,-0.08837777322072848,66.00900000000003,145.0,281.0,-22.294029383018387
SJ1300_dry,M01Ch010,92,103,-0.08811238878995609,65.98800000000004,145.0,281.0,-22.527368083783117
SJ1300_dry,M01Ch010,93,104,-0.08791364635681499,65.97700000000003,145.0,281.0,-22.702111948752858
SJ1300_dry,M01Ch010,94,105,-0.08763497886412461,65.95800000000006,145.0,281.0,-22.947129753680162
SJ1300_dry,M01Ch010,95,106,-0.08752012741112007,65.95300000000009,145.0,281.0,-23.048112651384535
SJ1300_dry,M01Ch010,96,117,-0.08561256670250335,65.792,145.0,281.0,-24.72533137926162
SJ1300_dry,M01Ch010,97,118,-0.08533071948826863,65.777,145.0,281.0,-24.973144947647196
SJ1300_dry,M01Ch010,98,119,-0.0851865807180954,65.76800000000006,145.0,281.0,-25.099878657172503
SJ1300_dry,M01Ch010,99,120,-0.08509762521895808,65.74700000000009,145.0,281.0,-25.178092592082578
SJ1300_dry,M01Ch010,100,121,-0.08486954355418519,65.72500000000001,145.0,281.0,-25.3786329145554
SJ1300_dry,M01Ch010,101,122,-0.08476079751839197,65.714,145.0,281.0,-25.474247637059854
SJ1300_dry,M01Ch010,102,123,-0.0845139901062568,65.69400000000007,145.0,281.0,-25.691252533387456
SJ1300_dry,M01Ch010,103,124,-0.08427618070144743,65.67300000000002,145.0,281.0,-25.900345950760684
SJ1300_dry,M01Ch010,104,125,-0.08414521580136551,65.66500000000003,145.0,281.0,-26.015496562806597
SJ1300_dry,M01Ch010,105,126,-0.0839617329433152,65.64800000000004,145.0,281.0,-26.176823478577237
SJ1300_dry,M01Ch010,106,127,-0.08375903765986435,65.62900000000006,145.0,281.0,-26.355042878840862
SJ1300_dry,M01Ch010,107,128,-0.08351107314069717,65.60000000000002,145.0,281.0,-26.57306515908473
SJ1300_dry,M01Ch010,108,129,-0.08336951026391719,65.59100000000004,145.0,281.0,-26.697534019779457
SJ1300_dry,M01Ch010,109,130,-0.08321658882860254,65.58099999999999,145.0,281.0,-26.831989869097907
SJ1300_dry,M01Ch010,110,131,-0.08312396330226676,65.56700000000004,145.0,281.0,-26.91343066767804
SJ1300_dry,M01Ch010,111,132,-0.0829263062655261,65.54200000000007,145.0,281.0,-27.087220200153016
SJ1300_dry,M01Ch010,112,133,-0.08283102961641868,65.51800000000007,145.0,281.0,-27.170991992835948
SJ1300_dry,M01Ch010,113,134,-0.08266289454084152,65.50200000000011,145.0,281.0,-27.318824403252663
SJ1300_dry,M01Ch010,114,135,-0.08249579827303363,65.4860000000001,145.0,281.0,-27.465743444130265
SJ1300_dry,M01Ch010,115,136,-0.08231827612110838,65.464,145.0,281.0,-27.621829421618227
SJ1300_dry,M01Ch010,116,137,-0.08214758754423422,65.44100000000006,145.0,281.0,-27.771906992662153
SJ1300_dry,M01Ch010,117,138,-0.08200955357610527,65.42200000000007,145.0,281.0,-27.89327306787186
SJ1300_dry,M01Ch010,118,139,-0.0817560710155205,65.40599999999999,145.0,281.0,-28.116147074388444
SJ1300_dry,M01Ch010,119,140,-0.08152246682328915,65.38400000000004,145.0,281.0,-28.32154306747594
SJ1300_dry,M01Ch010,120,141,-0.0814247380963084,65.36700000000005,145.0,281.0,-28.407470844454817
SJ1300_dry,M01Ch010,121,142,-0.08128411275882849,65.34700000000002,145.0,281.0,-28.531115375698267
SJ1300_dry,M01Ch010,122,143,-0.08105639657325317,65.32900000000006,145.0,281.0,-28.73133435135783
SJ1300_dry,M01Ch010,123,144,-0.08091809884612368,65.30500000000002,145.0,281.0,-28.852932336112204
SJ1300_dry,M01Ch010,124,145,-0.08070232713610677,65.27800000000008,145.0,281.0,-29.04264915684126
SJ1300_dry,M01Ch010,125,146,-0.0805523600320045,65.26800000000004,145.0,281.0,-29.174507416675212
SJ1300_dry,M01Ch010,126,147,-0.08044866488423782,65.24400000000004,145.0,281.0,-29.26568115654028
SJ1300_dry,M01Ch010,127,148,-0.08018350066233502,65.22099999999996,145.0,281.0,-29.49882623912108
SJ1300_dry,M01Ch010,128,149,-0.08010246854437786,65.19700000000009,145.0,281.0,-29.570073557847753
SJ1300_dry,M01Ch010,129,150,-0.07988284050014356,65.17000000000006,145.0,281.0,-29.763181052300137
SJ1300_dry,M01Ch010,130,151,-0.07974623194849911,65.14500000000002,145.0,281.0,-29.883293833073633
SJ1300_dry,M01Ch010,131,152,-0.07958885639636822,65.12300000000009,145.0,281.0,-30.021665955204078
SJ1300_dry,M01Ch010,132,153,-0.07943189674664515,65.09700000000004,145.0,281.0,-30.15967239602003
SJ1300_dry,M01Ch010,133,154,-0.07931008144001109,65.08700000000009,145.0,281.0,-30.266778247333615
SJ1300_dry,M01Ch010,134,155,-0.0790859873029766,65.05500000000004,145.0,281.0,-30.46381254445659
SJ1300_dry,M01Ch010,135,156,-0.07893635931529297,65.03800000000007,145.0,281.0,-30.595372636895025
SJ1300_dry,M01Ch010,136,157,-0.0787959745276481,65.02700000000002,145.0,281.0,-30.718805665203607
SJ1300_dry,M01Ch010,137,158,-0.07874226130394373,65.00200000000005,145.0,281.0,-30.76603290380455
SJ1300_dry,M01Ch010,138,159,-0.07850980023934047,64.97300000000003,145.0,281.0,-30.970423804337177
SJ1300_dry,M01Ch010,139,160,-0.0783236981621527,64.94300000000008,145.0,281.0,-31.134053663007567
SJ1300_dry,M01Ch010,140,161,-0.07814405189305584,64.92400000000004,145.0,281.0,-31.292007266036535
SJ1300_dry,M01Ch010,141,162,-0.07812389478722197,64.91100000000003,145.0,281.0,-31.30973035880714
SJ1300_dry,M01Ch010,142,163,-0.07777313766204433,64.86500000000007,145.0,281.0,-31.618132820981394
SJ1300_dry,M01Ch010,143,164,-0.07761256144865025,64.84500000000003,145.0,281.0,-31.75931911777371
SJ1300_dry,M01Ch010,144,165,-0.07747457264566124,64.83000000000004,145.0,281.0,-31.880645481629443
SJ1300_dry,M01Ch010,145,166,-0.07740456408408022,64.82000000000005,145.0,281.0,-31.94220036167337
SJ1300_dry,M01Ch010,146,167,-0.07733800086498337,64.79800000000002,145.0,281.0,-32.00072593160817
SJ1300_dry,M01Ch010,147,168,-0.07717994372951105,64.76900000000002,145.0,281.0,-32.13969733445333
SJ1300_dry,M01Ch010,148,169,-0.07702413867230724,64.73800000000001,145.0,281.0,-32.27668860223305
SJ1300_dry,M01Ch010,149,170,-0.07688561839344296,64.70400000000005,145.0,281.0,-32.39848226513063
SJ1300_dry,M01Ch010,150,171,-0.07679470160726638,64.68900000000005,145.0,281.0,-32.47842065753142
SJ1300_dry,M01Ch010,151,172,-0.07671027392409194,64.67100000000006,145.0,281.0,-32.55265351981037
SJ1300_dry,M01Ch010,152,173,-0.07650056554644862,64.65000000000008,145.0,281.0,-32.737039168344275
SJ1300_dry,M01Ch010,153,174,-0.07634603233710179,64.61900000000003,145.0,281.0,-32.872912166579496
SJ1300_dry,M01Ch010,154,175,-0.07614170761594027,64.58500000000002,145.0,281.0,-33.05256424651192
SJ1300_dry,M01Ch010,155,176,-0.0760546308499122,64.57300000000006,145.0,281.0,-33.12912630930004
SJ1300_dry,M01Ch010,156,177,-0.07593920093276336,64.55700000000004,145.0,281.0,-33.23061782038263
SJ1300_dry,M01Ch010,157,178,-0.07574120023993246,64.51500000000003,145.0,281.0,-33.40470951174981
SJ1300_dry,M01Ch010,158,179,-0.07557742097001362,64.49399999999999,145.0,281.0,-33.5487120892327
SJ1300_dry,M01Ch010,159,180,-0.07544458754365024,64.48300000000006,145.0,281.0,-33.66550559906878
SJ1300_dry,M01Ch010,160,181,-0.07537667534570766,64.46399999999998,145.0,281.0,-33.72521725580718
SJ1300_dry,M01Ch010,161,182,-0.07519468967896908,64.43800000000003,145.0,281.0,-33.88522776927623
SJ1300_dry,M01Ch010,162,183,-0.07500679396446813,64.38100000000006,145.0,281.0,-34.05043467976946
SJ1300_dry,M01Ch010,163,184,-0.07494484874090807,64.38600000000001,145.0,281.0,-34.10489988687305
SJ1300_dry,M01Ch010,164,185,-0.07474764455792879,64.35600000000008,145.0,281.0,-34.2782912486339
SJ1300_dry,M01Ch010,165,186,-0.0746765759719218,64.33600000000001,145.0,281.0,-34.340778152917586
SJ1300_dry,M01Ch010,166,187,-0.07451959925891263,64.29600000000005,145.0,281.0,-34.478799596591834
SJ1300_dry,M01Ch010,167,188,-0.07435975201057286,64.28700000000006,145.0,281.0,-34.619344952398365
SJ1300_dry,M01Ch010,168,189,-0.07418720468530736,64.24800000000005,145.0,281.0,-34.7710568240432
SJ1300_dry,M01Ch010,169,190,-0.0740344548788554,64.22900000000001,145.0,281.0,-34.905361769046294
SJ1300_dry,M01Ch010,170,191,-0.073909842511188,64.19500000000004,145.0,281.0,-35.014926930371324
SJ1300_dry,M01Ch010,171,192,-0.07389777062060424,64.16800000000006,145.0,281.0,-35.025541114694
SJ1300_dry,M01Ch010,172,193,-0.07373962321319286,64.12900000000002,145.0,281.0,-35.1645918889511
SJ1300_dry,M01Ch010,173,194,-0.07371940224087123,64.11900000000006,145.0,281.0,-35.1823711361963
SJ1300_dry,M01Ch010,174,195,-0.07347678123864891,64.08800000000011,145.0,281.0,-35.39569514044184
SJ1300_dry,M01Ch010,175,196,-0.0732489419399659,64.05800000000006,145.0,281.0,-35.596022363041556
SJ1300_dry,M01Ch010,176,197,-0.07331016777232902,64.02500000000002,145.0,281.0,-35.54218967912989
SJ1300_dry,M01Ch010,177,198,-0.07301248406664305,64.00000000000006,145.0,281.0,-35.80392744920715
SJ1300_dry,M01Ch010,178,199,-0.07288641034665157,63.983000000000025,145.0,281.0,-35.9147775014795
SJ1300_dry,M01Ch010,179,200,-0.07276534697001646,63.94500000000005,145.0,281.0,-36.02122221992816
SJ1300_dry,M01Ch010,180,201,-0.07258279390447239,63.92600000000006,145.0,281.0,-36.18173161759967
SJ1300_dry,M01Ch010,181,202,-0.07237134744953859,63.89200000000005,145.0,281.0,-36.36764546692368
SJ1300_dry,M01Ch010,182,203,-0.07237745243146626,63.87000000000006,145.0,281.0,-36.362277674446
SJ1300_dry,M01Ch010,183,204,-0.07222050610366132,63.82100000000003,145.0,281.0,-36.50027240199355
SJ1300_dry,M01Ch010,184,205,-0.0720015475149967,63.77600000000004,145.0,281.0,-36.69279127904892
SJ1300_dry,M01Ch010,185,206,-0.07202681439477698,63.776000000000074,145.0,281.0,-36.67057542831815
SJ1300_dry,M01Ch010,186,207,-0.0717647639304345,63.73700000000004,145.0,281.0,-36.900982746134424
SJ1300_dry,M01Ch010,187,208,-0.07176236835528733,63.734000000000066,145.0,281.0,-36.90308905052764
SJ1300_dry,M01Ch010,188,209,-0.07154912403228449,63.692000000000085,145.0,281.0,-37.09058367155765
SJ1300_dry,M01Ch010,189,210,-0.0714440739687599,63.633000000000024,145.0,281.0,-37.182948718243836
SJ1300_dry,M01Ch010,190,211,-0.0713259231651724,63.62400000000004,145.0,281.0,-37.28683256298625
SJ1300_dry,M01Ch010,191,222,-0.07037082277342024,63.373000000000005,145.0,281.0,-38.12660256706183
SJ1300_dry,M01Ch010,192,223,-0.07009134098613187,63.33500000000001,145.0,281.0,-38.37233633879617
SJ1300_dry,M01Ch010,193,224,-0.06999359654282458,63.31500000000004,145.0,281.0,-38.45827793432199
SJ1300_dry,M01Ch010,194,225,-0.06986565523090352,63.27800000000003,145.0,281.0,-38.5707700628576
SJ1300_dry,M01Ch010,195,226,-0.06965633075545793,63.24900000000005,145.0,281.0,-38.75481816619421
SJ1300_dry,M01Ch010,196,227,-0.06961050870596412,63.22599999999996,145.0,281.0,-38.79510710652182
SJ1300_dry,M01Ch010,197,228,-0.0695802973008237,63.19700000000006,145.0,281.0,-38.821670420741974
SJ1300_dry,M01Ch010,198,229,-0.06948577546582219,63.15700000000003,145.0,281.0,-38.90477854471502
SJ1300_dry,M01Ch010,199,230,-0.06922080261808232,63.132000000000076,145.0,281.0,-39.13775536196689
SJ1300_dry,M01Ch010,200,231,-0.06915898794048454,63.08900000000005,145.0,281.0,-39.1921057868086
SJ1300_dry,M01Ch010,201,232,-0.06899623599124596,63.06100000000006,145.0,281.0,-39.335205094751146
SJ1300_dry,M01Ch010,202,233,-0.06894303498815238,63.027000000000044,145.0,281.0,-39.3819819644609
SJ1300_dry,M01Ch010,203,234,-0.0688530421960903,63.014000000000024,145.0,281.0,-39.46110793698626
SJ1300_dry,M01Ch010,204,235,-0.0688872527191551,62.98500000000007,145.0,281.0,-39.4310284067697
SJ1300_dry,M01Ch010,205,236,-0.06865827949284688,62.94700000000003,145.0,281.0,-39.63235263284116
SJ1300_dry,M01Ch010,206,237,-0.0685569811213895,62.92100000000006,145.0,281.0,-39.721419012193756
SJ1300_dry,M01Ch010,207,238,-0.06851714169780684,62.888000000000005,145.0,281.0,-39.756447741313
SJ1300_dry,M01Ch010,208,239,-0.06848652407915744,62.85900000000003,145.0,281.0,-39.78336821790377
SJ1300_dry,M01Ch010,209,240,-0.06814279892707195,62.78500000000003,145.0,281.0,-40.08558783257503
SJ1300_dry,M01Ch010,210,241,-0.06810963855019361,62.784000000000006,145.0,281.0,-40.11474402397307
SJ1300_dry,M01Ch010,211,242,-0.06810639332145421,62.761999999999965,145.0,281.0,-40.11759738449439
SJ1300_dry,M01Ch010,212,243,-0.06786208563513485,62.715000000000074,145.0,281.0,-40.33240440217315
SJ1300_dry,M01Ch010,213,244,-0.06777347553476104,62.69100000000003,145.0,281.0,-40.41031464594924
SJ1300_dry,M01Ch010,214,245,-0.06768829551426937,62.669000000000096,145.0,281.0,-40.48520899922682
SJ1300_dry,M01Ch010,215,246,-0.06769302875465141,62.636000000000045,145.0,281.0,-40.4810473076086
SJ1300_dry,M01Ch010,216,247,-0.06738818664238275,62.59200000000001,145.0,281.0,-40.74907909156864
SJ1300_dry,M01Ch010,217,248,-0.0673705213157495,62.56700000000006,145.0,281.0,-40.76461129273503
SJ1300_dry,M01Ch010,218,249,-0.06712814551963128,62.51900000000008,145.0,281.0,-40.97771970003096
SJ1300_dry,M01Ch010,219,250,-0.06696839625487791,62.47000000000004,145.0,281.0,-41.1181789039759
SJ1300_dry,M01Ch010,220,251,-0.06717510970467624,62.47400000000003,145.0,281.0,-40.93642653943005
SJ1300_dry,M01Ch010,221,252,-0.06700023059410706,62.42400000000006,145.0,281.0,-41.090188628382805
SJ1300_dry,M01Ch010,222,253,-0.06682098177910839,62.38600000000006,145.0,281.0,-41.24779277073461
SJ1300_dry,M01Ch010,223,254,-0.06689151314553186,62.369000000000014,145.0,281.0,-41.185778215636134
SJ1300_dry,M01Ch010,224,255,-0.06664860001271196,62.33500000000006,145.0,281.0,-41.39935907509318
SJ1300_dry,M01Ch010,225,256,-0.06660810629206425,62.30100000000005,145.0,281.0,-41.434963093526235
SJ1300_dry,M01Ch010,226,257,-0.06648065388532282,62.264000000000024,145.0,281.0,-41.54702535321428
SJ1300_dry,M01Ch010,227,258,-0.0664709368120233,62.23400000000004,145.0,281.0,-41.55556906940874
SJ1300_dry,M01Ch010,228,259,-0.06633564716082122,62.19900000000002,145.0,281.0,-41.67452220975133
SJ1300_dry,M01Ch010,229,260,-0.066144992683293,62.168000000000056,145.0,281.0,-41.84215475681496
SJ1300_dry,M01Ch010,230,261,-0.06622655114923656,62.15600000000002,145.0,281.0,-41.77044464773191
SJ1300_dry,M01Ch010,231,262,-0.06584511484389097,62.07600000000008,145.0,281.0,-42.105821714332215
SJ1300_dry,M01Ch010,232,263,-0.06592514283341908,62.06500000000003,145.0,281.0,-42.03545727340795
SJ1300_dry,M01Ch010,233,264,-0.06582630497608992,62.0240000000001,145.0,281.0,-42.122360250905274
SJ1300_dry,M01Ch010,234,265,-0.06570824486279372,62.011000000000024,145.0,281.0,-42.22616435640044
SJ1300_dry,M01Ch010,235,266,-0.06570032928882,61.962000000000046,145.0,281.0,-42.23312410811406
SJ1300_dry,M01Ch010,236,267,-0.06557596351063749,61.93100000000001,145.0,281.0,-42.34247245615482
SJ1300_dry,M01Ch010,237,268,-0.0652892235853624,61.87800000000002,145.0,281.0,-42.59458793039846
SJ1300_dry,M01Ch010,238,269,-0.06530048024195927,61.82300000000006,145.0,281.0,-42.58469053883853
SJ1300_dry,M01Ch010,239,270,-0.06523223831876894,61.84400000000008,145.0,281.0,-42.64469210580526
SJ1300_dry,M01Ch010,240,271,-0.06517033409389755,61.80000000000001,145.0,281.0,-42.69912126489833
SJ1300_dry,M01Ch010,241,272,-0.06502115177196567,61.74600000000008,145.0,281.0,-42.830289506664954
SJ1300_dry,M01Ch010,242,273,-0.0649239386638272,61.73400000000003,145.0,281.0,-42.915763926864784
SJ1300_dry,M01Ch010,243,274,-0.06461203565992292,61.657000000000046,145.0,281.0,-43.19000398489613
SJ1300_dry,M01Ch010,244,275,-0.06472450149662042,61.65900000000005,145.0,281.0,-43.091118635295814
SJ1300_dry,M01Ch010,245,276,-0.06468178747650027,61.61800000000003,145.0,281.0,-43.12867484735491
SJ1300_dry,M01Ch010,246,277,-0.06469695602081718,61.60400000000003,145.0,281.0,-43.11533793677166
SJ1300_dry,M01Ch010,247,278,-0.06453769816628968,61.569000000000045,145.0,281.0,-43.255365069312425
SJ1300_dry,M01Ch010,248,279,-0.06446538973237308,61.52600000000005,145.0,281.0,-43.31894210725443
SJ1300_dry,M01Ch010,249,280,-0.06446565190307842,61.48900000000002,145.0,281.0,-43.31871159421497
SJ1300_dry,M01Ch010,250,281,-0.06429702445976679,61.452000000000055,145.0,281.0,-43.466976917923276
SJ1300_dry,M01Ch010,251,282,-0.0643084712261898,61.44600000000007,145.0,281.0,-43.45691237269984
SJ1300_dry,M01Ch010,252,283,-0.06428786640075661,61.38700000000006,145.0,281.0,-43.4750291219834
SJ1300_dry,M01Ch010,253,284,-0.0640713879798066,61.33200000000005,145.0,281.0,-43.66536731680913
SJ1300_dry,M01Ch010,254,285,-0.0640013311822816,61.31200000000005,145.0,281.0,-43.72696460820503
SJ1300_dry,M01Ch010,255,286,-0.06393758358003403,61.30600000000003,145.0,281.0,-43.78301455296638
SJ1300_dry,M01Ch010,256,287,-0.06385739521786124,61.25499999999999,145.0,281.0,-43.853520001200074
SJ1300_dry,M01Ch010,257,288,-0.06368574793663455,61.21300000000004,145.0,281.0,-44.00444051102298
SJ1300_dry,M01Ch010,258,289,-0.06379365679268265,61.178000000000026,145.0,281.0,-43.90956187704289
SJ1300_dry,M01Ch010,259,290,-0.06376356365789787,61.15400000000004,145.0,281.0,-43.9360212023024
SJ1300_dry,M01Ch010,260,291,-0.06355907758362545,61.090000000000074,145.0,281.0,-44.11581515161711
SJ1300_dry,M01Ch010,261,292,-0.06349423538470618,61.08800000000002,145.0,281.0,-44.17282751819233
SJ1300_dry,M01Ch010,262,293,-0.06328654660090396,61.03800000000001,145.0,281.0,-44.35543744310302
SJ1300_dry,M01Ch010,263,294,-0.06329485085328859,61.01799999999997,145.0,281.0,-44.34813594671677
SJ1300_dry,M01Ch010,264,295,-0.06327296283941196,60.97000000000002,145.0,281.0,-44.36738093673155
SJ1300_dry,M01Ch010,265,296,-0.06306722447858472,60.93000000000001,145.0,281.0,-44.54827595635712
SJ1300_dry,M01Ch010,266,297,-0.06315682144636091,60.89600000000004,145.0,281.0,-44.46949801149989
SJ1300_dry,M01Ch010,267,298,-0.06298241447418677,60.858000000000025,145.0,281.0,-44.622844973765076
SJ1300_dry,M01Ch010,268,299,-0.06301284258176972,60.82400000000004,145.0,281.0,-44.5960911243796
SJ1300_dry,M01Ch010,269,300,-0.06279794401077834,60.76900000000002,145.0,281.0,-44.78504023946288
SJ1300_dry,M01Ch010,270,301,-0.06274397261633811,60.732000000000035,145.0,281.0,-44.83249447413855
SJ1300_dry,M01Ch010,271,302,-0.06277005378148251,60.70900000000004,145.0,281.0,-44.80956266471963
SJ1300_dry,M01Ch010,272,303,-0.06267473904571993,60.67200000000004,145.0,281.0,-44.89336794501373
SJ1300_dry,M01Ch010,273,304,-0.0625188445876281,60.62300000000004,145.0,281.0,-45.0304378183356
SJ1300_dry,M01Ch010,274,305,-0.0625579617268983,60.60100000000002,145.0,281.0,-44.99604415617397
SJ1300_dry,M01Ch010,275,306,-0.0626031784440632,60.56200000000006,145.0,281.0,-44.95628745301925
SJ1300_dry,M01Ch010,276,307,-0.062305748987750965,60.518,145.0,281.0,-45.21780167487116
SJ1300_dry,M01Ch010,277,308,-0.0623288610199467,60.49200000000009,145.0,281.0,-45.19748046933212
SJ1300_dry,M01Ch010,278,309,-0.06229957973507141,60.46400000000003,145.0,281.0,-45.22322597727182
SJ1300_dry,M01Ch010,279,310,-0.06225340694670114,60.41000000000004,145.0,281.0,-45.26382330401645
SJ1300_dry,M01Ch010,280,311,-0.062282079763169094,60.37,145.0,281.0,-45.23861279063996
SJ1300_dry,M01Ch010,281,312,-0.06217071053818664,60.330000000000055,145.0,281.0,-45.33653394670382
SJ1300_dry,M01Ch010,282,313,-0.06206450839288356,60.30700000000003,145.0,281.0,-45.42991195886271
SJ1300_dry,M01Ch010,283,314,-0.062050646779491625,60.27900000000004,145.0,281.0,-45.44209975318796
SJ1300_dry,M01Ch010,284,315,-0.06185474136761567,60.22600000000003,145.0,281.0,-45.614349173196764
SJ1300_dry,M01Ch010,285,316,-0.06180274984301898,60.18900000000002,145.0,281.0,-45.66006261149027
SJ1300_dry,M01Ch010,286,327,-0.061349076533951365,59.85000000000001,145.0,281.0,-46.05895391118471
SJ1300_dry,M01Ch010,287,328,-0.06132987226936156,59.796000000000056,145.0,281.0,-46.07583922030207
SJ1300_dry,M01Ch010,288,329,-0.06116249989991537,59.77100000000006,145.0,281.0,-46.22300102296254
SJ1300_dry,M01Ch010,289,330,-0.061210818672667935,59.72900000000003,145.0,281.0,-46.18051684397806
SJ1300_dry,M01Ch010,290,331,-0.06119679003329419,59.699000000000005,145.0,281.0,-46.19285149554536
SJ1300_dry,M01Ch010,291,332,-0.06124129408681787,59.666000000000004,145.0,281.0,-46.15372140039338
SJ1300_dry,M01Ch010,292,333,-0.06117158840718471,59.62299999999999,145.0,281.0,-46.21500997212378
SJ1300_dry,M01Ch010,293,334,-0.06125388096317199,59.59100000000008,145.0,281.0,-46.142654415918784
SJ1300_dry,M01Ch010,294,335,-0.06114719714253884,59.52900000000004,145.0,281.0,-46.236455940095254
SJ1300_dry,M01Ch010,295,336,-0.06100249022826755,59.47100000000002,145.0,281.0,-46.363689189119924
SJ1300_dry,M01Ch010,296,337,-0.060913756350787995,59.32700000000004,145.0,281.0,-46.441708263655066
SJ1300_dry,M01Ch010,297,338,-0.06097439053029776,59.41500000000006,145.0,281.0,-46.38839578926625
SJ1300_dry,M01Ch010,298,339,-0.06101490666329756,59.26200000000006,145.0,281.0,-46.352772064819916
SJ1300_dry,M01Ch010,299,340,-0.060939280080589533,59.32600000000001,145.0,281.0,-46.41926657808509
SJ1300_dry,M01Ch010,300,341,-0.060799462200259634,59.29900000000007,145.0,281.0,-46.54220115433322
SJ1300_dry,M01Ch010,301,342,-0.061040472631848974,59.173000000000066,145.0,281.0,-46.33029324091824
SJ1300_dry,M01Ch010,302,343,-0.060794650633989034,59.21300000000007,145.0,281.0,-46.54643171382369
SJ1300_dry,M01Ch010,303,344,-0.06079535074452447,59.05000000000008,145.0,281.0,-46.54581614311272
SJ1300_dry,M01Ch010,304,345,-0.060752284394446576,59.02300000000001,145.0,281.0,-46.583682140543715
SJ1300_dry,M01Ch010,305,346,-0.06064832431423626,59.10299999999999,145.0,281.0,-46.67508882170082
SJ1300_dry,M01Ch010,306,347,-0.06072710310724716,59.065000000000055,145.0,281.0,-46.60582273417837
SJ1300_dry,M01Ch010,307,348,-0.060685062323930374,59.00700000000005,145.0,281.0,-46.64278700419872
SJ1300_dry,M01Ch010,308,349,-0.06059349226766231,58.96000000000003,145.0,281.0,-46.72329978294899
SJ1300_dry,M01Ch010,309,350,-0.060606169306904746,58.81900000000003,145.0,281.0,-46.7121535229451
SJ1300_dry,M01Ch010,310,351,-0.06054327272461661,58.769000000000084,145.0,281.0,-46.76745521020287
SJ1300_dry,M01Ch010,311,352,-0.06054285296477119,58.825000000000024,145.0,281.0,-46.76782428316121
SJ1300_dry,M01Ch010,312,353,-0.060539623164976006,58.66500000000004,145.0,281.0,-46.77066407781587
SJ1300_dry,M01Ch010,313,354,-0.06050872775563643,58.61900000000005,145.0,281.0,-46.7978288012848
SJ1300_dry,M01Ch010,314,355,-0.06061112553082176,58.57100000000004,145.0,281.0,-46.707795773524275
SJ1300_dry,M01Ch010,315,356,-0.06040899653269686,58.50399999999999,145.0,281.0,-46.88551726860998
SJ1300_dry,M01Ch010,316,357,-0.06035428778269732,58.60500000000004,145.0,281.0,-46.93361982160526
SJ1300_dry,M01Ch010,317,358,-0.06050805687527026,58.45800000000002,145.0,281.0,-46.79841867143113
SJ1300_dry,M01Ch010,318,359,-0.06043806245152983,58.41600000000004,145.0,281.0,-46.85996112080855
SJ1300_dry,M01Ch010,319,360,-0.06064146841964359,58.383000000000024,145.0,281.0,-46.681116852554695
SJ1300_dry,M01Ch010,320,361,-0.06050879723021683,58.308000000000035,145.0,281.0,-46.79776771590659
SJ1300_dry,M01Ch010,321,362,-0.060423084422964776,58.25599999999999,145.0,281.0,-46.873130520819
SJ1300_dry,M01Ch010,322,363,-0.06055276135905811,58.245000000000005,145.0,281.0,-46.75911234839229
SJ1300_dry,M01Ch010,323,364,-0.06054221594771645,58.20100000000006,145.0,281.0,-46.76838437906241
SJ1300_dry,M01Ch010,324,365,-0.060487426555408084,58.15400000000005,145.0,281.0,-46.81655783663757
SJ1300_dry,M01Ch010,325,366,-0.060481851197504044,58.10300000000002,145.0,281.0,-46.82145995831005
SJ1300_dry,M01Ch010,326,367,-0.060612367212507866,58.04500000000004,145.0,281.0,-46.70670402752186
SJ1300_dry,M01Ch010,327,368,-0.060616756633448655,57.998000000000054,145.0,281.0,-46.70284463842186
SJ1300_dry,M01Ch010,328,369,-0.06045724020977128,57.954999999999984,145.0,281.0,-46.84309911734205
SJ1300_dry,M01Ch010,329,370,-0.06059532301682018,57.92600000000005,145.0,281.0,-46.721690100615035
SJ1300_dry,M01Ch010,330,371,-0.060564311737653,57.86700000000006,145.0,281.0,-46.74895670238538
SJ1300_dry,M01Ch010,331,372,-0.060575719458113284,57.813000000000024,145.0,281.0,-46.738926488242285
SJ1300_dry,M01Ch010,332,373,-0.060565536743399,57.75100000000002,145.0,281.0,-46.74787961866811
SJ1300_dry,M01Ch010,333,374,-0.060616887059857724,57.730999999999995,145.0,281.0,-46.7027299612769
SJ1300_dry,M01Ch010,334,375,-0.060587512470834104,57.67900000000004,145.0,281.0,-46.72855750669213
SJ1300_dry,M01Ch010,335,376,-0.060699587996259775,57.62800000000001,145.0,281.0,-46.630015337453955
SJ1300_dry,M01Ch010,336,377,-0.0606723109985407,57.57900000000005,145.0,281.0,-46.65399858014082
SJ1300_dry,M01Ch010,337,378,-0.060777574113260735,57.53900000000003,145.0,281.0,-46.561446208640604
SJ1300_dry,M01Ch010,338,379,-0.0605869257869107,57.48800000000004,145.0,281.0,-46.729073347293806
SJ1300_dry,M01Ch010,339,380,-0.05984111812946026,57.235000000000035,145.0,281.0,-47.384823156366515
SJ1300_dry,M01Ch010,340,381,-0.0607312139177846,57.38100000000005,145.0,281.0,-46.60220831268761
SJ1300_dry,M01Ch010,341,382,-0.060479685674581396,57.304000000000045,145.0,281.0,-46.823363989770286
SJ1300_dry,M01Ch010,342,383,-0.06084476948472524,57.19000000000003,145.0,281.0,-46.50236482007046
SJ1300_dry,M01Ch010,343,384,-0.06087987718469029,57.219000000000044,145.0,281.0,-46.4714964489575
SJ1300_dry,M01Ch010,344,385,-0.06099475028005959,57.151000000000025,145.0,281.0,-46.370494522249594
SJ1300_dry,M01Ch010,345,386,-0.06091564635260904,57.0620000000001,145.0,281.0,-46.440046483542034
SJ1300_dry,M01Ch010,346,387,-0.06100843353120973,57.04700000000005,145.0,281.0,-46.358463552549075
SJ1300_dry,M01Ch010,347,388,-0.06090140519532257,56.924000000000056,145.0,281.0,-46.45256799103568
SJ1300_dry,M01Ch010,348,389,-0.061084884871110176,56.891000000000034,145.0,281.0,-46.2912438732628
SJ1300_dry,M01Ch010,349,390,-0.06107707202220776,56.84700000000003,145.0,281.0,-46.29811330417423
SJ1300_dry,M01Ch010,350,391,-0.061102806208534755,56.76200000000004,145.0,281.0,-46.27548657514834
SJ1300_dry,M01Ch010,351,392,-0.06132863675254774,56.70900000000007,145.0,281.0,-46.07692554585354
SJ1300_dry,M01Ch010,352,393,-0.0611981102906539,56.726000000000035,145.0,281.0,-46.19169066204773
SJ1300_dry,M01Ch010,353,394,-0.06153237532980719,56.65500000000003,145.0,281.0,-45.89778883171017
SJ1300_dry,M01Ch010,354,395,-0.061561905203677325,56.58700000000005,145.0,281.0,-45.87182475242132
SJ1300_dry,M01Ch010,355,396,-0.06174463596305348,56.55400000000003,145.0,281.0,-45.71115911782291
SJ1300_dry,M01Ch010,356,397,-0.06127779397221008,56.44300000000004,145.0,281.0,-46.12162895318127
SJ1300_dry,M01Ch010,357,398,-0.06160220533925953,56.397999999999996,145.0,281.0,-45.83639094324862
SJ1300_dry,M01Ch010,358,399,-0.06155645349988981,56.37200000000004,145.0,281.0,-45.87661815147277
SJ1300_dry,M01Ch010,359,400,-0.06191839415589314,56.34600000000006,145.0,281.0,-45.558382593418564
SJ1300_dry,M01Ch010,360,401,-0.06207736595535288,56.30900000000006,145.0,281.0,-45.418606974192514
SJ1300_dry,M01Ch010,361,402,-0.062145654146203454,56.28300000000004,145.0,281.0,-45.35856472648314
SJ1300_dry,M01Ch010,362,403,-0.06215170981473117,56.20900000000001,145.0,281.0,-45.35324029270831
SJ1300_dry,M01Ch010,363,404,-0.0624474313453807,56.154000000000046,145.0,281.0,-45.09322776089141
SJ1300_dry,M01Ch010,364,405,-0.062344795858540095,56.07900000000003,145.0,281.0,-45.18346979612324
SJ1300_dry,M01Ch010,365,406,-0.06259390358821286,56.04800000000002,145.0,281.0,-44.96444235045464
SJ1300_dry,M01Ch010,366,407,-0.06252844839369634,55.96500000000003,145.0,281.0,-45.021993692115245
SJ1300_dry,M01Ch010,367,408,-0.0626228264163674,55.90799999999999,145.0,281.0,-44.93901201483028
SJ1300_dry,M01Ch010,368,409,-0.0626486111937527,55.86600000000003,145.0,281.0,-44.91634080372312
SJ1300_dry,M01Ch010,369,410,-0.06278889350786845,55.80400000000003,145.0,281.0,-44.79299787504879
SJ1300_dry,M01Ch010,370,411,-0.06286037435421488,55.77100000000003,145.0,281.0,-44.73014849173157
SJ1300_dry,M01Ch010,371,412,-0.06296658160193369,55.669000000000054,145.0,281.0,-44.6367659932844
SJ1300_dry,M01Ch010,372,413,-0.06312633666854862,55.63100000000005,145.0,281.0,-44.49630168806492
SJ1300_dry,M01Ch010,373,414,-0.06325246257229476,55.566000000000024,145.0,281.0,-44.38540575333641
SJ1300_dry,M01Ch010,374,415,-0.06335295381022185,55.516000000000034,145.0,281.0,-44.29704904443717
SJ1300_dry,M01Ch010,375,416,-0.06357371780131282,55.44700000000003,145.0,281.0,-44.10294277110805
SJ1300_dry,M01Ch010,376,417,-0.06386746195673629,55.40700000000001,145.0,281.0,-43.84466884228617
SJ1300_dry,M01Ch010,377,418,-0.0637387503589743,55.324,145.0,281.0,-43.95783824302201
SJ1300_dry,M01Ch010,378,419,-0.06396926592267253,55.303000000000004,145.0,281.0,-43.7551579200549
SJ1300_dry,M01Ch010,379,420,-0.06405594089901366,55.23800000000003,145.0,281.0,-43.6789491300012
SJ1300_dry,M01Ch010,380,421,-0.06424371361150824,55.168000000000056,145.0,281.0,-43.51385036876253
SJ1300_dry,M01Ch010,381,432,-0.06337661316831435,54.991000000000014,145.0,281.0,-44.27624660375833
SJ1300_dry,M01Ch010,382,433,-0.06357745336941659,54.92000000000004,145.0,281.0,-44.09965828073529
SJ1300_dry,M01Ch010,383,434,-0.06382191803887748,54.82499999999998,145.0,281.0,-43.88471323596058
SJ1300_dry,M01Ch010,384,435,-0.06417448426252492,54.89000000000005,145.0,281.0,-43.57472012777416
SJ1300_dry,M01Ch010,385,436,-0.06417560200305752,54.654000000000025,145.0,281.0,-43.573737356769435
SJ1300_dry,M01Ch010,386,437,-0.06470667076664426,54.61500000000008,145.0,281.0,-43.10679626700244
SJ1300_dry,M01Ch010,387,438,-0.06459108036240416,54.63200000000004,145.0,281.0,-43.2084288860214
SJ1300_dry,M01Ch010,388,439,-0.06489336405836535,54.48300000000006,145.0,281.0,-42.94264658420115
SJ1300_dry,M01Ch010,389,440,-0.06526781916012747,54.52100000000004,145.0,281.0,-42.613407726120464
SJ1300_dry,M01Ch010,390,441,-0.06546720069831477,54.46800000000006,145.0,281.0,-42.43810192938744
SJ1300_dry,M01Ch010,391,442,-0.06558984925525049,54.41200000000001,145.0,281.0,-42.33026344450437
SJ1300_dry,M01Ch010,392,443,-0.06585671736274604,54.31199999999999,145.0,281.0,-42.09562022411155
SJ1300_dry,M01Ch010,393,444,-0.0657654607834734,54.246000000000045,145.0,281.0,-42.17585737887506
SJ1300_dry,M01Ch010,394,445,-0.0662179883991634,54.18200000000004,145.0,281.0,-41.77797342766534
SJ1300_dry,M01Ch010,395,446,-0.0662528483534437,54.123999999999995,145.0,281.0,-41.747322886422936
SJ1300_dry,M01Ch010,396,447,-0.06675460847009944,54.07300000000003,145.0,281.0,-41.306151362625364
SJ1300_dry,M01Ch010,397,448,-0.06681982490272234,53.98500000000007,145.0,281.0,-41.24880995185591
SJ1300_dry,M01Ch010,398,449,-0.06680293720076286,53.90600000000002,145.0,281.0,-41.26365842816878
SJ1300_dry,M01Ch010,399,450,-0.06717614707514974,53.85400000000003,145.0,281.0,-40.9355144336302
SJ1300_dry,M01Ch010,400,451,-0.06750666281863768,53.778000000000034,145.0,281.0,-40.64490916359495
SJ1300_dry,M01Ch010,401,452,-0.06764526390997957,53.74100000000007,145.0,281.0,-40.52304444649696
SJ1300_dry,M01Ch011,1,12,-0.10229293225363736,67.81200000000007,151.0,275.0,0.0
SJ1300_dry,M01Ch011,2,13,-0.10179631931784679,67.74100000000004,151.0,275.0,-0.48548118120147477
SJ1300_dry,M01Ch011,3,14,-0.10116994146705076,67.66800000000006,151.0,275.0,-1.0978185509455618
SJ1300_dry,M01Ch011,4,15,-0.1007039405212778,67.6020000000001,151.0,275.0,-1.5533739207119646
SJ1300_dry,M01Ch011,5,16,-0.1003281076708545,67.527,151.0,275.0,-1.9207823448750605
SJ1300_dry,M01Ch011,6,17,-0.0999989702129274,67.46400000000001,151.0,275.0,-2.242542070279141
SJ1300_dry,M01Ch011,7,18,-0.099637986508322,67.41300000000008,151.0,275.0,-2.5954341974794293
SJ1300_dry,M01Ch011,8,19,-0.0993137067662893,67.35500000000009,151.0,275.0,-2.9124450944088887
SJ1300_dry,M01Ch011,9,20,-0.09893546748678958,67.29600000000006,151.0,275.0,-3.282206006689581
SJ1300_dry,M01Ch011,10,21,-0.09862420294008287,67.24299999999997,151.0,275.0,-3.5864934484992617
SJ1300_dry,M01Ch011,11,22,-0.09831991342478588,67.19700000000009,151.0,275.0,-3.8839622066950796
SJ1300_dry,M01Ch011,12,23,-0.09802346561829804,67.14699999999998,151.0,275.0,-4.1737650307580365
SJ1300_dry,M01Ch011,13,24,-0.09776144672089067,67.09999999999995,151.0,275.0,-4.429910681913773
SJ1300_dry,M01Ch011,14,25,-0.09743051907544834,67.0540000000001,151.0,275.0,-4.753420467146818
SJ1300_dry,M01Ch011,15,26,-0.09722049713759913,67.01500000000011,151.0,275.0,-4.958734688982258
SJ1300_dry,M01Ch011,16,27,-0.09696954869163764,66.975,151.0,275.0,-5.2040580367764715
SJ1300_dry,M01Ch011,17,28,-0.09664672517593428,66.93900000000005,151.0,275.0,-5.5196453492047715
SJ1300_dry,M01Ch011,18,29,-0.09633601800810435,66.90100000000001,151.0,275.0,-5.823387905982336
SJ1300_dry,M01Ch011,19,30,-0.0960968674765743,66.86300000000006,151.0,275.0,-6.057177793769563
SJ1300_dry,M01Ch011,20,31,-0.09582502561358992,66.83300000000004,151.0,275.0,-6.322926225254877
SJ1300_dry,M01Ch011,21,32,-0.0956779931549486,66.81299999999999,151.0,275.0,-6.466662899335896
SJ1300_dry,M01Ch011,22,33,-0.09530854490502631,66.78700000000006,151.0,275.0,-6.827829836076182
SJ1300_dry,M01Ch011,23,34,-0.09495233622224604,66.744,151.0,275.0,-7.176053975254293
SJ1300_dry,M01Ch011,24,35,-0.09487572838220662,66.72600000000003,151.0,275.0,-7.250944623465905
SJ1300_dry,M01Ch011,25,36,-0.09436329150118748,66.69500000000006,151.0,275.0,-7.751895050567303
SJ1300_dry,M01Ch011,26,37,-0.09417898418765248,66.67600000000002,151.0,275.0,-7.932071050486833
SJ1300_dry,M01Ch011,27,38,-0.09396792355930797,66.645,151.0,275.0,-8.138400680202784
SJ1300_dry,M01Ch011,28,39,-0.09364744879983523,66.62600000000002,151.0,275.0,-8.451691884602042
SJ1300_dry,M01Ch011,29,40,-0.09336811617659115,66.60400000000007,151.0,275.0,-8.724763168306637
SJ1300_dry,M01Ch011,30,41,-0.09304589577286218,66.57699999999998,151.0,275.0,-9.039760887728754
SJ1300_dry,M01Ch011,31,42,-0.09262559322659988,66.55700000000004,151.0,275.0,-9.450642203771341
SJ1300_dry,M01Ch011,32,43,-0.09236979470846698,66.524,151.0,275.0,-9.700706907653956
SJ1300_dry,M01Ch011,33,44,-0.09202369090824597,66.51300000000003,151.0,275.0,-10.039052668789083
SJ1300_dry,M01Ch011,34,45,-0.09199051298172149,66.51200000000001,151.0,275.0,-10.07148690035673
SJ1300_dry,M01Ch011,35,46,-0.09156215860711084,66.48400000000002,151.0,275.0,-10.490239560167613
SJ1300_dry,M01Ch011,36,47,-0.09144763382601274,66.48400000000002,151.0,275.0,-10.602197227794274
SJ1300_dry,M01Ch011,37,48,-0.09122103860865162,66.46600000000004,151.0,275.0,-10.823713233220023
SJ1300_dry,M01Ch011,38,49,-0.09097533553881194,66.45100000000005,151.0,275.0,-11.063908781853293
SJ1300_dry,M01Ch011,39,50,-0.09061776811939118,66.43500000000003,151.0,275.0,-11.413461201109554
SJ1300_dry,M01Ch011,40,51,-0.0902915039904957,66.41600000000003,151.0,275.0,-11.732412004168468
SJ1300_dry,M01Ch011,41,52,-0.09004201614508314,66.40200000000004,151.0,275.0,-11.976307491291605
SJ1300_dry,M01Ch011,42,53,-0.08985823153122942,66.39800000000007,151.0,275.0,-12.155972508028078
SJ1300_dry,M01Ch011,43,54,-0.08963393659610264,66.39700000000003,151.0,275.0,-12.375239792859293
SJ1300_dry,M01Ch011,44,55,-0.08938946055251794,66.38100000000003,151.0,275.0,-12.614235819465037
SJ1300_dry,M01Ch011,45,56,-0.08902573143561522,66.3700000000001,151.0,275.0,-12.969811819575039
SJ1300_dry,M01Ch011,46,57,-0.0888270854414724,66.35900000000001,151.0,275.0,-13.164005093505516
SJ1300_dry,M01Ch011,47,58,-0.08855364944950876,66.34700000000002,151.0,275.0,-13.431311921005229
SJ1300_dry,M01Ch011,48,59,-0.08829847019308616,66.32999999999998,151.0,275.0,-13.680771244147794
SJ1300_dry,M01Ch011,49,60,-0.08788464381694765,66.31000000000002,151.0,275.0,-14.085321555710294
SJ1300_dry,M01Ch011,50,61,-0.08783166049655346,66.30800000000004,151.0,275.0,-14.137117236239638
SJ1300_dry,M01Ch011,51,62,-0.08729524830354538,66.28100000000002,151.0,275.0,-14.66150556023258
SJ1300_dry,M01Ch011,52,63,-0.08704124976314995,66.27400000000009,151.0,275.0,-14.909810633515297
SJ1300_dry,M01Ch011,53,64,-0.08672039781846771,66.25000000000003,151.0,275.0,-15.22347056838418
SJ1300_dry,M01Ch011,54,65,-0.08660945631262724,66.26700000000005,151.0,275.0,-15.331925281135383
SJ1300_dry,M01Ch011,55,66,-0.08633207024320186,66.25900000000003,151.0,275.0,-15.603093643713562
SJ1300_dry,M01Ch011,56,67,-0.0860700466561414,66.24400000000009,151.0,275.0,-15.85924387940214
SJ1300_dry,M01Ch011,57,68,-0.08594659933377158,66.24200000000002,151.0,275.0,-15.979924086382358
SJ1300_dry,M01Ch011,58,69,-0.08559195259710399,66.21499999999997,151.0,275.0,-16.326621291022303
SJ1300_dry,M01Ch011,59,70,-0.0851165814958399,66.18900000000005,151.0,275.0,-16.791336780930642
SJ1300_dry,M01Ch011,60,71,-0.08490242313793035,66.17400000000005,151.0,275.0,-17.000694703507857
SJ1300_dry,M01Ch011,61,72,-0.08476403775841443,66.17100000000003,151.0,275.0,-17.13597812580022
SJ1300_dry,M01Ch011,62,73,-0.08433591170303212,66.15200000000006,151.0,275.0,-17.55450758423901
SJ1300_dry,M01Ch011,63,74,-0.08422266752506063,66.14300000000003,151.0,275.0,-17.665213353911046
SJ1300_dry,M01Ch011,64,75,-0.08392456508298043,66.12100000000002,151.0,275.0,-17.956633724324366
SJ1300_dry,M01Ch011,65,76,-0.08360782537636044,66.11400000000003,151.0,275.0,-18.26627359840153
SJ1300_dry,M01Ch011,66,77,-0.08341790274408764,66.09800000000003,151.0,275.0,-18.451939047703426
SJ1300_dry,M01Ch011,67,78,-0.08319659841824559,66.08699999999999,151.0,275.0,-18.66828275881469
SJ1300_dry,M01Ch011,68,79,-0.08284534423508488,66.06900000000005,151.0,275.0,-19.01166345523442
SJ1300_dry,M01Ch011,69,80,-0.08275207647671982,66.05500000000005,151.0,275.0,-19.10284058381042
SJ1300_dry,M01Ch011,70,81,-0.08252349554286686,66.06800000000005,151.0,275.0,-19.326297795190573
SJ1300_dry,M01Ch011,71,82,-0.08228885977580946,66.05200000000005,151.0,275.0,-19.555674118547508
SJ1300_dry,M01Ch011,72,83,-0.08213060616781048,66.03200000000002,151.0,275.0,-19.71038041595483
SJ1300_dry,M01Ch011,73,84,-0.08190296264635913,66.02400000000006,151.0,275.0,-19.932921227363877
SJ1300_dry,M01Ch011,74,85,-0.08178878032754384,66.016,151.0,275.0,-20.04454410912092
SJ1300_dry,M01Ch011,75,86,-0.08143842889961432,65.99900000000002,151.0,275.0,-20.387042285887247
SJ1300_dry,M01Ch011,76,87,-0.08113187560578738,65.97800000000004,151.0,275.0,-20.686724079216656
SJ1300_dry,M01Ch011,77,88,-0.08100595256303486,65.96600000000007,151.0,275.0,-20.80982451243163
SJ1300_dry,M01Ch011,78,89,-0.08071710797992077,65.96400000000007,151.0,275.0,-21.092194542061726
SJ1300_dry,M01Ch011,79,90,-0.0806343909850839,65.94700000000009,151.0,275.0,-21.17305740620542
SJ1300_dry,M01Ch011,80,91,-0.0803958166423554,65.93200000000002,151.0,275.0,-21.406284020666877
SJ1300_dry,M01Ch011,81,92,-0.08020763394842698,65.91200000000005,151.0,275.0,-21.590248532957734
SJ1300_dry,M01Ch011,82,93,-0.07992414334190409,65.88800000000003,151.0,275.0,-21.867384597275418
SJ1300_dry,M01Ch011,83,94,-0.07973687251532276,65.88499999999999,151.0,275.0,-22.050457682048265
SJ1300_dry,M01Ch011,84,95,-0.07958458398068655,65.86700000000006,151.0,275.0,-22.199332615321865
SJ1300_dry,M01Ch011,85,96,-0.07930945780608897,65.84299999999998,151.0,275.0,-22.468291739414028
SJ1300_dry,M01Ch011,86,97,-0.07918187392378151,65.83300000000001,151.0,275.0,-22.593015783877934
SJ1300_dry,M01Ch011,87,98,-0.07900086579444215,65.82000000000006,151.0,275.0,-22.769966551982368
SJ1300_dry,M01Ch011,88,99,-0.07865026356155372,65.81200000000003,151.0,275.0,-23.112709911825757
SJ1300_dry,M01Ch011,89,100,-0.07868043112540853,65.79599999999999,151.0,275.0,-23.083218564583884
SJ1300_dry,M01Ch011,90,101,-0.07846245442996372,65.77500000000003,151.0,275.0,-23.29630923531012
SJ1300_dry,M01Ch011,91,102,-0.07823805503994899,65.75600000000001,151.0,275.0,-23.51567863363603
SJ1300_dry,M01Ch011,92,103,-0.07796881194703582,65.73100000000005,151.0,275.0,-23.778886547400358
SJ1300_dry,M01Ch011,93,104,-0.07774232358564846,65.7160000000001,151.0,275.0,-24.000298092066785
SJ1300_dry,M01Ch011,94,105,-0.07755958394808396,65.69700000000003,151.0,275.0,-24.178941556027134
SJ1300_dry,M01Ch011,95,106,-0.0773788454865109,65.68500000000004,151.0,275.0,-24.355628701063615
SJ1300_dry,M01Ch011,96,117,-0.07564290588457179,65.50300000000004,151.0,275.0,-26.052656602888558
SJ1300_dry,M01Ch011,97,118,-0.0753744133660948,65.48100000000004,151.0,275.0,-26.315130766608164
SJ1300_dry,M01Ch011,98,119,-0.0752673973210362,65.45400000000002,151.0,275.0,-26.419748009169208
SJ1300_dry,M01Ch011,99,120,-0.07512074398962634,65.43600000000004,151.0,275.0,-26.563114054289727
SJ1300_dry,M01Ch011,100,121,-0.07503347003394378,65.41900000000003,151.0,275.0,-26.648431733390144
SJ1300_dry,M01Ch011,101,122,-0.07472539303095471,65.39200000000004,151.0,275.0,-26.94960308140194
SJ1300_dry,M01Ch011,102,123,-0.0746692130566197,65.37100000000007,151.0,275.0,-27.004523761743492
SJ1300_dry,M01Ch011,103,124,-0.07442184054912704,65.35200000000005,151.0,275.0,-27.246351326994322
SJ1300_dry,M01Ch011,104,125,-0.0742889528873298,65.33300000000001,151.0,275.0,-27.376260264855002
SJ1300_dry,M01Ch011,105,126,-0.0742732304931406,65.31000000000002,151.0,275.0,-27.391630236018027
SJ1300_dry,M01Ch011,106,127,-0.07391388159606455,65.28600000000007,151.0,275.0,-27.74292420047789
SJ1300_dry,M01Ch011,107,128,-0.07376256973113056,65.26200000000004,151.0,275.0,-27.890844356446053
SJ1300_dry,M01Ch011,108,129,-0.0736287537935564,65.24700000000003,151.0,275.0,-28.021660762453806
SJ1300_dry,M01Ch011,109,130,-0.07345547278663368,65.22400000000005,151.0,275.0,-28.191057614323366
SJ1300_dry,M01Ch011,110,131,-0.07334379360821741,65.21100000000007,151.0,275.0,-28.300233464458703
SJ1300_dry,M01Ch011,111,132,-0.0734468052784957,65.18100000000004,151.0,275.0,-28.19953083720106
SJ1300_dry,M01Ch011,112,133,-0.07306693668209195,65.15399999999997,151.0,275.0,-28.57088454467116
SJ1300_dry,M01Ch011,113,134,-0.07283356234472921,65.139,151.0,275.0,-28.799027713726165
SJ1300_dry,M01Ch011,114,135,-0.0727348888934182,65.11100000000005,151.0,275.0,-28.895489364728945
SJ1300_dry,M01Ch011,115,136,-0.07258968748807057,65.08500000000006,151.0,275.0,-29.037436029223418
SJ1300_dry,M01Ch011,116,137,-0.07248078603110777,65.05500000000004,151.0,275.0,-29.143896421514025
SJ1300_dry,M01Ch011,117,138,-0.0722353381043921,65.02700000000002,151.0,275.0,-29.383842546146642
SJ1300_dry,M01Ch011,118,139,-0.07206895138443255,65.00700000000003,151.0,275.0,-29.546499648933565
SJ1300_dry,M01Ch011,119,140,-0.07195500461577949,64.97900000000001,151.0,275.0,-29.65789226046858
SJ1300_dry,M01Ch011,120,141,-0.07169713525325246,64.96000000000004,151.0,275.0,-29.909981390035846
SJ1300_dry,M01Ch011,121,142,-0.0716015513712097,64.931,151.0,275.0,-30.00342272555818
SJ1300_dry,M01Ch011,122,143,-0.07136349630905518,64.90500000000007,151.0,275.0,-30.236141699303353
SJ1300_dry,M01Ch011,123,144,-0.07130327372790067,64.88000000000004,151.0,275.0,-30.295014370002825
SJ1300_dry,M01Ch011,124,145,-0.07114127950498243,64.85300000000002,151.0,275.0,-30.453377435123073
SJ1300_dry,M01Ch011,125,146,-0.0709468013007583,64.83600000000001,151.0,275.0,-30.64349634161988
SJ1300_dry,M01Ch011,126,147,-0.07084178983088554,64.80300000000007,151.0,275.0,-30.746153942256814
SJ1300_dry,M01Ch011,127,148,-0.07066975962693924,64.77,151.0,275.0,-30.914328028341043
SJ1300_dry,M01Ch011,128,149,-0.07049546112559604,64.748,151.0,275.0,-31.08471956713379
SJ1300_dry,M01Ch011,129,150,-0.07031620861783058,64.71600000000005,151.0,275.0,-31.259954066542793
SJ1300_dry,M01Ch011,130,151,-0.07019986337148547,64.69400000000005,151.0,275.0,-31.373691393044133
SJ1300_dry,M01Ch011,131,152,-0.07018287732751935,64.65600000000003,151.0,275.0,-31.390296688827423
SJ1300_dry,M01Ch011,132,153,-0.07000758860451611,64.63800000000006,151.0,275.0,-31.561656253111504
SJ1300_dry,M01Ch011,133,154,-0.06991234085621853,64.61000000000003,151.0,275.0,-31.654768989445436
SJ1300_dry,M01Ch011,134,155,-0.0697573839703863,64.58700000000006,151.0,275.0,-31.806252461879303
SJ1300_dry,M01Ch011,135,156,-0.06956987885581942,64.55800000000006,151.0,275.0,-31.989554582989644
SJ1300_dry,M01Ch011,136,157,-0.06930920085307128,64.52700000000007,151.0,275.0,-32.24438939611416
SJ1300_dry,M01Ch011,137,158,-0.06928486827850291,64.49399999999999,151.0,275.0,-32.26817654741805
SJ1300_dry,M01Ch011,138,159,-0.06924531847321319,64.47600000000004,151.0,275.0,-32.30683982983492
SJ1300_dry,M01Ch011,139,160,-0.06894793239799636,64.44899999999997,151.0,275.0,-32.597559891001474
SJ1300_dry,M01Ch011,140,161,-0.06889432240046248,64.41200000000005,151.0,275.0,-32.649968201480796
SJ1300_dry,M01Ch011,141,162,-0.06871442300477662,64.38600000000001,151.0,275.0,-32.82583508858868
SJ1300_dry,M01Ch011,142,163,-0.06858481031543273,64.35500000000006,151.0,275.0,-32.952542463661786
SJ1300_dry,M01Ch011,143,164,-0.06835345846730337,64.30900000000005,151.0,275.0,-33.17870847829486
SJ1300_dry,M01Ch011,144,165,-0.06829199767477998,64.30200000000002,151.0,275.0,-33.23879160541746
SJ1300_dry,M01Ch011,145,166,-0.06822850021939356,64.28800000000004,151.0,275.0,-33.30086574288473
SJ1300_dry,M01Ch011,146,167,-0.06801355759827596,64.25200000000001,151.0,275.0,-33.51099034913283
SJ1300_dry,M01Ch011,147,168,-0.06787276570344303,64.20800000000006,151.0,275.0,-33.648626343850275
SJ1300_dry,M01Ch011,148,169,-0.0677103376336605,64.18000000000004,151.0,275.0,-33.80741353100392
SJ1300_dry,M01Ch011,149,170,-0.06762593527835258,64.15200000000003,151.0,275.0,-33.88992397766767
SJ1300_dry,M01Ch011,150,171,-0.06747131338657726,64.12200000000007,151.0,275.0,-34.04107996505488
SJ1300_dry,M01Ch011,151,172,-0.06731738783832104,64.08900000000003,151.0,275.0,-34.19155521770924
SJ1300_dry,M01Ch011,152,173,-0.06720691478116644,64.06000000000009,151.0,275.0,-34.29955198221754
SJ1300_dry,M01Ch011,153,174,-0.06712711706086995,64.03400000000009,151.0,275.0,-34.377561008392135
SJ1300_dry,M01Ch011,154,175,-0.06678367531842225,63.98900000000002,151.0,275.0,-34.71330438272041
SJ1300_dry,M01Ch011,155,176,-0.06707489546889997,63.95800000000006,151.0,275.0,-34.42861203490929
SJ1300_dry,M01Ch011,156,177,-0.0667637284023942,63.94400000000007,151.0,275.0,-34.73280418157122
SJ1300_dry,M01Ch011,157,178,-0.0667051830478654,63.915000000000035,151.0,275.0,-34.79003722127296
SJ1300_dry,M01Ch011,158,179,-0.06655949873457731,63.874,151.0,275.0,-34.93245596915562
SJ1300_dry,M01Ch011,159,180,-0.06646204542487996,63.849,151.0,275.0,-35.027724828450516
SJ1300_dry,M01Ch011,160,181,-0.0663073899225933,63.823000000000036,151.0,275.0,-35.17891367295758
SJ1300_dry,M01Ch011,161,182,-0.06623835366214438,63.79100000000002,151.0,275.0,-35.246402461213
SJ1300_dry,M01Ch011,162,183,-0.06622078749504655,63.76000000000009,151.0,275.0,-35.26357487646283
SJ1300_dry,M01Ch011,163,184,-0.0659824364900539,63.72000000000002,151.0,275.0,-35.496583159382766
SJ1300_dry,M01Ch011,164,185,-0.06590296784289416,63.70000000000005,151.0,275.0,-35.574270488711335
SJ1300_dry,M01Ch011,165,186,-0.06569147927455427,63.65900000000008,151.0,275.0,-35.781018465996326
SJ1300_dry,M01Ch011,166,187,-0.0655163413393244,63.625000000000014,151.0,275.0,-35.952230622468306
SJ1300_dry,M01Ch011,167,188,-0.065307941945274,63.58100000000005,151.0,275.0,-36.155958670398
SJ1300_dry,M01Ch011,168,189,-0.06537596297058021,63.563,151.0,275.0,-36.089462360430524
SJ1300_dry,M01Ch011,169,190,-0.06527798887719054,63.50900000000007,151.0,275.0,-36.185240329867106
SJ1300_dry,M01Ch011,170,191,-0.06519095878222483,63.48600000000005,151.0,275.0,-36.27031961447488
SJ1300_dry,M01Ch011,171,192,-0.06493234549403197,63.449000000000034,151.0,275.0,-36.52313599435107
SJ1300_dry,M01Ch011,172,193,-0.06486017051799844,63.42000000000005,151.0,275.0,-36.59369314277123
SJ1300_dry,M01Ch011,173,194,-0.06479852642971708,63.38100000000005,151.0,275.0,-36.65395545701258
SJ1300_dry,M01Ch011,174,195,-0.06466040068627468,63.357000000000056,151.0,275.0,-36.788985063065816
SJ1300_dry,M01Ch011,175,196,-0.06456536367996216,63.30600000000004,151.0,275.0,-36.881891781270824
SJ1300_dry,M01Ch011,176,197,-0.06447942393101355,63.28200000000003,151.0,275.0,-36.965905160353074
SJ1300_dry,M01Ch011,177,198,-0.06427074114073232,63.22500000000003,151.0,275.0,-37.16991025208688
SJ1300_dry,M01Ch011,178,199,-0.06438568081065163,63.20000000000005,151.0,275.0,-37.05754699551866
SJ1300_dry,M01Ch011,179,200,-0.06403864333297182,63.15600000000004,151.0,275.0,-37.39680550540214
SJ1300_dry,M01Ch011,180,201,-0.06404734560869027,63.14000000000002,151.0,275.0,-37.38829829427159
SJ1300_dry,M01Ch011,181,202,-0.06395475757335871,63.06900000000012,151.0,275.0,-37.47881093604628
SJ1300_dry,M01Ch011,182,203,-0.06386770815035689,63.04800000000001,151.0,275.0,-37.563909115445405
SJ1300_dry,M01Ch011,183,204,-0.06354580953363924,63.02800000000008,151.0,275.0,-37.87859226082586
SJ1300_dry,M01Ch011,184,205,-0.06374938452105507,62.98600000000007,151.0,275.0,-37.6795804787498
SJ1300_dry,M01Ch011,185,206,-0.0634468520389568,62.946000000000026,151.0,275.0,-37.975331588267444
SJ1300_dry,M01Ch011,186,207,-0.06315695377491379,62.894000000000055,151.0,275.0,-38.25873168019579
SJ1300_dry,M01Ch011,187,208,-0.06312380665611059,62.873,151.0,275.0,-38.291135794608124
SJ1300_dry,M01Ch011,188,209,-0.06311992963702266,62.842000000000006,151.0,275.0,-38.294925908942034
SJ1300_dry,M01Ch011,189,210,-0.06271724896046459,62.79500000000005,151.0,275.0,-38.68858035572201
SJ1300_dry,M01Ch011,190,211,-0.06266855881774568,62.73500000000003,151.0,275.0,-38.73617909167201
SJ1300_dry,M01Ch011,191,222,-0.06175533051761548,62.44500000000004,151.0,275.0,-39.6289370564802
SJ1300_dry,M01Ch011,192,223,-0.06182639358425326,62.395000000000046,151.0,275.0,-39.55946689361345
SJ1300_dry,M01Ch011,193,224,-0.06171899136609001,62.360000000000014,151.0,275.0,-39.66446165307242
SJ1300_dry,M01Ch011,194,225,-0.061707461055800036,62.31300000000007,151.0,275.0,-39.67573350737942
SJ1300_dry,M01Ch011,195,226,-0.06166045739489416,62.277,151.0,275.0,-39.721683564602664
SJ1300_dry,M01Ch011,196,227,-0.06146800512687598,62.23400000000003,151.0,275.0,-39.909821946970055
SJ1300_dry,M01Ch011,197,228,-0.06150984812889748,62.20300000000003,151.0,275.0,-39.86891687063717
SJ1300_dry,M01Ch011,198,229,-0.061326727260700986,62.15700000000007,151.0,275.0,-40.04793301981007
SJ1300_dry,M01Ch011,199,230,-0.06122950846879026,62.12600000000004,151.0,275.0,-40.142972618117476
SJ1300_dry,M01Ch011,200,231,-0.061077825379859965,62.05900000000003,151.0,275.0,-40.291255676964774
SJ1300_dry,M01Ch011,201,232,-0.061052549126024445,62.031000000000056,151.0,275.0,-40.31596535463131
SJ1300_dry,M01Ch011,202,233,-0.06084785366677843,61.97900000000003,151.0,275.0,-40.51607249276522
SJ1300_dry,M01Ch011,203,234,-0.06082426702468395,61.959000000000046,151.0,275.0,-40.53913043193545
SJ1300_dry,M01Ch011,204,235,-0.060732436946508705,61.920000000000016,151.0,275.0,-40.62890210643154
SJ1300_dry,M01Ch011,205,236,-0.06057030382580655,61.879000000000026,151.0,275.0,-40.787400955892764
SJ1300_dry,M01Ch011,206,237,-0.06058910866824853,61.84500000000004,151.0,275.0,-40.769017630644676
SJ1300_dry,M01Ch011,207,238,-0.060401485198210904,61.80600000000006,151.0,275.0,-40.95243545424603
SJ1300_dry,M01Ch011,208,239,-0.06051590417690753,61.765000000000036,151.0,275.0,-40.84058121742259
SJ1300_dry,M01Ch011,209,240,-0.060384783515537575,61.6830000000001,151.0,275.0,-40.96876276279547
SJ1300_dry,M01Ch011,210,241,-0.060333040019016224,61.67100000000001,151.0,275.0,-41.01934641054257
SJ1300_dry,M01Ch011,211,242,-0.06026423651174071,61.639000000000046,151.0,275.0,-41.08660766286928
SJ1300_dry,M01Ch011,212,243,-0.06013776155438984,61.58700000000002,151.0,275.0,-41.210247639321686
SJ1300_dry,M01Ch011,213,244,-0.06011097406040076,61.544,151.0,275.0,-41.23643468215927
SJ1300_dry,M01Ch011,214,245,-0.05990278790385097,61.515000000000015,151.0,275.0,-41.439954272382366
SJ1300_dry,M01Ch011,215,246,-0.059801187768655194,61.479000000000056,151.0,275.0,-41.53927700461557
SJ1300_dry,M01Ch011,216,247,-0.05980342573696673,61.427000000000106,151.0,275.0,-41.53708920115522
SJ1300_dry,M01Ch011,217,248,-0.05973327658437647,61.375000000000036,151.0,275.0,-41.605665935681046
SJ1300_dry,M01Ch011,218,249,-0.059735396470118295,61.323000000000036,151.0,275.0,-41.60359356792785
SJ1300_dry,M01Ch011,219,250,-0.05973164327857292,61.29599999999998,151.0,275.0,-41.60726263035737
SJ1300_dry,M01Ch011,220,251,-0.05966975503566855,61.26600000000006,151.0,275.0,-41.667763626409496
SJ1300_dry,M01Ch011,221,252,-0.05946102636662415,61.20599999999999,151.0,275.0,-41.871813568517766
SJ1300_dry,M01Ch011,222,253,-0.0593621138535152,61.162999999999975,151.0,275.0,-41.96850892266374
SJ1300_dry,M01Ch011,223,254,-0.059511240702106574,61.13500000000004,151.0,275.0,-41.8227248051241
SJ1300_dry,M01Ch011,224,255,-0.05916258086164593,61.055000000000035,151.0,275.0,-42.16356931195292
SJ1300_dry,M01Ch011,225,256,-0.059200419708721606,61.041000000000075,151.0,275.0,-42.12657863601662
SJ1300_dry,M01Ch011,226,257,-0.059160762679650626,60.99400000000002,151.0,275.0,-42.16534673875577
SJ1300_dry,M01Ch011,227,258,-0.058934655418208484,60.950000000000024,151.0,275.0,-42.38638572596704
SJ1300_dry,M01Ch011,228,259,-0.05880091242097561,60.90200000000004,151.0,275.0,-42.517130826617056
SJ1300_dry,M01Ch011,229,260,-0.059004647461468406,60.873999999999995,151.0,275.0,-42.31796257911034
SJ1300_dry,M01Ch011,230,261,-0.05895319408683617,60.83900000000003,151.0,275.0,-42.368262608153074
SJ1300_dry,M01Ch011,231,262,-0.058848272433263606,60.78200000000001,151.0,275.0,-42.47083240575395
SJ1300_dry,M01Ch011,232,263,-0.058785615584629414,60.729000000000084,151.0,275.0,-42.53208477896664
SJ1300_dry,M01Ch011,233,264,-0.05882447350016917,60.69300000000002,151.0,275.0,-42.49409787734629
SJ1300_dry,M01Ch011,234,265,-0.058652217780861896,60.65000000000002,151.0,275.0,-42.662492423784904
SJ1300_dry,M01Ch011,235,266,-0.058755900709491236,60.60700000000005,151.0,275.0,-42.561133584669555
SJ1300_dry,M01Ch011,236,267,-0.05855245516561426,60.53900000000003,151.0,275.0,-42.76001882472947
SJ1300_dry,M01Ch011,237,268,-0.05838707097080664,60.46700000000005,151.0,275.0,-42.9216958743203
SJ1300_dry,M01Ch011,238,269,-0.05822977720974659,60.42700000000005,151.0,275.0,-43.075463840097285
SJ1300_dry,M01Ch011,239,270,-0.05836880802644606,60.402000000000065,151.0,275.0,-42.93954944832411
SJ1300_dry,M01Ch011,240,271,-0.05844299560120986,60.354000000000035,151.0,275.0,-42.86702481428601
SJ1300_dry,M01Ch011,241,272,-0.05823601522961643,60.31500000000006,151.0,275.0,-43.06936564764898
SJ1300_dry,M01Ch011,242,273,-0.05818256640404644,60.292000000000044,151.0,275.0,-43.12161639889097
SJ1300_dry,M01Ch011,243,274,-0.05822571147429727,60.25300000000007,151.0,275.0,-43.07943844064861
SJ1300_dry,M01Ch011,244,275,-0.05816957867085295,60.18800000000002,151.0,275.0,-43.13431300745167
SJ1300_dry,M01Ch011,245,276,-0.05809666574371229,60.16000000000006,151.0,275.0,-43.20559156554389
SJ1300_dry,M01Ch011,246,277,-0.05811388588231901,60.111000000000004,151.0,275.0,-43.188757422434165
SJ1300_dry,M01Ch011,247,278,-0.05817165936771419,60.07500000000005,151.0,275.0,-43.13227895014643
SJ1300_dry,M01Ch011,248,279,-0.05800137131158454,59.98700000000002,151.0,275.0,-43.29874993927344
SJ1300_dry,M01Ch011,249,280,-0.058042349701593055,59.95300000000005,151.0,275.0,-43.25869009436948
SJ1300_dry,M01Ch011,250,281,-0.05791938167170664,59.92500000000006,151.0,275.0,-43.378901752376805
SJ1300_dry,M01Ch011,251,282,-0.05789577557132667,59.86400000000002,151.0,275.0,-43.40197871366818
SJ1300_dry,M01Ch011,252,283,-0.05788858169006663,59.82900000000005,151.0,275.0,-43.40901134153556
SJ1300_dry,M01Ch011,253,284,-0.057961284229669674,59.780000000000044,151.0,275.0,-43.33793845506988
SJ1300_dry,M01Ch011,254,285,-0.057723601482340604,59.72999999999999,151.0,275.0,-43.570293459558094
SJ1300_dry,M01Ch011,255,286,-0.05767288719638412,59.653000000000034,151.0,275.0,-43.61987096685913
SJ1300_dry,M01Ch011,256,287,-0.057765906792071595,59.618000000000016,151.0,275.0,-43.52893643830653
SJ1300_dry,M01Ch011,257,288,-0.05772320653382673,59.56900000000001,151.0,275.0,-43.57067955516135
SJ1300_dry,M01Ch011,258,289,-0.05769179221818378,59.528000000000084,151.0,275.0,-43.601389707809105
SJ1300_dry,M01Ch011,259,290,-0.0577125109142248,59.48700000000003,151.0,275.0,-43.581135428667274
SJ1300_dry,M01Ch011,260,291,-0.05756696921393577,59.443000000000026,151.0,275.0,-43.72341476027168
SJ1300_dry,M01Ch011,261,292,-0.05775969234620495,59.39200000000003,151.0,275.0,-43.535011585171254
SJ1300_dry,M01Ch011,262,293,-0.05759947757865558,59.322000000000024,151.0,275.0,-43.69163508204406
SJ1300_dry,M01Ch011,263,294,-0.057595439421382434,59.2720000000001,151.0,275.0,-43.695582722593784
SJ1300_dry,M01Ch011,264,295,-0.0576311675048088,59.218999999999994,151.0,275.0,-43.6606554967931
SJ1300_dry,M01Ch011,265,296,-0.05764467827767317,59.19800000000003,151.0,275.0,-43.64744757268074
SJ1300_dry,M01Ch011,266,297,-0.05772408550054993,59.12800000000007,151.0,275.0,-43.56982029078812
SJ1300_dry,M01Ch011,267,298,-0.057724942859897065,59.07700000000008,151.0,275.0,-43.56898214945396
SJ1300_dry,M01Ch011,268,299,-0.05763537638925513,59.01300000000004,151.0,275.0,-43.65654095598016
SJ1300_dry,M01Ch011,269,300,-0.057744612846669784,58.95700000000007,151.0,275.0,-43.5497530723913
SJ1300_dry,M01Ch011,270,301,-0.05754852302590394,58.90500000000004,151.0,275.0,-43.74144747047506
SJ1300_dry,M01Ch011,271,302,-0.057595521979105134,58.84200000000005,151.0,275.0,-43.69550201543163
SJ1300_dry,M01Ch011,272,303,-0.05759535606079099,58.786000000000044,151.0,275.0,-43.69566421462808
SJ1300_dry,M01Ch011,273,304,-0.057781871894307016,58.745000000000054,151.0,275.0,-43.51332919948398
SJ1300_dry,M01Ch011,274,305,-0.0576770821568796,58.679000000000045,151.0,275.0,-43.61577003788676
SJ1300_dry,M01Ch011,275,306,-0.05776316491026449,58.61800000000005,151.0,275.0,-43.531616859863234
SJ1300_dry,M01Ch011,276,307,-0.057885236931156867,58.579000000000015,151.0,275.0,-43.41228112649145
SJ1300_dry,M01Ch011,277,308,-0.057826415144729804,58.529000000000096,151.0,275.0,-43.46978440177269
SJ1300_dry,M01Ch011,278,309,-0.057893962253830436,58.48000000000002,151.0,275.0,-43.403751385011425
SJ1300_dry,M01Ch011,279,310,-0.05786078709522816,58.43500000000001,151.0,275.0,-43.43618291070083
SJ1300_dry,M01Ch011,280,311,-0.0578968823959974,58.34900000000006,151.0,275.0,-43.400896698863875
SJ1300_dry,M01Ch011,281,312,-0.057940119843102524,58.297000000000054,151.0,275.0,-43.35862843442708
SJ1300_dry,M01Ch011,282,313,-0.05806125036103993,58.24300000000004,151.0,275.0,-43.24021309988856
SJ1300_dry,M01Ch011,283,314,-0.05804484857446185,58.19700000000007,151.0,275.0,-43.25624723461979
SJ1300_dry,M01Ch011,284,315,-0.05805335573333872,58.14800000000002,151.0,275.0,-43.247930766717815
SJ1300_dry,M01Ch011,285,316,-0.058127910000292105,58.07600000000004,151.0,275.0,-43.175047660025236
SJ1300_dry,M01Ch011,286,327,-0.057990182915369906,57.73600000000001,151.0,275.0,-43.309687543630005
SJ1300_dry,M01Ch011,287,328,-0.05795611742169728,57.66600000000003,151.0,275.0,-43.342989447214265
SJ1300_dry,M01Ch011,288,329,-0.05793566262746841,57.59000000000006,151.0,275.0,-43.362985739996404
SJ1300_dry,M01Ch011,289,330,-0.058057369740262356,57.54600000000008,151.0,275.0,-43.24400673517898
SJ1300_dry,M01Ch011,290,331,-0.058149850352516554,57.46300000000008,151.0,275.0,-43.153599108555376
SJ1300_dry,M01Ch011,291,332,-0.058236979246134725,57.420000000000066,151.0,275.0,-43.068423239901875
SJ1300_dry,M01Ch011,292,333,-0.05835543657729707,57.3320000000001,151.0,275.0,-42.952621171711456
SJ1300_dry,M01Ch011,293,334,-0.058454802658038076,57.23600000000001,151.0,275.0,-42.85548241681231
SJ1300_dry,M01Ch011,294,335,-0.058671172387688965,57.187000000000026,151.0,275.0,-42.6439626911734
SJ1300_dry,M01Ch011,295,336,-0.058708359187671776,57.12300000000003,151.0,275.0,-42.607609446463776
SJ1300_dry,M01Ch011,296,337,-0.05881106437974526,57.03700000000002,151.0,275.0,-42.507206427593594
SJ1300_dry,M01Ch011,297,338,-0.05877297994392485,56.96400000000007,151.0,275.0,-42.544437187316056
SJ1300_dry,M01Ch011,298,339,-0.05895246641017737,56.925999999999995,151.0,275.0,-42.36897397368221
SJ1300_dry,M01Ch011,299,340,-0.059031515561654604,56.82700000000005,151.0,275.0,-42.29169673689206
SJ1300_dry,M01Ch011,300,341,-0.05921040143251651,56.791,151.0,275.0,-42.116820656090745
SJ1300_dry,M01Ch011,301,342,-0.0592952566996793,56.71200000000003,151.0,275.0,-42.03386744975154
SJ1300_dry,M01Ch011,302,343,-0.05942181408990656,56.65299999999998,151.0,275.0,-41.91014688818482
SJ1300_dry,M01Ch011,303,344,-0.05956961068822168,56.60000000000004,151.0,275.0,-41.76566320289105
SJ1300_dry,M01Ch011,304,345,-0.059740971471923296,56.54099999999999,151.0,275.0,-41.59814353175998
SJ1300_dry,M01Ch011,305,346,-0.059797538477651555,56.44400000000006,151.0,275.0,-41.542844495470746
SJ1300_dry,M01Ch011,306,347,-0.06001912043108889,56.41500000000005,151.0,275.0,-41.326229379884936
SJ1300_dry,M01Ch011,307,348,-0.060076555079837224,56.32900000000005,151.0,275.0,-41.27008214910077
SJ1300_dry,M01Ch011,308,349,-0.06012263462516241,56.254000000000005,151.0,275.0,-41.225035493080654
SJ1300_dry,M01Ch011,309,350,-0.06048225131505457,56.193000000000055,151.0,275.0,-40.87347973847536
SJ1300_dry,M01Ch011,310,351,-0.060461372630027065,56.117000000000004,151.0,275.0,-40.893890420393966
SJ1300_dry,M01Ch011,311,352,-0.06069632472722601,56.03799999999999,151.0,275.0,-40.66420485754747
SJ1300_dry,M01Ch011,312,353,-0.06080585427226974,55.985000000000014,151.0,275.0,-40.55713045599239
SJ1300_dry,M01Ch011,313,354,-0.06132223156873688,55.89600000000004,151.0,275.0,-40.05232793924883
SJ1300_dry,M01Ch011,314,355,-0.06121059227472627,55.82599999999998,151.0,275.0,-40.161464799001564
SJ1300_dry,M01Ch011,315,356,-0.06131368490402136,55.75900000000002,151.0,275.0,-40.06068302745213
SJ1300_dry,M01Ch011,316,357,-0.061417041587027286,55.68000000000002,151.0,275.0,-39.95964312104916
SJ1300_dry,M01Ch011,317,358,-0.061535186939695216,55.578,151.0,275.0,-39.84414603824485
SJ1300_dry,M01Ch011,318,359,-0.061683138535646866,55.519000000000084,151.0,275.0,-39.69951082964139
SJ1300_dry,M01Ch011,319,360,-0.06202982500531826,55.47300000000002,151.0,275.0,-39.36059545979768
SJ1300_dry,M01Ch011,320,361,-0.062036631410024114,55.38500000000003,151.0,275.0,-39.35394162306047
SJ1300_dry,M01Ch011,321,362,-0.06222438531450393,55.33200000000001,151.0,275.0,-39.170396288751085
SJ1300_dry,M01Ch011,322,363,-0.06256652347737268,55.25800000000004,151.0,275.0,-38.83592727380447
SJ1300_dry,M01Ch011,323,364,-0.06285249443108151,55.174000000000085,151.0,275.0,-38.55636646016022
SJ1300_dry,M01Ch011,324,365,-0.06298162564609296,55.106000000000044,151.0,275.0,-38.43012976700212
SJ1300_dry,M01Ch011,325,366,-0.06302739050649216,55.01800000000006,151.0,275.0,-38.385390742134085
SJ1300_dry,M01Ch011,326,367,-0.06334259561007952,54.949000000000034,151.0,275.0,-38.07725107241985
SJ1300_dry,M01Ch011,327,368,-0.0635370223899716,54.88100000000005,151.0,275.0,-37.88718243756052
SJ1300_dry,M01Ch011,328,369,-0.06374547725026147,54.807,151.0,275.0,-37.683400166686695
SJ1300_dry,M01Ch011,329,370,-0.06402316653821963,54.719000000000044,151.0,275.0,-37.4119353823264
SJ1300_dry,M01Ch011,330,371,-0.06429427151395987,54.64400000000002,151.0,275.0,-37.146907320497036
SJ1300_dry,M01Ch011,331,372,-0.06448083058547165,54.57000000000003,151.0,275.0,-36.96453003655215
SJ1300_dry,M01Ch011,332,373,-0.0647247606181661,54.510000000000026,151.0,275.0,-36.72606778180945
SJ1300_dry,M01Ch011,333,374,-0.06498546463482545,54.43300000000006,151.0,275.0,-36.47120753788473
SJ1300_dry,M01Ch011,334,375,-0.0652423245678965,54.34100000000001,151.0,275.0,-36.2201052110552
SJ1300_dry,M01Ch011,335,376,-0.06541400974057086,54.23600000000002,151.0,275.0,-36.05226842224493
SJ1300_dry,M01Ch011,336,377,-0.06565729903751744,54.18700000000007,151.0,275.0,-35.814432540931705
SJ1300_dry,M01Ch011,337,378,-0.06592457265083962,54.10300000000007,151.0,275.0,-35.55314996017679
SJ1300_dry,M01Ch011,338,379,-0.06611655900237395,54.02800000000002,151.0,275.0,-35.36546705061047
SJ1300_dry,M01Ch011,339,380,-0.06638124921820006,53.97400000000005,151.0,275.0,-35.10670995958311
SJ1300_dry,M01Ch011,340,381,-0.06685707378722153,53.89400000000002,151.0,275.0,-34.64155116655755
SJ1300_dry,M01Ch011,341,382,-0.06713622278681836,53.82200000000004,151.0,275.0,-34.36865939051121
SJ1300_dry,M01Ch011,342,383,-0.06645395604393946,53.52300000000006,151.0,275.0,-35.03563288305634
SJ1300_dry,M01Ch011,343,384,-0.067681004855077,53.64900000000004,151.0,275.0,-33.83608880498157
SJ1300_dry,M01Ch011,344,385,-0.06787926320437956,53.53000000000005,151.0,275.0,-33.64227448669516
SJ1300_dry,M01Ch011,345,386,-0.06810188624668628,53.476000000000006,151.0,275.0,-33.424641618615155
SJ1300_dry,M01Ch011,346,387,-0.0682350611936424,53.367000000000004,151.0,275.0,-33.29445183519405
SJ1300_dry,M01Ch011,347,388,-0.06860683296682549,53.33500000000003,151.0,275.0,-32.93101345778858
SJ1300_dry,M01Ch011,348,389,-0.06875877708978699,53.21400000000005,151.0,275.0,-32.7824752160802
SJ1300_dry,M01Ch011,349,390,-0.06919078340580084,53.13500000000003,151.0,275.0,-32.36015247442422
SJ1300_dry,M01Ch011,350,391,-0.06933706555679753,53.005000000000024,151.0,275.0,-32.21714928957663
SJ1300_dry,M01Ch011,351,392,-0.06999317799045932,52.98500000000004,151.0,275.0,-31.57574384815772
SJ1300_dry,M01Ch011,352,393,-0.07016588436348614,52.90500000000003,151.0,275.0,-31.406908749562056
SJ1300_dry,M01Ch011,353,394,-0.07021647034363218,52.81300000000005,151.0,275.0,-31.357456672051352
SJ1300_dry,M01Ch011,354,395,-0.07078187809775917,52.71300000000001,151.0,275.0,-30.804722732696632
SJ1300_dry,M01Ch011,355,396,-0.07081377667196571,52.683000000000014,151.0,275.0,-30.77353917631226
SJ1300_dry,M01Ch011,356,397,-0.07152969671836502,52.61300000000001,151.0,275.0,-30.073666730947046
SJ1300_dry,M01Ch011,357,398,-0.07169503319198924,52.53,151.0,275.0,-29.91203633285243
SJ1300_dry,M01Ch011,358,399,-0.0718407835339897,52.43400000000001,151.0,275.0,-29.76955303631432
SJ1300_dry,M01Ch011,359,400,-0.0723324590053053,52.38900000000003,151.0,275.0,-29.288898644575433
SJ1300_dry,M01Ch011,360,401,-0.07271184497393689,52.26800000000005,151.0,275.0,-28.918016746605314
SJ1300_dry,M01Ch011,361,402,-0.07299055385448076,52.208000000000006,151.0,275.0,-28.645555224187703
SJ1300_dry,M01Ch011,362,403,-0.07348699376175775,52.13300000000004,151.0,275.0,-28.160243193004487
SJ1300_dry,M01Ch011,363,404,-0.07347198646858796,52.08300000000004,151.0,275.0,-28.174914092390367
SJ1300_dry,M01Ch011,364,405,-0.07389532331348718,52.00400000000008,151.0,275.0,-27.761066492587915
SJ1300_dry,M01Ch011,365,406,-0.07453950812068053,51.948000000000064,151.0,275.0,-27.13132131567181
SJ1300_dry,M01Ch011,366,407,-0.07461018697894424,51.83400000000002,151.0,275.0,-27.06222674901254
SJ1300_dry,M01Ch011,367,408,-0.07504813214910347,51.78900000000003,151.0,275.0,-26.6340982747272
SJ1300_dry,M01Ch011,368,409,-0.07562976083794902,51.686,151.0,275.0,-26.065506998642373
SJ1300_dry,M01Ch011,369,410,-0.07567451463247152,51.62300000000003,151.0,275.0,-26.021756376251826
SJ1300_dry,M01Ch011,370,411,-0.076200823560353,51.52200000000001,151.0,275.0,-25.507244849124532
SJ1300_dry,M01Ch011,371,412,-0.07644382567458066,51.40700000000003,151.0,275.0,-25.269689713228015
SJ1300_dry,M01Ch011,372,413,-0.07684899729307687,51.35900000000004,151.0,275.0,-24.87360015985439
SJ1300_dry,M01Ch011,373,414,-0.07710638295818592,51.30400000000004,151.0,275.0,-24.621983885456423
SJ1300_dry,M01Ch011,374,415,-0.07779393164400608,51.22100000000003,151.0,275.0,-23.949846846589097
SJ1300_dry,M01Ch011,375,416,-0.07800285861695586,51.138000000000034,151.0,275.0,-23.745603045627618
SJ1300_dry,M01Ch011,376,417,-0.07813069668656085,51.05800000000002,151.0,275.0,-23.620630511564343
SJ1300_dry,M01Ch011,377,418,-0.07865288172864485,50.96900000000005,151.0,275.0,-23.11015043187592
SJ1300_dry,M01Ch011,378,419,-0.07891096234169867,50.90200000000001,151.0,275.0,-22.857854787037123
SJ1300_dry,M01Ch011,379,420,-0.0795258772275535,50.83400000000004,151.0,275.0,-22.25672343582106
SJ1300_dry,M01Ch011,380,421,-0.07927811435669183,50.73000000000003,151.0,275.0,-22.498932614307932
SJ1300_dry,M01Ch011,381,432,-0.07831607540772695,50.758000000000024,151.0,275.0,-23.439407119994684
SJ1300_dry,M01Ch011,382,433,-0.07904177770366178,50.620000000000005,151.0,275.0,-22.72997169767691
SJ1300_dry,M01Ch011,383,434,-0.0796844053390088,50.51100000000004,151.0,275.0,-22.10174878804948
SJ1300_dry,M01Ch011,384,435,-0.08036502117506042,50.407000000000025,151.0,275.0,-21.436389196671236
SJ1300_dry,M01Ch011,385,436,-0.08092901343430374,50.32600000000004,151.0,275.0,-20.885039023381758
SJ1300_dry,M01Ch011,386,437,-0.0813046977562816,50.223,151.0,275.0,-20.51777579834647
SJ1300_dry,M01Ch011,387,438,-0.0817817830509017,50.104000000000006,151.0,275.0,-20.05138453933246
SJ1300_dry,M01Ch011,388,439,-0.08247809669681742,50.002000000000045,151.0,275.0,-19.37067901004994
SJ1300_dry,M01Ch011,389,440,-0.08294465212168306,49.93100000000002,151.0,275.0,-18.914581590035816
SJ1300_dry,M01Ch011,390,441,-0.08328041621190932,49.83600000000005,151.0,275.0,-18.586343770639136
SJ1300_dry,M01Ch011,391,442,-0.0837689732891194,49.755000000000024,151.0,275.0,-18.108737873099024
SJ1300_dry,M01Ch011,392,443,-0.08423846401871535,49.67900000000004,151.0,275.0,-17.649770944248232
SJ1300_dry,M01Ch011,393,444,-0.08457941185285009,49.575000000000045,151.0,275.0,-17.316465576396077
SJ1300_dry,M01Ch011,394,445,-0.08516087825876666,49.51100000000003,151.0,275.0,-16.74803294561098
SJ1300_dry,M01Ch011,395,446,-0.0856620230667833,49.43000000000004,151.0,275.0,-16.258121475702136
SJ1300_dry,M01Ch011,396,447,-0.08602763958124311,49.35200000000004,151.0,275.0,-15.90070038471879
SJ1300_dry,M01Ch011,397,448,-0.0864175047349852,49.27100000000003,151.0,275.0,-15.519574196278507
SJ1300_dry,M01Ch011,398,449,-0.08689800188989638,49.20700000000007,151.0,275.0,-15.049847555028483
SJ1300_dry,M01Ch011,399,450,-0.08739711712124773,49.13200000000005,151.0,275.0,-14.561920168106202
SJ1300_dry,M01Ch011,400,451,-0.08783934256127374,49.024,151.0,275.0,-14.129607367716924
SJ1300_dry,M01Ch011,401,452,-0.08782689241165441,48.97000000000001,151.0,275.0,-14.14177844282939
SJ1300_dry,M01Ch011,402,453,-0.0887113929350621,48.89700000000009,151.0,275.0,-13.277104311468523
SJ1300_dry,M01Ch011,403,454,-0.08923983058365473,48.834000000000096,151.0,275.0,-12.76051177965767
SJ1300_dry,M01Ch011,404,455,-0.08943912806190682,48.74300000000005,151.0,275.0,-12.565681624864645
SJ1300_dry,M01Ch011,405,456,-0.08970462534060478,48.651000000000046,151.0,275.0,-12.306135561565124
SJ1300_dry,M01Ch011,406,457,-0.08990123919631952,48.57800000000002,151.0,275.0,-12.113928874961166
SJ1300_dry,M01Ch011,407,458,-0.09053200217400945,48.516000000000034,151.0,275.0,-11.497304672493359
SJ1300_dry,M01Ch011,408,459,-0.09102252378226922,48.46000000000003,151.0,275.0,-11.017778279561819
SJ1300_dry,M01Ch012,1,12,-0.10935962765455401,67.487,145.0,283.0,0.0
SJ1300_dry,M01Ch012,2,13,-0.10892254030097934,67.2970000000001,145.0,283.0,-0.3996788970014986
SJ1300_dry,M01Ch012,3,14,-0.10850379458083184,67.25300000000004,145.0,283.0,-0.7825859433479243
SJ1300_dry,M01Ch012,4,15,-0.10815491891840893,67.21100000000006,145.0,283.0,-1.1016028144778645
SJ1300_dry,M01Ch012,5,16,-0.1077100974543496,67.16300000000008,145.0,283.0,-1.5083538921830897
SJ1300_dry,M01Ch012,6,17,-0.10734641103121631,67.13199999999998,145.0,283.0,-1.8409139337023595
SJ1300_dry,M01Ch012,7,18,-0.1070304313963422,67.09600000000003,145.0,283.0,-2.129850209045414
SJ1300_dry,M01Ch012,8,19,-0.10678885018494373,67.05899999999998,145.0,283.0,-2.3507555070787833
SJ1300_dry,M01Ch012,9,20,-0.10648154629288367,67.02100000000003,145.0,283.0,-2.631758559714237
SJ1300_dry,M01Ch012,10,21,-0.10614525161392538,66.98600000000006,145.0,283.0,-2.9392712005039234
SJ1300_dry,M01Ch012,11,22,-0.10579571105615375,66.94800000000001,145.0,283.0,-3.2588960614039264
SJ1300_dry,M01Ch012,12,23,-0.10559019701063757,66.91600000000007,145.0,283.0,-3.4468210296247026
SJ1300_dry,M01Ch012,13,24,-0.10521012604244677,66.884,145.0,283.0,-3.7943633323393455
SJ1300_dry,M01Ch012,14,25,-0.1049270076877236,66.85400000000011,145.0,283.0,-4.053250785410678
SJ1300_dry,M01Ch012,15,26,-0.10466164097468042,66.82500000000002,145.0,283.0,-4.295905884677687
SJ1300_dry,M01Ch012,16,27,-0.10439591404871791,66.80300000000003,145.0,283.0,-4.538890367764892
SJ1300_dry,M01Ch012,17,28,-0.10417692741512355,66.77100000000003,145.0,283.0,-4.739134862274419
SJ1300_dry,M01Ch012,18,29,-0.1039064987581751,66.742,145.0,283.0,-4.986418675093052
SJ1300_dry,M01Ch012,19,30,-0.1034975088793227,66.71700000000007,145.0,283.0,-5.360404841308175
SJ1300_dry,M01Ch012,20,31,-0.10325845958810846,66.70000000000006,145.0,283.0,-5.578994915489255
SJ1300_dry,M01Ch012,21,32,-0.1030826150766609,66.6850000000001,145.0,283.0,-5.73978963948284
SJ1300_dry,M01Ch012,22,33,-0.10269622878218705,66.65700000000002,145.0,283.0,-6.093106766434275
SJ1300_dry,M01Ch012,23,34,-0.1022306062719053,66.62100000000004,145.0,283.0,-6.518878616858414
SJ1300_dry,M01Ch012,24,35,-0.10210333225397741,66.60600000000001,145.0,283.0,-6.635259790292847
SJ1300_dry,M01Ch012,25,36,-0.10173225081839146,66.578,145.0,283.0,-6.974581936449131
SJ1300_dry,M01Ch012,26,37,-0.10136378734704303,66.56300000000009,145.0,283.0,-7.311510178846159
SJ1300_dry,M01Ch012,27,38,-0.10115397348626523,66.54400000000005,145.0,283.0,-7.503366959339752
SJ1300_dry,M01Ch012,28,39,-0.10081443219830225,66.52600000000002,145.0,283.0,-7.81384834561104
SJ1300_dry,M01Ch012,29,40,-0.10058623703008118,66.51100000000001,145.0,283.0,-8.022513255244679
SJ1300_dry,M01Ch012,30,41,-0.10017731270082113,66.48000000000005,145.0,283.0,-8.396439481979623
SJ1300_dry,M01Ch012,31,42,-0.09985669651592076,66.46500000000007,145.0,283.0,-8.689615484656898
SJ1300_dry,M01Ch012,32,43,-0.09964094788754657,66.44600000000008,145.0,283.0,-8.886899101107836
SJ1300_dry,M01Ch012,33,44,-0.09940380520394841,66.44200000000004,145.0,283.0,-9.103745746148773
SJ1300_dry,M01Ch012,34,45,-0.0990203538216056,66.43100000000004,145.0,283.0,-9.454379147676129
SJ1300_dry,M01Ch012,35,46,-0.09861700867698706,66.40399999999998,145.0,283.0,-9.823203688568526
SJ1300_dry,M01Ch012,36,47,-0.0984246223363421,66.40500000000006,145.0,283.0,-9.999124496613588
SJ1300_dry,M01Ch012,37,48,-0.09821078222019097,66.39200000000005,145.0,283.0,-10.194662942324651
SJ1300_dry,M01Ch012,38,49,-0.09790060962773042,66.37900000000002,145.0,283.0,-10.478289175435396
SJ1300_dry,M01Ch012,39,50,-0.09756598532165064,66.35400000000007,145.0,283.0,-10.784274403491212
SJ1300_dry,M01Ch012,40,51,-0.09719176499067088,66.34000000000006,145.0,283.0,-11.126466800270263
SJ1300_dry,M01Ch012,41,52,-0.097015796148352,66.32900000000001,145.0,283.0,-11.287375214182138
SJ1300_dry,M01Ch012,42,53,-0.09671563643201478,66.31900000000003,145.0,283.0,-11.561845530856385
SJ1300_dry,M01Ch012,43,54,-0.09660672746596162,66.31400000000002,145.0,283.0,-11.661433439473978
SJ1300_dry,M01Ch012,44,55,-0.09623811065522322,66.30600000000007,145.0,283.0,-11.998501897591607
SJ1300_dry,M01Ch012,45,56,-0.09587355271603912,66.28500000000004,145.0,283.0,-12.331858865791679
SJ1300_dry,M01Ch012,46,57,-0.09557518784627247,66.27800000000002,145.0,283.0,-12.60468794921643
SJ1300_dry,M01Ch012,47,58,-0.09528425786105553,66.26200000000006,145.0,283.0,-12.870718468391152
SJ1300_dry,M01Ch012,48,59,-0.09498155184628468,66.24600000000005,145.0,283.0,-13.147517156593569
SJ1300_dry,M01Ch012,49,60,-0.09468592344733115,66.231,145.0,283.0,-13.417843972159693
SJ1300_dry,M01Ch012,50,61,-0.09446605524656784,66.22600000000006,145.0,283.0,-13.618894584235496
SJ1300_dry,M01Ch012,51,62,-0.09419311996226928,66.21200000000002,145.0,283.0,-13.868470492778929
SJ1300_dry,M01Ch012,52,63,-0.09378738578749644,66.18700000000005,145.0,283.0,-14.239479596846538
SJ1300_dry,M01Ch012,53,64,-0.09352154758040038,66.16900000000005,145.0,283.0,-14.482565836986094
SJ1300_dry,M01Ch012,54,65,-0.09314049678236189,66.1660000000001,145.0,283.0,-14.831004110058998
SJ1300_dry,M01Ch012,55,66,-0.09300135144410313,66.15400000000005,145.0,283.0,-14.958240587763816
SJ1300_dry,M01Ch012,56,67,-0.09258598545134007,66.14500000000011,145.0,283.0,-15.338057163287566
SJ1300_dry,M01Ch012,57,68,-0.0925282487226088,66.14100000000006,145.0,283.0,-15.390852449783655
SJ1300_dry,M01Ch012,58,69,-0.09214271688761515,66.12400000000004,145.0,283.0,-15.743388246825207
SJ1300_dry,M01Ch012,59,70,-0.0918304045006993,66.09999999999998,145.0,283.0,-16.028971138440728
SJ1300_dry,M01Ch012,60,71,-0.09150185055813062,66.08400000000006,145.0,283.0,-16.3294055397049
SJ1300_dry,M01Ch012,61,72,-0.09124029125573822,66.069,145.0,283.0,-16.56857908848344
SJ1300_dry,M01Ch012,62,73,-0.0909521918648875,66.04300000000003,145.0,283.0,-16.832021271882947
SJ1300_dry,M01Ch012,63,74,-0.09067509193296022,66.03300000000004,145.0,283.0,-17.08540539349186
SJ1300_dry,M01Ch012,64,75,-0.09045723564217373,66.02300000000002,145.0,283.0,-17.28461628645015
SJ1300_dry,M01Ch012,65,76,-0.08999180271425068,65.99800000000005,145.0,283.0,-17.710214780067247
SJ1300_dry,M01Ch012,66,77,-0.08988547545837106,65.99800000000005,145.0,283.0,-17.807441936157687
SJ1300_dry,M01Ch012,67,78,-0.08966839527428719,65.98600000000003,145.0,283.0,-18.005943146101078
SJ1300_dry,M01Ch012,68,79,-0.08949343291475112,65.96500000000006,145.0,283.0,-18.165931217831478
SJ1300_dry,M01Ch012,69,80,-0.08920585199995511,65.94600000000003,145.0,283.0,-18.42889929934728
SJ1300_dry,M01Ch012,70,81,-0.08899621099246657,65.94800000000006,145.0,283.0,-18.620598020333013
SJ1300_dry,M01Ch012,71,82,-0.08860804965006265,65.93200000000006,145.0,283.0,-18.97553827637526
SJ1300_dry,M01Ch012,72,83,-0.08834300764434903,65.92300000000003,145.0,283.0,-19.217896458638673
SJ1300_dry,M01Ch012,73,84,-0.08822317135966697,65.90000000000005,145.0,283.0,-19.32747646293478
SJ1300_dry,M01Ch012,74,85,-0.08806289114953655,65.89500000000002,145.0,283.0,-19.47403896828338
SJ1300_dry,M01Ch012,75,86,-0.08777875840860275,65.87800000000001,145.0,283.0,-19.733853990543082
SJ1300_dry,M01Ch012,76,87,-0.08768189558550628,65.86800000000005,145.0,283.0,-19.82242673459306
SJ1300_dry,M01Ch012,77,88,-0.08722565089608082,65.84600000000006,145.0,283.0,-20.239623372155357
SJ1300_dry,M01Ch012,78,89,-0.08700963059558753,65.83600000000008,145.0,283.0,-20.437155409458608
SJ1300_dry,M01Ch012,79,90,-0.08673828669299238,65.81900000000003,145.0,283.0,-20.685276135922926
SJ1300_dry,M01Ch012,80,91,-0.08652653682032597,65.80800000000004,145.0,283.0,-20.878903233241953
SJ1300_dry,M01Ch012,81,92,-0.08625083465740299,65.79000000000005,145.0,283.0,-21.131009214979446
SJ1300_dry,M01Ch012,82,93,-0.08597544924079106,65.76200000000007,145.0,283.0,-21.382825559381992
SJ1300_dry,M01Ch012,83,94,-0.08596125980983697,65.75800000000007,145.0,283.0,-21.395800576999015
SJ1300_dry,M01Ch012,84,95,-0.08556685806973194,65.74000000000005,145.0,283.0,-21.75644714151629
SJ1300_dry,M01Ch012,85,96,-0.08534412541130872,65.71000000000006,145.0,283.0,-21.96011705444503
SJ1300_dry,M01Ch012,86,97,-0.08517390311323796,65.70699999999997,145.0,283.0,-22.11577074650811
SJ1300_dry,M01Ch012,87,98,-0.08505620135160999,65.69100000000005,145.0,283.0,-22.223398912543722
SJ1300_dry,M01Ch012,88,99,-0.08478119893615225,65.66700000000007,145.0,283.0,-22.474865035239766
SJ1300_dry,M01Ch012,89,100,-0.08452616671325645,65.661,145.0,283.0,-22.708070129629256
SJ1300_dry,M01Ch012,90,101,-0.08438399840426156,65.63700000000004,145.0,283.0,-22.838070854799952
SJ1300_dry,M01Ch012,91,102,-0.08403992800463225,65.62199999999999,145.0,283.0,-23.152693725240002
SJ1300_dry,M01Ch012,92,103,-0.08386652308977827,65.59400000000001,145.0,283.0,-23.311257647386608
SJ1300_dry,M01Ch012,93,104,-0.08361705041686975,65.57500000000005,145.0,283.0,-23.539379010140838
SJ1300_dry,M01Ch012,94,105,-0.08347706387517775,65.56100000000008,145.0,283.0,-23.667384696237526
SJ1300_dry,M01Ch012,95,106,-0.08327610052242372,65.54400000000005,145.0,283.0,-23.851148446228365
SJ1300_dry,M01Ch012,96,117,-0.08128079289523028,65.34800000000001,145.0,283.0,-25.675686138964693
SJ1300_dry,M01Ch012,97,118,-0.08102821045321196,65.32000000000004,145.0,283.0,-25.906651118853052
SJ1300_dry,M01Ch012,98,119,-0.08086260193381015,65.31000000000002,145.0,283.0,-26.058085906035156
SJ1300_dry,M01Ch012,99,120,-0.08072673347186332,65.28800000000007,145.0,283.0,-26.182325961401844
SJ1300_dry,M01Ch012,100,121,-0.08050044390326146,65.27099999999999,145.0,283.0,-26.38924836362204
SJ1300_dry,M01Ch012,101,122,-0.08018969905743568,65.24300000000004,145.0,283.0,-26.67339787335461
SJ1300_dry,M01Ch012,102,123,-0.0801413759414874,65.23100000000004,145.0,283.0,-26.717585218341668
SJ1300_dry,M01Ch012,103,124,-0.07990243999891625,65.20000000000003,145.0,283.0,-26.936071644910264
SJ1300_dry,M01Ch012,104,125,-0.07969402013351667,65.18000000000006,145.0,283.0,-27.12665373618981
SJ1300_dry,M01Ch012,105,126,-0.07952651363228343,65.15700000000007,145.0,283.0,-27.279824064971802
SJ1300_dry,M01Ch012,106,127,-0.07942492537895655,65.124,145.0,283.0,-27.37271780967965
SJ1300_dry,M01Ch012,107,128,-0.07913880309602955,65.10400000000004,145.0,283.0,-27.634352097454297
SJ1300_dry,M01Ch012,108,129,-0.07901871283257125,65.08700000000009,145.0,283.0,-27.744164343558175
SJ1300_dry,M01Ch012,109,130,-0.0788154858743363,65.0670000000001,145.0,283.0,-27.92999796661778
SJ1300_dry,M01Ch012,110,131,-0.07871435494063818,65.05600000000007,145.0,283.0,-28.022473531748247
SJ1300_dry,M01Ch012,111,132,-0.07850591491895323,65.03500000000008,145.0,283.0,-28.21307405422201
SJ1300_dry,M01Ch012,112,133,-0.07828131444676886,65.00500000000004,145.0,283.0,-28.4184519226378
SJ1300_dry,M01Ch012,113,134,-0.07821571894067722,64.98500000000004,145.0,283.0,-28.4784333870031
SJ1300_dry,M01Ch012,114,135,-0.07791179085437723,64.96600000000004,145.0,283.0,-28.756349554805027
SJ1300_dry,M01Ch012,115,136,-0.07780020406498518,64.93700000000005,145.0,283.0,-28.85838610319611
SJ1300_dry,M01Ch012,116,137,-0.07758361450588103,64.91000000000001,145.0,283.0,-29.05643867867518
SJ1300_dry,M01Ch012,117,138,-0.07746347811036926,64.88300000000002,145.0,283.0,-29.166293108585318
SJ1300_dry,M01Ch012,118,139,-0.07717446397362612,64.85699999999997,145.0,283.0,-29.43057174864806
SJ1300_dry,M01Ch012,119,140,-0.07705848611775014,64.83100000000006,145.0,283.0,-29.53662355072838
SJ1300_dry,M01Ch012,120,141,-0.07694587835465368,64.81100000000006,145.0,283.0,-29.639593692005906
SJ1300_dry,M01Ch012,121,142,-0.07681755935370987,64.78700000000006,145.0,283.0,-29.75693041278291
SJ1300_dry,M01Ch012,122,143,-0.07666274358106326,64.765,145.0,283.0,-29.89849615872313
SJ1300_dry,M01Ch012,123,144,-0.07650055347345719,64.73200000000004,145.0,283.0,-30.04680510150629
SJ1300_dry,M01Ch012,124,145,-0.07626054058331223,64.71800000000006,145.0,283.0,-30.26627630426414
SJ1300_dry,M01Ch012,125,146,-0.07614795049365353,64.69800000000001,145.0,283.0,-30.369230284698634
SJ1300_dry,M01Ch012,126,147,-0.07593570831149588,64.67000000000004,145.0,283.0,-30.563307556823304
SJ1300_dry,M01Ch012,127,148,-0.07579903948299768,64.64000000000007,145.0,283.0,-30.688279478755863
SJ1300_dry,M01Ch012,128,149,-0.07551242421809798,64.61100000000003,145.0,283.0,-30.950364556262777
SJ1300_dry,M01Ch012,129,150,-0.0753511490108644,64.58200000000002,145.0,283.0,-31.09783690112391
SJ1300_dry,M01Ch012,130,151,-0.07518870096683197,64.56500000000001,145.0,283.0,-31.246381704646442
SJ1300_dry,M01Ch012,131,152,-0.07493018018775413,64.54000000000005,145.0,283.0,-31.482776784460043
SJ1300_dry,M01Ch012,132,153,-0.07491059597879621,64.51800000000009,145.0,283.0,-31.500684863865537
SJ1300_dry,M01Ch012,133,154,-0.0747583621376554,64.49000000000005,145.0,283.0,-31.63988965488923
SJ1300_dry,M01Ch012,134,155,-0.07462009473870733,64.46200000000003,145.0,283.0,-31.766323332392986
SJ1300_dry,M01Ch012,135,156,-0.07445711487477172,64.44100000000006,145.0,283.0,-31.915354439604172
SJ1300_dry,M01Ch012,136,157,-0.07433865826893035,64.41000000000005,145.0,283.0,-32.02367284593192
SJ1300_dry,M01Ch012,137,158,-0.07416111260945288,64.38100000000006,145.0,283.0,-32.18602312389582
SJ1300_dry,M01Ch012,138,159,-0.07401971734447853,64.35799999999996,145.0,283.0,-32.315316966611704
SJ1300_dry,M01Ch012,139,160,-0.07385048557281859,64.32800000000003,145.0,283.0,-32.47006490722697
SJ1300_dry,M01Ch012,140,161,-0.07360928407301459,64.3080000000001,145.0,283.0,-32.69062299157406
SJ1300_dry,M01Ch012,141,162,-0.07370155478156416,64.28000000000006,145.0,283.0,-32.606249342423546
SJ1300_dry,M01Ch012,142,163,-0.07346706842904427,64.24300000000005,145.0,283.0,-32.82066700051999
SJ1300_dry,M01Ch012,143,164,-0.07316576833837254,64.21300000000005,145.0,283.0,-33.0961800917162
SJ1300_dry,M01Ch012,144,165,-0.07312893094334139,64.19600000000004,145.0,283.0,-33.129864730024885
SJ1300_dry,M01Ch012,145,166,-0.07298184870229867,64.17900000000006,145.0,283.0,-33.264358824598176
SJ1300_dry,M01Ch012,146,167,-0.07283372194429794,64.14800000000004,145.0,283.0,-33.399808040344084
SJ1300_dry,M01Ch012,147,168,-0.0725290407278034,64.11500000000004,145.0,283.0,-33.678412881114895
SJ1300_dry,M01Ch012,148,169,-0.0724033131756764,64.07600000000001,145.0,283.0,-33.793379944210756
SJ1300_dry,M01Ch012,149,170,-0.07225382354186337,64.05900000000008,145.0,283.0,-33.93007539299669
SJ1300_dry,M01Ch012,150,171,-0.07216635890020644,64.03100000000006,145.0,283.0,-34.01005430617773
SJ1300_dry,M01Ch012,151,172,-0.07197160082572426,64.00400000000006,145.0,283.0,-34.18814386139949
SJ1300_dry,M01Ch012,152,173,-0.07198734199202113,63.98300000000003,145.0,283.0,-34.1737499148998
SJ1300_dry,M01Ch012,153,174,-0.07176634493794899,63.950000000000045,145.0,283.0,-34.37583276650772
SJ1300_dry,M01Ch012,154,175,-0.0716866818118496,63.92600000000003,145.0,283.0,-34.448677862827026
SJ1300_dry,M01Ch012,155,176,-0.0715128033831834,63.89400000000004,145.0,283.0,-34.60767477274286
SJ1300_dry,M01Ch012,156,177,-0.07143377414659742,63.87600000000008,145.0,283.0,-34.679940231469196
SJ1300_dry,M01Ch012,157,178,-0.07134234027861727,63.84400000000002,145.0,283.0,-34.76354866169261
SJ1300_dry,M01Ch012,158,179,-0.07105728417205648,63.81600000000002,145.0,283.0,-35.02420802262354
SJ1300_dry,M01Ch012,159,180,-0.07089589518846284,63.782999999999966,145.0,283.0,-35.17178440620764
SJ1300_dry,M01Ch012,160,181,-0.0708749532489598,63.75600000000004,145.0,283.0,-35.19093401374763
SJ1300_dry,M01Ch012,161,182,-0.07074534725776924,63.72800000000002,145.0,283.0,-35.30944757672351
SJ1300_dry,M01Ch012,162,183,-0.07059376006320053,63.712000000000025,145.0,283.0,-35.4480610649182
SJ1300_dry,M01Ch012,163,184,-0.07042289459800319,63.66900000000002,145.0,283.0,-35.60430287815578
SJ1300_dry,M01Ch012,164,185,-0.07037092994451728,63.644000000000084,145.0,283.0,-35.651820096895825
SJ1300_dry,M01Ch012,165,186,-0.07016132398999579,63.616000000000064,145.0,283.0,-35.843486764949596
SJ1300_dry,M01Ch012,166,187,-0.0700574349957961,63.58000000000003,145.0,283.0,-35.93848433985708
SJ1300_dry,M01Ch012,167,188,-0.06989647123239086,63.558000000000035,145.0,283.0,-36.08567189604893
SJ1300_dry,M01Ch012,168,189,-0.06976892704466267,63.535000000000025,145.0,283.0,-36.20230011659397
SJ1300_dry,M01Ch012,169,190,-0.06954951480892735,63.485000000000035,145.0,283.0,-36.40293378775862
SJ1300_dry,M01Ch012,170,191,-0.06944696879927104,63.48100000000005,145.0,283.0,-36.49670331848548
SJ1300_dry,M01Ch012,171,192,-0.06942176973874323,63.431000000000026,145.0,283.0,-36.51974569808044
SJ1300_dry,M01Ch012,172,193,-0.06913924260031537,63.410000000000046,145.0,283.0,-36.77809253455679
SJ1300_dry,M01Ch012,173,194,-0.06900148930521122,63.37500000000004,145.0,283.0,-36.90405610818864
SJ1300_dry,M01Ch012,174,195,-0.06895002905611086,63.34500000000004,145.0,283.0,-36.951112092379546
SJ1300_dry,M01Ch012,175,196,-0.06890049654954586,63.31400000000001,145.0,283.0,-36.99640532135932
SJ1300_dry,M01Ch012,176,197,-0.06868257026355298,63.29800000000003,145.0,283.0,-37.19568021893053
SJ1300_dry,M01Ch012,177,198,-0.06852465602560744,63.235000000000014,145.0,283.0,-37.34007924563934
SJ1300_dry,M01Ch012,178,199,-0.06845993231991715,63.22200000000003,145.0,283.0,-37.39926352330964
SJ1300_dry,M01Ch012,179,200,-0.06832289909718285,63.178999999999974,145.0,283.0,-37.52456865251798
SJ1300_dry,M01Ch012,180,201,-0.06836863014193102,63.16000000000004,145.0,283.0,-37.48275153432823
SJ1300_dry,M01Ch012,181,202,-0.06807686058107772,63.10699999999998,145.0,283.0,-37.749549773414195
SJ1300_dry,M01Ch012,182,203,-0.06801682571783882,63.10399999999999,145.0,283.0,-37.804446506812496
SJ1300_dry,M01Ch012,183,204,-0.06783067778320732,63.06800000000003,145.0,283.0,-37.974662827610054
SJ1300_dry,M01Ch012,184,205,-0.06756444422941918,63.04299999999998,145.0,283.0,-38.21811057839165
SJ1300_dry,M01Ch012,185,206,-0.06757541884481082,62.99100000000001,145.0,283.0,-38.208075233880145
SJ1300_dry,M01Ch012,186,207,-0.06729448603283361,62.95800000000002,145.0,283.0,-38.46496419555859
SJ1300_dry,M01Ch012,187,208,-0.06736164245205278,62.940000000000055,145.0,283.0,-38.403555410013624
SJ1300_dry,M01Ch012,188,209,-0.06720674302391051,62.91999999999998,145.0,283.0,-38.5451976517297
SJ1300_dry,M01Ch012,189,210,-0.06703408340442849,62.87100000000005,145.0,283.0,-38.70308006518069
SJ1300_dry,M01Ch012,190,211,-0.06687076144024404,62.82900000000006,145.0,283.0,-38.852423993728394
SJ1300_dry,M01Ch012,191,222,-0.06578071833311736,62.515,145.0,283.0,-39.84917492504092
SJ1300_dry,M01Ch012,192,223,-0.06565442722524568,62.48400000000006,145.0,283.0,-39.96465731153057
SJ1300_dry,M01Ch012,193,224,-0.06557252853506182,62.452000000000034,145.0,283.0,-40.039546639466614
SJ1300_dry,M01Ch012,194,225,-0.06542272448702882,62.414000000000044,145.0,283.0,-40.17652959309024
SJ1300_dry,M01Ch012,195,226,-0.06528219778330112,62.37700000000011,145.0,283.0,-40.30502921104029
SJ1300_dry,M01Ch012,196,227,-0.06520519667752109,62.359000000000016,145.0,283.0,-40.37544011809208
SJ1300_dry,M01Ch012,197,228,-0.06508745717564293,62.32200000000001,145.0,283.0,-40.4831027943496
SJ1300_dry,M01Ch012,198,229,-0.06503087514829585,62.304000000000016,145.0,283.0,-40.53484220546557
SJ1300_dry,M01Ch012,199,230,-0.0648196362170163,62.264000000000046,145.0,283.0,-40.728002090708436
SJ1300_dry,M01Ch012,200,231,-0.06487272225703643,62.21100000000006,145.0,283.0,-40.67945946016124
SJ1300_dry,M01Ch012,201,232,-0.0647067772685871,62.16200000000005,145.0,283.0,-40.83120191942922
SJ1300_dry,M01Ch012,202,233,-0.06463418689670898,62.135000000000055,145.0,283.0,-40.89757958862486
SJ1300_dry,M01Ch012,203,234,-0.06442289664909501,62.10899999999998,145.0,283.0,-41.090786398254274
SJ1300_dry,M01Ch012,204,235,-0.06434016401857884,62.084000000000024,145.0,283.0,-41.16643829309934
SJ1300_dry,M01Ch012,205,236,-0.06438736708010077,62.04500000000004,145.0,283.0,-41.123275141821026
SJ1300_dry,M01Ch012,206,237,-0.06432781495563288,62.01699999999999,145.0,283.0,-41.17773045201649
SJ1300_dry,M01Ch012,207,238,-0.06391279523940172,61.98600000000007,145.0,283.0,-41.55723038735106
SJ1300_dry,M01Ch012,208,239,-0.0640057419869779,61.949000000000076,145.0,283.0,-41.47223855849281
SJ1300_dry,M01Ch012,209,240,-0.06394126309241918,61.93100000000001,145.0,283.0,-41.531198977380114
SJ1300_dry,M01Ch012,210,241,-0.06373747056943753,61.87900000000003,145.0,283.0,-41.717549760893554
SJ1300_dry,M01Ch012,211,242,-0.06366681326443849,61.84000000000005,145.0,283.0,-41.78215980622239
SJ1300_dry,M01Ch012,212,243,-0.06339668809152776,61.77500000000001,145.0,283.0,-42.02916610891756
SJ1300_dry,M01Ch012,213,244,-0.06341093953427751,61.76100000000002,145.0,283.0,-42.01613438683199
SJ1300_dry,M01Ch012,214,245,-0.06346983383286708,61.74100000000002,145.0,283.0,-41.962280601982236
SJ1300_dry,M01Ch012,215,246,-0.06324568516332243,61.711999999999975,145.0,283.0,-42.16724533563394
SJ1300_dry,M01Ch012,216,247,-0.06311198070877211,61.66500000000001,145.0,283.0,-42.289506591837814
SJ1300_dry,M01Ch012,217,248,-0.06302553757980041,61.61700000000003,145.0,283.0,-42.36855141928068
SJ1300_dry,M01Ch012,218,249,-0.06302534129363686,61.57800000000004,145.0,283.0,-42.36873090614228
SJ1300_dry,M01Ch012,219,250,-0.06275061391703429,61.563000000000024,145.0,283.0,-42.61994552939464
SJ1300_dry,M01Ch012,220,251,-0.06283629623243434,61.527,145.0,283.0,-42.541596400710056
SJ1300_dry,M01Ch012,221,252,-0.06274416601473107,61.480000000000096,145.0,283.0,-42.625841583031175
SJ1300_dry,M01Ch012,222,253,-0.06252132218340822,61.452000000000055,145.0,283.0,-42.8296131540416
SJ1300_dry,M01Ch012,223,254,-0.06253568736979762,61.41800000000002,145.0,283.0,-42.81647742315309
SJ1300_dry,M01Ch012,224,255,-0.062442285234440356,61.38000000000004,145.0,283.0,-42.90188566507971
SJ1300_dry,M01Ch012,225,256,-0.06242335125707542,61.34100000000005,145.0,283.0,-42.91919916346208
SJ1300_dry,M01Ch012,226,257,-0.062066436389101774,61.29700000000004,145.0,283.0,-43.24556719856647
SJ1300_dry,M01Ch012,227,258,-0.062142997807144065,61.266000000000076,145.0,283.0,-43.175558348239974
SJ1300_dry,M01Ch012,228,259,-0.06210826769963177,61.250999999999976,145.0,283.0,-43.20731605284921
SJ1300_dry,M01Ch012,229,260,-0.061905356992791385,61.209000000000046,145.0,283.0,-43.392860491132545
SJ1300_dry,M01Ch012,230,261,-0.061911212385291944,61.176000000000045,145.0,283.0,-43.38750623689253
SJ1300_dry,M01Ch012,231,262,-0.06188082539014541,61.12800000000001,145.0,283.0,-43.415292537740704
SJ1300_dry,M01Ch012,232,263,-0.06159019068722604,61.08300000000003,145.0,283.0,-43.68105304657986
SJ1300_dry,M01Ch012,233,264,-0.06157696200088873,61.048000000000094,145.0,283.0,-43.693149545645404
SJ1300_dry,M01Ch012,234,265,-0.061527478276946136,61.01100000000005,145.0,283.0,-43.73839816710095
SJ1300_dry,M01Ch012,235,266,-0.06149515688305586,60.98300000000001,145.0,283.0,-43.76795330969193
SJ1300_dry,M01Ch012,236,267,-0.06124697529624058,60.918000000000035,145.0,283.0,-43.99489408494698
SJ1300_dry,M01Ch012,237,268,-0.06120309587993187,60.88599999999999,145.0,283.0,-44.035018047738184
SJ1300_dry,M01Ch012,238,269,-0.06102766256232199,60.86200000000004,145.0,283.0,-44.195436770234245
SJ1300_dry,M01Ch012,239,270,-0.060941937054511494,60.81000000000001,145.0,283.0,-44.27382539467368
SJ1300_dry,M01Ch012,240,271,-0.06100507572438092,60.783999999999985,145.0,283.0,-44.216090496317165
SJ1300_dry,M01Ch012,241,272,-0.060934258677744255,60.63200000000008,145.0,283.0,-44.28084661167298
SJ1300_dry,M01Ch012,242,273,-0.06069334555670851,60.70900000000004,145.0,283.0,-44.50114099836999
SJ1300_dry,M01Ch012,243,274,-0.060636086356727806,60.682000000000045,145.0,283.0,-44.55349962578008
SJ1300_dry,M01Ch012,244,275,-0.06056125427418792,60.517000000000046,145.0,283.0,-44.62192714711022
SJ1300_dry,M01Ch012,245,276,-0.06060128383675647,60.61000000000003,145.0,283.0,-44.58532354537248
SJ1300_dry,M01Ch012,246,277,-0.06058056170860794,60.437999999999995,145.0,283.0,-44.60427215428141
SJ1300_dry,M01Ch012,247,278,-0.060409121004454946,60.405,145.0,283.0,-44.76103997420719
SJ1300_dry,M01Ch012,248,279,-0.06021511027308085,60.35600000000002,145.0,283.0,-44.938446148254286
SJ1300_dry,M01Ch012,249,280,-0.06034745933650824,60.455000000000055,145.0,283.0,-44.817424280983985
SJ1300_dry,M01Ch012,250,281,-0.06017244101810217,60.413000000000004,145.0,283.0,-44.977463522301555
SJ1300_dry,M01Ch012,251,282,-0.06026485647100588,60.256999999999984,145.0,283.0,-44.89295751685353
SJ1300_dry,M01Ch012,252,283,-0.060150034016288434,60.212000000000025,145.0,283.0,-44.9979528036701
SJ1300_dry,M01Ch012,253,284,-0.05980840606483105,60.172000000000025,145.0,283.0,-45.31034226473935
SJ1300_dry,M01Ch012,254,285,-0.059875433974162486,60.13700000000003,145.0,283.0,-45.249050990464745
SJ1300_dry,M01Ch012,255,286,-0.05998638706369848,60.14800000000002,145.0,283.0,-45.147593906241234
SJ1300_dry,M01Ch012,256,287,-0.05971998693424931,60.05700000000006,145.0,283.0,-45.39119397617808
SJ1300_dry,M01Ch012,257,288,-0.05957256517676478,60.02900000000009,145.0,283.0,-45.525998529417976
SJ1300_dry,M01Ch012,258,289,-0.05957925606141727,59.975999999999985,145.0,283.0,-45.51988028926301
SJ1300_dry,M01Ch012,259,290,-0.059645218363767495,59.94600000000008,145.0,283.0,-45.45956342117839
SJ1300_dry,M01Ch012,260,291,-0.05925625389813309,59.90800000000003,145.0,283.0,-45.815238064533126
SJ1300_dry,M01Ch012,261,292,-0.05937426604252023,59.861000000000054,145.0,283.0,-45.70732608008497
SJ1300_dry,M01Ch012,262,293,-0.059369782738150814,59.82299999999999,145.0,283.0,-45.71142567740948
SJ1300_dry,M01Ch012,263,294,-0.05923970968698562,59.795000000000044,145.0,283.0,-45.830366326673634
SJ1300_dry,M01Ch012,264,295,-0.05922027379223578,59.749000000000045,145.0,283.0,-45.84813878545635
SJ1300_dry,M01Ch012,265,296,-0.05906860831617593,59.71900000000007,145.0,283.0,-45.986823855360704
SJ1300_dry,M01Ch012,266,297,-0.05910602166895913,59.676000000000045,145.0,283.0,-45.95261255308617
SJ1300_dry,M01Ch012,267,298,-0.05898208777001611,59.63400000000001,145.0,283.0,-46.06593947418223
SJ1300_dry,M01Ch012,268,299,-0.058946116857831486,59.594,145.0,283.0,-46.098831788243736
SJ1300_dry,M01Ch012,269,300,-0.058929633748812174,59.535000000000004,145.0,283.0,-46.113904177728614
SJ1300_dry,M01Ch012,270,301,-0.058851707829010017,59.491000000000014,145.0,283.0,-46.185160747884744
SJ1300_dry,M01Ch012,271,302,-0.0587772220841226,59.452000000000055,145.0,283.0,-46.25327157313619
SJ1300_dry,M01Ch012,272,303,-0.05873071345894727,59.43900000000007,145.0,283.0,-46.29579972193552
SJ1300_dry,M01Ch012,273,304,-0.05866207987735274,59.38100000000007,145.0,283.0,-46.358559245780405
SJ1300_dry,M01Ch012,274,305,-0.05870559675440092,59.35100000000003,145.0,283.0,-46.318766794048905
SJ1300_dry,M01Ch012,275,306,-0.058555011582739104,59.31200000000001,145.0,283.0,-46.45646401823614
SJ1300_dry,M01Ch012,276,307,-0.05869151601308953,59.28400000000008,145.0,283.0,-46.33164242430971
SJ1300_dry,M01Ch012,277,308,-0.0586304880512968,59.240000000000066,145.0,283.0,-46.38744726116002
SJ1300_dry,M01Ch012,278,309,-0.05860758424977238,59.210000000000015,145.0,283.0,-46.40839082325478
SJ1300_dry,M01Ch012,279,310,-0.05840477772415405,59.150000000000034,145.0,283.0,-46.59383999674589
SJ1300_dry,M01Ch012,280,311,-0.05823915619380955,59.098000000000056,145.0,283.0,-46.74528668131915
SJ1300_dry,M01Ch012,281,312,-0.05828507265642311,59.05800000000005,145.0,283.0,-46.70330001439432
SJ1300_dry,M01Ch012,282,313,-0.058337574785430335,59.028000000000034,145.0,283.0,-46.65529132038792
SJ1300_dry,M01Ch012,283,314,-0.058269755872168684,58.999,145.0,283.0,-46.71730589991435
SJ1300_dry,M01Ch012,284,315,-0.058148224411026114,58.950000000000024,145.0,283.0,-46.82843599769272
SJ1300_dry,M01Ch012,285,316,-0.058012070470870494,58.911000000000044,145.0,283.0,-46.95293709839663
SJ1300_dry,M01Ch012,286,327,-0.05771818214606587,58.554000000000066,145.0,283.0,-47.22167276539522
SJ1300_dry,M01Ch012,287,328,-0.05762121856160072,58.492000000000004,145.0,283.0,-47.310337647074796
SJ1300_dry,M01Ch012,288,329,-0.057700407297880875,58.48700000000005,145.0,283.0,-47.237926339558015
SJ1300_dry,M01Ch012,289,330,-0.057525622365855664,58.43200000000004,145.0,283.0,-47.39775216904722
SJ1300_dry,M01Ch012,290,331,-0.05768316102810624,58.39200000000001,145.0,283.0,-47.25369657409932
SJ1300_dry,M01Ch012,291,332,-0.0575646772085226,58.35300000000005,145.0,283.0,-47.36203986506033
SJ1300_dry,M01Ch012,292,333,-0.05745424770366823,58.292,145.0,283.0,-47.46301817599898
SJ1300_dry,M01Ch012,293,334,-0.057316045877103275,58.23800000000006,145.0,283.0,-47.58939189318235
SJ1300_dry,M01Ch012,294,335,-0.057153589239294686,58.18100000000003,145.0,283.0,-47.73794455497612
SJ1300_dry,M01Ch012,295,336,-0.05727588088566364,58.12700000000003,145.0,283.0,-47.626119333007324
SJ1300_dry,M01Ch012,296,337,-0.057191107615219894,58.07100000000002,145.0,283.0,-47.70363721804578
SJ1300_dry,M01Ch012,297,338,-0.05725863078844908,58.06400000000001,145.0,283.0,-47.64189306741417
SJ1300_dry,M01Ch012,298,339,-0.05731739798736298,58.00700000000002,145.0,283.0,-47.58815550431682
SJ1300_dry,M01Ch012,299,340,-0.05718608873539029,57.957,145.0,283.0,-47.708226553193725
SJ1300_dry,M01Ch012,300,341,-0.05709937201704055,57.92700000000003,145.0,283.0,-47.78752155465775
SJ1300_dry,M01Ch012,301,342,-0.05709345973377026,57.89200000000005,145.0,283.0,-47.79292783062732
SJ1300_dry,M01Ch012,302,343,-0.057214048764661275,57.839999999999996,145.0,283.0,-47.68265950448421
SJ1300_dry,M01Ch012,303,344,-0.05717737492459165,57.784000000000006,145.0,283.0,-47.716194585808246
SJ1300_dry,M01Ch012,304,345,-0.05718831828919986,57.751000000000026,145.0,283.0,-47.70618781745789
SJ1300_dry,M01Ch012,305,346,-0.05730317822045228,57.70000000000005,145.0,283.0,-47.601158261564336
SJ1300_dry,M01Ch012,306,347,-0.05723711139243156,57.671000000000035,145.0,283.0,-47.66157070940973
SJ1300_dry,M01Ch012,307,348,-0.057156476530688505,57.611000000000004,145.0,283.0,-47.73530437463192
SJ1300_dry,M01Ch012,308,349,-0.05718198337727034,57.56600000000004,145.0,283.0,-47.71198055108855
SJ1300_dry,M01Ch012,309,350,-0.057328846112989704,57.51400000000005,145.0,283.0,-47.57768717530707
SJ1300_dry,M01Ch012,310,351,-0.05718333224709565,57.47500000000002,145.0,283.0,-47.71074712532235
SJ1300_dry,M01Ch012,311,352,-0.05719998136470135,57.427000000000035,145.0,283.0,-47.695522935223345
SJ1300_dry,M01Ch012,312,353,-0.05733790049877634,57.377000000000066,145.0,283.0,-47.56940771607625
SJ1300_dry,M01Ch012,313,354,-0.05708062227048849,57.29000000000002,145.0,283.0,-47.804666589762746
SJ1300_dry,M01Ch012,314,355,-0.057537556002053306,57.25500000000003,145.0,283.0,-47.38683988226134
SJ1300_dry,M01Ch012,315,356,-0.05720955733147278,57.214000000000034,145.0,283.0,-47.68676653491657
SJ1300_dry,M01Ch012,316,357,-0.057429828013634054,57.16300000000007,145.0,283.0,-47.4853478881221
SJ1300_dry,M01Ch012,317,358,-0.057137265351755784,57.12000000000005,145.0,283.0,-47.75287135007318
SJ1300_dry,M01Ch012,318,359,-0.057312328377323904,57.0620000000001,145.0,283.0,-47.59279122789033
SJ1300_dry,M01Ch012,319,360,-0.05723370536885751,57.02500000000001,145.0,283.0,-47.664685225842426
SJ1300_dry,M01Ch012,320,361,-0.05731931250944182,56.977000000000025,145.0,283.0,-47.58640483807929
SJ1300_dry,M01Ch012,321,362,-0.05733057303441791,56.91200000000006,145.0,283.0,-47.576108053774526
SJ1300_dry,M01Ch012,322,363,-0.05736235372244051,56.86800000000005,145.0,283.0,-47.54704734032459
SJ1300_dry,M01Ch012,323,364,-0.057245733437757004,56.81200000000004,145.0,283.0,-47.65368658844995
SJ1300_dry,M01Ch012,324,365,-0.05743274011070375,56.76500000000005,145.0,283.0,-47.48268502511483
SJ1300_dry,M01Ch012,325,366,-0.05737351062043107,56.712000000000046,145.0,283.0,-47.536845314010264
SJ1300_dry,M01Ch012,326,367,-0.0575978618146572,56.65600000000004,145.0,283.0,-47.33169538890737
SJ1300_dry,M01Ch012,327,368,-0.057603703448140864,56.60600000000004,145.0,283.0,-47.32635371610823
SJ1300_dry,M01Ch012,328,369,-0.05756627781888494,56.53900000000002,145.0,283.0,-47.36057624416414
SJ1300_dry,M01Ch012,329,370,-0.05746742424636059,56.48300000000003,145.0,283.0,-47.450969357824526
SJ1300_dry,M01Ch012,330,371,-0.05762320817545841,56.43600000000006,145.0,283.0,-47.30851831584594
SJ1300_dry,M01Ch012,331,372,-0.05766202391801621,56.39200000000004,145.0,283.0,-47.273024648401844
SJ1300_dry,M01Ch012,332,373,-0.05761492944689561,56.33500000000008,145.0,283.0,-47.316088503071654
SJ1300_dry,M01Ch012,333,374,-0.0577872335130696,56.27100000000007,145.0,283.0,-47.15853121262599
SJ1300_dry,M01Ch012,334,375,-0.05776292629713248,56.21900000000003,145.0,283.0,-47.18075807683396
SJ1300_dry,M01Ch012,335,376,-0.05796372213912391,56.168000000000035,145.0,283.0,-46.99714750106855
SJ1300_dry,M01Ch012,336,377,-0.05792172044492601,56.11500000000004,145.0,283.0,-47.03555444803674
SJ1300_dry,M01Ch012,337,378,-0.05782500136933279,56.04600000000002,145.0,283.0,-47.123995747323846
SJ1300_dry,M01Ch012,338,379,-0.05809788457719186,55.997000000000064,145.0,283.0,-46.87446745821787
SJ1300_dry,M01Ch012,339,380,-0.05823777420795604,55.96000000000007,145.0,283.0,-46.74655038885287
SJ1300_dry,M01Ch012,340,381,-0.058297023133654924,55.88900000000003,145.0,283.0,-46.6923723279271
SJ1300_dry,M01Ch012,341,382,-0.05850208448223061,55.83200000000006,145.0,283.0,-46.50486131223176
SJ1300_dry,M01Ch012,342,383,-0.05834720848878126,55.75200000000001,145.0,283.0,-46.6464821249311
SJ1300_dry,M01Ch012,343,384,-0.05823371323449533,55.70000000000005,145.0,283.0,-46.750263800783586
SJ1300_dry,M01Ch012,344,385,-0.05865208551463887,55.649000000000036,145.0,283.0,-46.36769823329181
SJ1300_dry,M01Ch012,345,386,-0.05869836104606154,55.58600000000003,145.0,283.0,-46.32538322873744
SJ1300_dry,M01Ch012,346,387,-0.0586055956791521,55.50000000000003,145.0,283.0,-46.410209200532506
SJ1300_dry,M01Ch012,347,388,-0.059141294972949884,55.464000000000055,145.0,283.0,-45.92035814188593
SJ1300_dry,M01Ch012,348,389,-0.05869718277659823,55.41000000000004,145.0,283.0,-46.326460655104526
SJ1300_dry,M01Ch012,349,390,-0.058807098767726794,55.33400000000004,145.0,283.0,-46.2259519084254
SJ1300_dry,M01Ch012,350,391,-0.05882468640953518,55.25900000000003,145.0,283.0,-46.209869518437806
SJ1300_dry,M01Ch012,351,392,-0.05919375511970929,55.194000000000045,145.0,283.0,-45.872387837044435
SJ1300_dry,M01Ch012,352,393,-0.05921554652880255,55.17700000000006,145.0,283.0,-45.852461462420976
SJ1300_dry,M01Ch012,353,394,-0.059242338877083744,55.112000000000045,145.0,283.0,-45.827962157827685
SJ1300_dry,M01Ch012,354,395,-0.059540260745704954,55.05500000000002,145.0,283.0,-45.555538160955365
SJ1300_dry,M01Ch012,355,396,-0.0594921106688749,54.97899999999999,145.0,283.0,-45.59956727650992
SJ1300_dry,M01Ch012,356,397,-0.05957213467394986,54.93400000000004,145.0,283.0,-45.52639218731911
SJ1300_dry,M01Ch012,357,398,-0.059721723675766156,54.83100000000003,145.0,283.0,-45.38960587501671
SJ1300_dry,M01Ch012,358,399,-0.05965766544781035,54.81900000000001,145.0,283.0,-45.44818163037513
SJ1300_dry,M01Ch012,359,400,-0.05988802681995685,54.733000000000004,145.0,283.0,-45.23753591304134
SJ1300_dry,M01Ch012,360,401,-0.06010287491771453,54.69500000000002,145.0,283.0,-45.041075754603035
SJ1300_dry,M01Ch012,361,402,-0.060203734585252036,54.63300000000001,145.0,283.0,-44.94884823911066
SJ1300_dry,M01Ch012,362,403,-0.06028360604323642,54.59300000000006,145.0,283.0,-44.87581264115062
SJ1300_dry,M01Ch012,363,404,-0.060466909118756074,54.53300000000003,145.0,283.0,-44.708197700014686
SJ1300_dry,M01Ch012,364,405,-0.060691981237895376,54.45200000000001,145.0,283.0,-44.50238855091053
SJ1300_dry,M01Ch012,365,406,-0.060686302484205944,54.396,145.0,283.0,-44.50758128410762
SJ1300_dry,M01Ch012,366,407,-0.060846660892591886,54.437000000000076,145.0,283.0,-44.3609472731612
SJ1300_dry,M01Ch012,367,408,-0.06091583488640282,54.348000000000035,145.0,283.0,-44.297693588694166
SJ1300_dry,M01Ch012,368,409,-0.061057471264007415,54.18000000000002,145.0,283.0,-44.168179269157534
SJ1300_dry,M01Ch012,369,410,-0.06129763205627843,54.244000000000035,145.0,283.0,-43.948572822590585
SJ1300_dry,M01Ch012,370,411,-0.06135047061906658,54.20200000000003,145.0,283.0,-43.90025648874657
SJ1300_dry,M01Ch012,371,412,-0.06150115154628597,54.12100000000007,145.0,283.0,-43.762471704314635
SJ1300_dry,M01Ch012,372,413,-0.061801615246084476,54.070000000000014,145.0,283.0,-43.48772342083692
SJ1300_dry,M01Ch012,373,414,-0.06173174807483674,53.98100000000004,145.0,283.0,-43.55161095661789
SJ1300_dry,M01Ch012,374,415,-0.06213631223056285,53.92600000000007,145.0,283.0,-43.18167173461902
SJ1300_dry,M01Ch012,375,416,-0.06227994058274352,53.87600000000002,145.0,283.0,-43.05033592517903
SJ1300_dry,M01Ch012,376,417,-0.06222060607676492,53.7980000000001,145.0,283.0,-43.104592241930604
SJ1300_dry,M01Ch012,377,418,-0.06251109397849827,53.72700000000004,145.0,283.0,-42.83896597018529
SJ1300_dry,M01Ch012,378,419,-0.0626570411500694,53.677000000000085,145.0,283.0,-42.70550979929182
SJ1300_dry,M01Ch012,379,420,-0.0629236996913721,53.61000000000004,145.0,283.0,-42.46167343387823
SJ1300_dry,M01Ch012,380,421,-0.06314103359880396,53.53600000000006,145.0,283.0,-42.262940215694286
SJ1300_dry,M01Ch012,381,432,-0.061956154195795844,53.31600000000003,145.0,283.0,-43.34641080572861
SJ1300_dry,M01Ch012,382,433,-0.06208112562719378,53.217000000000006,145.0,283.0,-43.23213515018898
SJ1300_dry,M01Ch012,383,434,-0.06238111973103923,53.23700000000002,145.0,283.0,-42.95781627193431
SJ1300_dry,M01Ch012,384,435,-0.06278808378609649,53.04199999999999,145.0,283.0,-42.58568254783023
SJ1300_dry,M01Ch012,385,436,-0.06309163157511469,53.08200000000006,145.0,283.0,-42.30811412927539
SJ1300_dry,M01Ch012,386,437,-0.06327524419900024,52.979000000000035,145.0,283.0,-42.140216132708
SJ1300_dry,M01Ch012,387,438,-0.06364749199167216,52.92999999999999,145.0,283.0,-41.799827453032
SJ1300_dry,M01Ch012,388,439,-0.06378352531708317,52.81100000000002,145.0,283.0,-41.67543664416723
SJ1300_dry,M01Ch012,389,440,-0.0641141921299732,52.764000000000024,145.0,283.0,-41.37307020420956
SJ1300_dry,M01Ch012,390,441,-0.06425407989382229,52.68200000000004,145.0,283.0,-41.245154841978305
SJ1300_dry,M01Ch012,391,442,-0.06473280945538741,52.61500000000003,145.0,283.0,-40.80739771731312
SJ1300_dry,M01Ch012,392,443,-0.06487305081361258,52.57200000000005,145.0,283.0,-40.67915902335179
SJ1300_dry,M01Ch012,393,444,-0.06511517213949412,52.50000000000004,145.0,283.0,-40.45775983694787
SJ1300_dry,M01Ch012,394,445,-0.06548589331382049,52.406000000000006,145.0,283.0,-40.118767118814816
SJ1300_dry,M01Ch012,395,446,-0.06581902276787913,52.335000000000036,145.0,283.0,-39.81414880472277
SJ1300_dry,M01Ch012,396,447,-0.0658712940686261,52.255000000000024,145.0,283.0,-39.766351183362815
SJ1300_dry,M01Ch012,397,448,-0.06612233216061966,52.214,145.0,283.0,-39.53679837911723
SJ1300_dry,M01Ch012,398,449,-0.06645761528348448,52.14400000000005,145.0,283.0,-39.23021071961649
SJ1300_dry,M01Ch012,399,450,-0.06658592584864846,52.04500000000005,145.0,283.0,-39.112881712636614
SJ1300_dry,M01Ch012,400,451,-0.06670872328156549,51.970000000000056,145.0,283.0,-39.0005939922496
SJ1300_dry,M01Ch012,401,452,-0.06731258336160126,51.91500000000002,145.0,283.0,-38.44841574056128
SJ1300_dry,M01Ch012,402,453,-0.06745529351039732,51.859000000000016,145.0,283.0,-38.317919549364596
