arm,cycle,Q_cliff_abs_norm_bol,SOC0_to_mid_ratio_norm_bol,fade_ratio_Si_Gr,mechanism_state,score_H1,score_H2,LLI_vs_R_ratio,dchg_fit_dR,RCF
SJ900_dry,1,,,,H1_dominant,0.11337067444191698,-0.5909090909090908,,,
SJ900_dry,2,,,,H1_dominant,0.11337067444191698,-0.5909090909090908,,,1.0
SJ900_dry,3,,,,H1_dominant,0.11337067444191698,-0.5909090909090908,,,1.0
SJ900_dry,4,,,,H1_dominant,0.11337067444191698,-0.5909090909090908,,,1.0
SJ900_dry,5,,,,H1_dominant,0.11337067444191698,-0.5909090909090908,,,1.0
SJ900_dry,6,,,,H1_dominant,0.11337067444191698,-0.5909090909090908,,,1.0
SJ900_dry,7,,,,H1_dominant,0.11337067444191698,-0.5909090909090908,,,1.0
SJ900_dry,8,,,,H1_dominant,0.11337067444191698,-0.5909090909090908,,,1.0
SJ900_dry,9,,,,H1_dominant,0.11337067444191698,-0.5909090909090908,,,1.0
SJ900_dry,10,,,,H1_dominant,0.11337067444191698,-0.5909090909090908,,,1.0
SJ900_dry,11,,,,H1_dominant,0.11337067444191698,-0.5909090909090908,,,1.0
SJ900_dry,12,,,,H1_dominant,0.11337067444191698,-0.5909090909090908,,,1.0
SJ900_dry,13,,,,H1_dominant,0.11337067444191698,-0.5909090909090908,,,1.0
SJ900_dry,14,,,,H1_dominant,0.11337067444191698,-0.5909090909090908,,,1.0
SJ900_dry,15,,,,H1_dominant,0.11337067444191698,-0.5909090909090908,,,1.0
SJ900_dry,16,,,,H1_dominant,0.11337067444191698,-0.5909090909090908,,,1.0
SJ900_dry,17,,,,H1_dominant,0.11337067444191698,-0.5909090909090908,,,1.0
SJ900_dry,18,,,,H1_dominant,0.11337067444191698,-0.5909090909090908,,,1.0
SJ900_dry,19,,,,H1_dominant,0.11337067444191698,-0.5909090909090908,,,1.0
SJ900_dry,20,,,,H1_dominant,0.11337067444191698,-0.5909090909090908,,,1.0
SJ900_dry,21,,,,H1_dominant,0.11337067444191698,-0.5909090909090908,,,1.0
SJ900_dry,22,,,,H1_dominant,0.11337067444191698,-0.5909090909090908,,,1.0
SJ900_dry,23,,,,H1_dominant,0.11337067444191698,-0.5909090909090908,,,1.0
SJ900_dry,24,,,,H1_dominant,0.11337067444191698,-0.5909090909090908,,,1.0
SJ900_dry,25,,,,H1_dominant,0.11337067444191698,-0.5909090909090908,,,1.0
SJ900_dry,26,,,,H1_dominant,0.11337067444191698,-0.5909090909090908,,,1.0
SJ900_dry,27,,,,H1_dominant,0.11337067444191698,-0.5909090909090908,,,1.0
SJ900_dry,28,,,,H1_dominant,0.11337067444191698,-0.5909090909090908,,,1.0
SJ900_dry,29,,,,H1_dominant,0.11337067444191698,-0.5909090909090908,,,1.0
SJ900_dry,30,,,,H1_dominant,0.11337067444191698,-0.5909090909090908,,,1.0
SJ900_dry,31,,,,H1_dominant,0.11337067444191698,-0.5909090909090908,,,1.0
SJ900_dry,32,,,,H1_dominant,0.11337067444191698,-0.5909090909090908,,,1.0
SJ900_dry,33,,,,H1_dominant,0.11337067444191698,-0.5909090909090908,,,1.0
SJ900_dry,34,,,,H1_dominant,0.11337067444191698,-0.5909090909090908,,,1.0
SJ900_dry,35,,,,H1_dominant,0.11337067444191698,-0.5909090909090908,,,1.0
SJ900_dry,36,,,,H1_dominant,0.11337067444191698,-0.5909090909090908,,,1.0
SJ900_dry,37,,,,H1_dominant,0.11337067444191698,-0.5909090909090908,,,1.0
SJ900_dry,38,,,,H1_dominant,0.11337067444191698,-0.5909090909090908,,,1.0
SJ900_dry,39,,,,H1_dominant,0.11337067444191698,-0.5909090909090908,,,1.0
SJ900_dry,40,,,,H1_dominant,0.11337067444191698,-0.5909090909090908,,,1.0
SJ900_dry,41,,,,H1_dominant,0.11337067444191698,-0.5909090909090908,,,1.0
SJ900_dry,42,,,,H1_dominant,0.11337067444191698,-0.5909090909090908,,,1.0
SJ900_dry,43,,,,H1_dominant,0.11337067444191698,-0.5909090909090908,,,1.0
SJ900_dry,44,,,,H1_dominant,0.11337067444191698,-0.5909090909090908,,,1.0
SJ900_dry,45,,,,H1_dominant,0.11337067444191698,-0.5909090909090908,,,1.0
SJ900_dry,46,,,,H1_dominant,0.11337067444191698,-0.5909090909090908,,,1.0
SJ900_dry,47,,,,H1_dominant,0.11337067444191698,-0.5909090909090908,,,1.0
SJ900_dry,48,,,,H1_dominant,0.11337067444191698,-0.5909090909090908,,,1.0
SJ900_dry,49,,,,H1_dominant,0.11337067444191698,-0.5909090909090908,,,1.0
SJ900_dry,50,,,,H1_dominant,0.11337067444191698,-0.5909090909090908,,,1.0
SJ900_dry,51,,,,H1_dominant,0.11337067444191698,-0.5909090909090908,,,1.0
SJ900_dry,52,,,,H1_dominant,0.11337067444191698,-0.5909090909090908,,,1.0
SJ900_dry,53,,,,H1_dominant,0.11337067444191698,-0.5909090909090908,,,1.0
SJ900_dry,54,,,,H1_dominant,0.11337067444191698,-0.5909090909090908,,,1.0
SJ900_dry,55,,,,H1_dominant,0.11337067444191698,-0.5909090909090908,,,1.0
SJ900_dry,56,,,,H1_dominant,0.11337067444191698,-0.5909090909090908,,,1.0
SJ900_dry,57,,,,H1_dominant,0.11337067444191698,-0.5909090909090908,,,1.0
SJ900_dry,58,,,,H1_dominant,0.11337067444191698,-0.5909090909090908,,,1.0
SJ900_dry,59,,,,H1_dominant,0.11337067444191698,-0.5909090909090908,,,1.0
SJ900_dry,60,,,,H1_dominant,0.11337067444191698,-0.5909090909090908,,,1.0
SJ900_dry,61,,,,H1_dominant,0.11337067444191698,-0.5909090909090908,,,1.0
SJ900_dry,62,,,,H1_dominant,0.11337067444191698,-0.5909090909090908,,,1.0
SJ900_dry,63,,,,H1_dominant,0.11337067444191698,-0.5909090909090908,,,1.0
SJ900_dry,64,,,,H1_dominant,0.11337067444191698,-0.5909090909090908,,,1.0
SJ900_dry,65,,,,H1_dominant,0.11337067444191698,-0.5909090909090908,,,1.0
SJ900_dry,66,,,,H1_dominant,0.11337067444191698,-0.5909090909090908,,,1.0
SJ900_dry,67,,,,H1_dominant,0.11337067444191698,-0.5909090909090908,,,1.0
SJ900_dry,68,,,,H1_dominant,0.11337067444191698,-0.5909090909090908,,,1.0
SJ900_dry,69,,,,H1_dominant,0.11337067444191698,-0.5909090909090908,,,1.0
SJ900_dry,70,,,,H1_dominant,0.11337067444191698,-0.5909090909090908,,,1.0
SJ900_dry,71,,,,H1_dominant,0.11337067444191698,-0.5909090909090908,,,1.0
SJ900_dry,72,,,,H1_dominant,0.11337067444191698,-0.5909090909090908,,,1.0
SJ900_dry,73,,,,H1_dominant,0.11337067444191698,-0.5909090909090908,,,1.0
SJ900_dry,74,,,,H1_dominant,0.11337067444191698,-0.5909090909090908,,,1.0
SJ900_dry,75,,,,H1_dominant,0.11337067444191698,-0.5909090909090908,,,1.0
SJ900_dry,76,,,,H1_dominant,0.11337067444191698,-0.5909090909090908,,,1.0
SJ900_dry,77,,,,H1_dominant,0.11337067444191698,-0.5909090909090908,,,1.0
SJ900_dry,78,,,,H1_dominant,0.11337067444191698,-0.5909090909090908,,,1.0
SJ900_dry,79,,,,H1_dominant,0.11337067444191698,-0.5909090909090908,,,1.0
SJ900_dry,80,,,,H1_dominant,0.11337067444191698,-0.5909090909090908,,,1.0
SJ900_dry,81,,,,H1_dominant,0.11337067444191698,-0.5909090909090908,,,1.0
SJ900_dry,82,,,,H1_dominant,0.11337067444191698,-0.5909090909090908,,,1.0
SJ900_dry,83,,,,H1_dominant,0.11337067444191698,-0.5909090909090908,,,1.0
SJ900_dry,84,,,,H1_dominant,0.11337067444191698,-0.5909090909090908,,,1.0
SJ900_dry,85,,,,H1_dominant,0.11337067444191698,-0.5909090909090908,,,1.0
SJ900_dry,86,,,,H1_dominant,0.11337067444191698,-0.5909090909090908,,,1.0
SJ900_dry,87,,,,H1_dominant,0.11337067444191698,-0.5909090909090908,,,1.0
SJ900_dry,88,,,,H1_dominant,0.11337067444191698,-0.5909090909090908,,,1.0
SJ900_dry,89,,,,H1_dominant,0.11337067444191698,-0.5909090909090908,,,1.0
SJ900_dry,90,,,,H1_dominant,0.11337067444191698,-0.5909090909090908,,,1.0
SJ900_dry,91,,,,H1_dominant,0.11337067444191698,-0.5909090909090908,,,1.0
SJ900_dry,92,,,,H1_dominant,0.11337067444191698,-0.5909090909090908,,,1.0
SJ900_dry,93,,,,H1_dominant,0.11337067444191698,-0.5909090909090908,,,1.0
SJ900_dry,94,,,,H1_dominant,0.11337067444191698,-0.5909090909090908,,,1.0
SJ900_dry,95,,,,H1_dominant,0.11337067444191698,-0.5909090909090908,,,1.0
SJ900_dry,96,,,,H1_dominant,0.11337067444191698,-0.5909090909090908,,,1.0
SJ900_dry,97,,,,H1_dominant,0.11337067444191698,-0.5909090909090908,,,1.0
SJ900_dry,98,,,,H1_dominant,0.11337067444191698,-0.5909090909090908,,,1.0
SJ900_dry,99,,,,H1_dominant,0.11337067444191698,-0.5909090909090908,,,1.0
SJ900_dry,100,,,,H1_dominant,0.11337067444191698,-0.5909090909090908,,,1.0
SJ900_dry,101,,,,H1_dominant,0.11337067444191698,-0.5909090909090908,,,1.0
SJ900_dry,102,,,,H1_dominant,0.11337067444191698,-0.5909090909090908,,,1.0
SJ900_dry,103,,,,H1_dominant,0.11337067444191698,-0.5909090909090908,,,1.0
SJ900_dry,104,,,,H1_dominant,0.11337067444191698,-0.5909090909090908,,,1.0
SJ900_dry,105,,,,H1_dominant,0.11337067444191698,-0.5909090909090908,,,1.0
SJ900_dry,106,,,,H1_dominant,0.11337067444191698,-0.5909090909090908,,,1.0
SJ900_dry,107,,,,H1_dominant,0.11337067444191698,-0.5909090909090908,,,1.0
SJ900_dry,108,,,,H1_dominant,0.11337067444191698,-0.5909090909090908,,,1.0
SJ900_dry,109,,,,H1_dominant,0.11337067444191698,-0.5909090909090908,,,1.0
SJ900_dry,110,,,,H1_dominant,0.11337067444191698,-0.5909090909090908,,,1.0
SJ900_dry,111,,,,H1_dominant,0.11337067444191698,-0.5909090909090908,,,1.0
SJ900_dry,112,,,,H1_dominant,0.11337067444191698,-0.5909090909090908,,,1.0
SJ900_dry,113,,,,H1_dominant,0.11337067444191698,-0.5909090909090908,,,1.0
SJ900_dry,114,,,,H1_dominant,0.11337067444191698,-0.5909090909090908,,,1.0
SJ900_dry,115,,,,H1_dominant,0.11337067444191698,-0.5909090909090908,,,1.0
SJ900_dry,116,,,,H1_dominant,0.11337067444191698,-0.5909090909090908,,,1.0
SJ900_dry,117,,,,H1_dominant,0.11337067444191698,-0.5909090909090908,,,1.0
SJ900_dry,118,,,,H1_dominant,0.11337067444191698,-0.5909090909090908,,,1.0
SJ900_dry,119,,,,H1_dominant,0.11337067444191698,-0.5909090909090908,,,1.0
SJ900_dry,120,,,,H1_dominant,0.11337067444191698,-0.5909090909090908,,,1.0
SJ900_dry,121,,,,H1_dominant,0.11337067444191698,-0.5909090909090908,,,1.0
SJ900_dry,122,,,,H1_dominant,0.11337067444191698,-0.5909090909090908,,,1.0
SJ900_dry,123,,,,H1_dominant,0.11337067444191698,-0.5909090909090908,,,1.0
SJ900_dry,124,,,,H1_dominant,0.11337067444191698,-0.5909090909090908,,,1.0
SJ900_dry,125,,,,H1_dominant,0.11337067444191698,-0.5909090909090908,,,1.0
SJ900_dry,126,,,,H1_dominant,0.11337067444191698,-0.5909090909090908,,,1.0
SJ900_dry,127,,,,H1_dominant,0.11337067444191698,-0.5909090909090908,,,1.0
SJ900_dry,128,,,,H1_dominant,0.11337067444191698,-0.5909090909090908,,,1.0
SJ900_dry,129,,,,H1_dominant,0.11337067444191698,-0.5909090909090908,,,1.0
SJ900_dry,130,,,,H1_dominant,0.11337067444191698,-0.5909090909090908,,,1.0
SJ900_dry,131,,,,H1_dominant,0.11337067444191698,-0.5909090909090908,,,1.0
SJ900_dry,132,,,,H1_dominant,0.11337067444191698,-0.5909090909090908,,,1.0
SJ900_dry,133,,,,H1_dominant,0.11337067444191698,-0.5909090909090908,,,1.0
SJ900_dry,134,,,,H1_dominant,0.11337067444191698,-0.5909090909090908,,,1.0
SJ900_dry,135,,,,H1_dominant,0.11337067444191698,-0.5909090909090908,,,1.0
SJ900_dry,136,,,,H1_dominant,0.11337067444191698,-0.5909090909090908,,,1.0
SJ900_dry,137,,,,H1_dominant,0.11337067444191698,-0.5909090909090908,,,1.0
SJ900_dry,138,,,,H1_dominant,0.11337067444191698,-0.5909090909090908,,,1.0
SJ900_dry,139,,,,H1_dominant,0.11337067444191698,-0.5909090909090908,,,1.0
SJ900_dry,140,,,,H1_dominant,0.11337067444191698,-0.5909090909090908,,,1.0
SJ900_dry,141,,,,H1_dominant,0.11337067444191698,-0.5909090909090908,,,1.0
SJ900_dry,142,,,,H1_dominant,0.11337067444191698,-0.5909090909090908,,,1.0
SJ900_dry,143,,,,H1_dominant,0.11337067444191698,-0.5909090909090908,,,1.0
SJ900_dry,144,,,,H1_dominant,0.11337067444191698,-0.5909090909090908,,,1.0
SJ900_dry,145,,,,H1_dominant,0.11337067444191698,-0.5909090909090908,,,1.0
SJ900_dry,146,,,,H1_dominant,0.11337067444191698,-0.5909090909090908,,,1.0
SJ900_dry,147,,,,H1_dominant,0.11337067444191698,-0.5909090909090908,,,1.0
SJ900_dry,148,,,,H1_dominant,0.11337067444191698,-0.5909090909090908,,,1.0
SJ900_dry,149,,,,H1_dominant,0.11337067444191698,-0.5909090909090908,,,1.0
SJ900_dry,150,,,,H1_dominant,0.11337067444191698,-0.5909090909090908,,,1.0
SJ900_dry,151,,,,H1_dominant,0.11337067444191698,-0.5909090909090908,,,1.0
SJ900_dry,152,,,,H1_dominant,0.11337067444191698,-0.5909090909090908,,,1.0
SJ900_dry,153,,,,H1_dominant,0.11337067444191698,-0.5909090909090908,,,1.0
SJ900_dry,154,,,,H1_dominant,0.11337067444191698,-0.5909090909090908,,,1.0
SJ900_dry,155,,,,H1_dominant,0.11337067444191698,-0.5909090909090908,,,1.0
SJ900_dry,156,,,,H1_dominant,0.11337067444191698,-0.5909090909090908,,,1.0
SJ900_dry,157,,,,H1_dominant,0.11337067444191698,-0.5909090909090908,,,1.0
SJ900_dry,158,,,,H1_dominant,0.11337067444191698,-0.5909090909090908,,,1.0
SJ900_dry,159,,,,H1_dominant,0.11337067444191698,-0.5909090909090908,,,1.0
SJ900_dry,160,,,,H1_dominant,0.11337067444191698,-0.5909090909090908,,,1.0
SJ900_dry,161,,,,H1_dominant,0.11337067444191698,-0.5909090909090908,,,1.0
SJ900_dry,162,,,,H1_dominant,0.11337067444191698,-0.5909090909090908,,,1.0
SJ900_dry,163,,,,H1_dominant,0.11337067444191698,-0.5909090909090908,,,1.0
SJ900_dry,164,,,,H1_dominant,0.11337067444191698,-0.5909090909090908,,,1.0
SJ900_dry,165,,,,H1_dominant,0.11337067444191698,-0.5909090909090908,,,1.0
SJ900_dry,166,,,,H1_dominant,0.11337067444191698,-0.5909090909090908,,,1.0
SJ900_dry,167,,,,H1_dominant,0.11337067444191698,-0.5909090909090908,,,1.0
SJ900_dry,168,,,,H1_dominant,0.11337067444191698,-0.5909090909090908,,,1.0
SJ900_dry,169,,,,H1_dominant,0.11337067444191698,-0.5909090909090908,,,1.0
SJ900_dry,170,,,,H1_dominant,0.11337067444191698,-0.5909090909090908,,,1.0
SJ900_dry,171,,,,H1_dominant,0.11337067444191698,-0.5909090909090908,,,1.0
SJ900_dry,172,,,,H1_dominant,0.11337067444191698,-0.5909090909090908,,,1.0
SJ900_dry,173,,,,H1_dominant,0.11337067444191698,-0.5909090909090908,,,1.0
SJ900_dry,174,,,,H1_dominant,0.11337067444191698,-0.5909090909090908,,,1.0
SJ900_dry,175,,,,H1_dominant,0.11337067444191698,-0.5909090909090908,,,1.0
SJ900_dry,176,,,,H1_dominant,0.11337067444191698,-0.5909090909090908,,,1.0
SJ900_dry,177,,,,H1_dominant,0.11337067444191698,-0.5909090909090908,,,1.0
SJ900_dry,178,,,,H1_dominant,0.11337067444191698,-0.5909090909090908,,,1.0
SJ900_dry,179,,,,H1_dominant,0.11337067444191698,-0.5909090909090908,,,1.0
SJ900_dry,180,,,,H1_dominant,0.11337067444191698,-0.5909090909090908,,,1.0
SJ900_dry,181,,,,H1_dominant,0.11337067444191698,-0.5909090909090908,,,1.0
SJ900_dry,182,,,,H1_dominant,0.11337067444191698,-0.5909090909090908,,,1.0
SJ900_dry,183,,,,H1_dominant,0.11337067444191698,-0.5909090909090908,,,1.0
SJ900_dry,184,,,,H1_dominant,0.11337067444191698,-0.5909090909090908,,,1.0
SJ900_dry,185,,,,H1_dominant,0.11337067444191698,-0.5909090909090908,,,1.0
SJ900_dry,186,,,,H1_dominant,0.11337067444191698,-0.5909090909090908,,,1.0
SJ900_dry,187,,,,H1_dominant,0.11337067444191698,-0.5909090909090908,,,1.0
SJ900_dry,188,,,,H1_dominant,0.11337067444191698,-0.5909090909090908,,,1.0
SJ900_dry,189,,,,H1_dominant,0.11337067444191698,-0.5909090909090908,,,1.0
SJ900_dry,190,,,,H1_dominant,0.11337067444191698,-0.5909090909090908,,,1.0
SJ900_dry,191,,,,H1_dominant,0.11337067444191698,-0.5909090909090908,,,1.0
SJ900_dry,192,,,,H1_dominant,0.11337067444191698,-0.5909090909090908,,,1.0
SJ900_dry,193,,,,H1_dominant,0.11337067444191698,-0.5909090909090908,,,1.0
SJ900_dry,194,,,,H1_dominant,0.11337067444191698,-0.5909090909090908,,,1.0
SJ900_dry,195,,,,H1_dominant,0.11337067444191698,-0.5909090909090908,,,1.0
SJ900_dry,196,,,,H1_dominant,0.11337067444191698,-0.5909090909090908,,,1.0
SJ900_dry,197,,,,H1_dominant,0.11337067444191698,-0.5909090909090908,,,1.0
SJ900_dry,198,,,,H1_dominant,0.11337067444191698,-0.5909090909090908,,,1.0
SJ900_dry,199,,,,H1_dominant,0.11337067444191698,-0.5909090909090908,,,1.0
SJ900_dry,200,,,,H1_dominant,0.11337067444191698,-0.5909090909090908,,,1.0
SJ900_dry,201,,,,H1_dominant,0.11337067444191698,-0.5909090909090908,,,1.0
SJ900_dry,202,,,,H1_dominant,0.11337067444191698,-0.5909090909090908,,,1.0
SJ900_dry,203,,,,H1_dominant,0.11337067444191698,-0.5909090909090908,,,1.0
SJ900_dry,204,,,,H1_dominant,0.11337067444191698,-0.5909090909090908,,,1.0
SJ900_dry,205,,,,H1_dominant,0.11337067444191698,-0.5909090909090908,,,1.0
SJ900_dry,206,,,,H1_dominant,0.11337067444191698,-0.5909090909090908,,,1.0
SJ900_dry,207,,,,H1_dominant,0.11337067444191698,-0.5909090909090908,,,1.0
SJ900_dry,208,,,,H1_dominant,0.11337067444191698,-0.5909090909090908,,,1.0
SJ900_dry,209,,,,H1_dominant,0.11337067444191698,-0.5909090909090908,,,1.0
SJ900_dry,210,,,,H1_dominant,0.11337067444191698,-0.5909090909090908,,,1.0
SJ900_dry,211,,,,H1_dominant,0.11337067444191698,-0.5909090909090908,,,1.0
SJ900_dry,212,,,,H1_dominant,0.11337067444191698,-0.5909090909090908,,,1.0
SJ900_dry,213,,,,H1_dominant,0.11337067444191698,-0.5909090909090908,,,1.0
SJ900_dry,214,,,,H1_dominant,0.11337067444191698,-0.5909090909090908,,,1.0
SJ900_dry,215,,,,H1_dominant,0.11337067444191698,-0.5909090909090908,,,1.0
SJ900_dry,216,,,,H1_dominant,0.11337067444191698,-0.5909090909090908,,,1.0
SJ900_dry,217,,,,H1_dominant,0.11337067444191698,-0.5909090909090908,,,1.0
SJ900_dry,218,,,,H1_dominant,0.11337067444191698,-0.5909090909090908,,,1.0
SJ900_dry,219,,,,H1_dominant,0.11337067444191698,-0.5909090909090908,,,1.0
SJ900_dry,220,,,,H1_dominant,0.11337067444191698,-0.5909090909090908,,,1.0
SJ900_dry,221,,,,H1_dominant,0.11337067444191698,-0.5909090909090908,,,1.0
SJ900_dry,222,,,,H1_dominant,0.11337067444191698,-0.5909090909090908,,,1.0
SJ900_dry,223,,,,H1_dominant,0.11337067444191698,-0.5909090909090908,,,1.0
SJ900_dry,224,,,,H1_dominant,0.11337067444191698,-0.5909090909090908,,,1.0
SJ900_dry,225,,,,H1_dominant,0.11337067444191698,-0.5909090909090908,,,1.0
SJ900_dry,226,,,,H1_dominant,0.11337067444191698,-0.5909090909090908,,,1.0
SJ900_dry,227,,,,H1_dominant,0.11337067444191698,-0.5909090909090908,,,1.0
SJ900_dry,228,,,,H1_dominant,0.11337067444191698,-0.5909090909090908,,,1.0
SJ900_dry,229,,,,H1_dominant,0.11337067444191698,-0.5909090909090908,,,1.0
SJ900_dry,230,,,,H1_dominant,0.11337067444191698,-0.5909090909090908,,,1.0
SJ900_dry,231,,,,H1_dominant,0.11337067444191698,-0.5909090909090908,,,1.0
SJ900_dry,232,,,,H1_dominant,0.11337067444191698,-0.5909090909090908,,,1.0
SJ900_dry,233,,,,H1_dominant,0.11337067444191698,-0.5909090909090908,,,1.0
SJ900_dry,234,,,,H1_dominant,0.11337067444191698,-0.5909090909090908,,,1.0
SJ900_dry,235,,,,H1_dominant,0.11337067444191698,-0.5909090909090908,,,1.0
SJ900_dry,236,,,,H1_dominant,0.11337067444191698,-0.5909090909090908,,,1.0
SJ900_dry,237,,,,H1_dominant,0.11337067444191698,-0.5909090909090908,,,1.0
SJ900_dry,238,,,,H1_dominant,0.11337067444191698,-0.5909090909090908,,,1.0
SJ900_dry,239,,,,H1_dominant,0.11337067444191698,-0.5909090909090908,,,1.0
SJ900_dry,240,,,,H1_dominant,0.11337067444191698,-0.5909090909090908,,,1.0
SJ900_dry,241,,,,H1_dominant,0.11337067444191698,-0.5909090909090908,,,1.0
SJ900_dry,242,,,,H1_dominant,0.11337067444191698,-0.5909090909090908,,,1.0
SJ900_dry,243,,,,H1_dominant,0.11337067444191698,-0.5909090909090908,,,1.0
SJ900_dry,244,,,,H1_dominant,0.11337067444191698,-0.5909090909090908,,,1.0
SJ900_dry,245,,,,H1_dominant,0.11337067444191698,-0.5909090909090908,,,1.0
SJ900_dry,246,,,,H1_dominant,0.11337067444191698,-0.5909090909090908,,,1.0
SJ900_dry,247,,,,H1_dominant,0.11337067444191698,-0.5909090909090908,,,1.0
SJ900_dry,248,,,,H1_dominant,0.11337067444191698,-0.5909090909090908,,,1.0
SJ900_dry,249,,,,H1_dominant,0.11337067444191698,-0.5909090909090908,,,1.0
SJ900_dry,250,,,,H1_dominant,0.11337067444191698,-0.5909090909090908,,,1.0
SJ900_dry,251,,,,H1_dominant,0.11337067444191698,-0.5909090909090908,,,1.0
SJ900_dry,252,,,,H1_dominant,0.11337067444191698,-0.5909090909090908,,,1.0
SJ900_dry,253,,,,H1_dominant,0.11337067444191698,-0.5909090909090908,,,1.0
SJ900_dry,254,,,,H1_dominant,0.11337067444191698,-0.5909090909090908,,,1.0
SJ900_dry,255,,,,H1_dominant,0.11337067444191698,-0.5909090909090908,,,1.0
SJ900_dry,256,,,,H1_dominant,0.11337067444191698,-0.5909090909090908,,,1.0
SJ900_dry,257,,,,H1_dominant,0.11337067444191698,-0.5909090909090908,,,1.0
SJ900_dry,258,,,,H1_dominant,0.11337067444191698,-0.5909090909090908,,,1.0
SJ900_dry,259,,,,H1_dominant,0.11337067444191698,-0.5909090909090908,,,1.0
SJ900_dry,260,,,,H1_dominant,0.11337067444191698,-0.5909090909090908,,,1.0
SJ900_dry,261,,,,H1_dominant,0.11337067444191698,-0.5909090909090908,,,1.0
SJ900_dry,262,,,,H1_dominant,0.11337067444191698,-0.5909090909090908,,,1.0
SJ900_dry,263,,,,H1_dominant,0.11337067444191698,-0.5909090909090908,,,1.0
SJ900_dry,264,,,,H1_dominant,0.11337067444191698,-0.5909090909090908,,,1.0
SJ900_dry,265,,,,H1_dominant,0.11337067444191698,-0.5909090909090908,,,1.0
SJ900_dry,266,,,,H1_dominant,0.11337067444191698,-0.5909090909090908,,,1.0
SJ900_dry,267,,,,H1_dominant,0.11337067444191698,-0.5909090909090908,,,1.0
SJ900_dry,268,,,,H1_dominant,0.11337067444191698,-0.5909090909090908,,,1.0
SJ900_dry,269,,,,H1_dominant,0.11337067444191698,-0.5909090909090908,,,1.0
SJ900_dry,270,,,,H1_dominant,0.11337067444191698,-0.5909090909090908,,,1.0
SJ900_dry,271,,,,H1_dominant,0.11337067444191698,-0.5909090909090908,,,1.0
SJ900_dry,272,,,,H1_dominant,0.11337067444191698,-0.5909090909090908,,,1.0
SJ900_dry,273,,,,H1_dominant,0.11337067444191698,-0.5909090909090908,,,1.0
SJ900_dry,274,,,,H1_dominant,0.11337067444191698,-0.5909090909090908,,,1.0
SJ900_dry,275,,,,H1_dominant,0.11337067444191698,-0.5909090909090908,,,1.0
SJ900_dry,276,,,,H1_dominant,0.11337067444191698,-0.5909090909090908,,,1.0
SJ900_dry,277,,,,H1_dominant,0.11337067444191698,-0.5909090909090908,,,1.0
SJ900_dry,278,,,,H1_dominant,0.11337067444191698,-0.5909090909090908,,,1.0
SJ900_dry,279,,,,H1_dominant,0.11337067444191698,-0.5909090909090908,,,1.0
SJ900_dry,280,,,,H1_dominant,0.11337067444191698,-0.5909090909090908,,,1.0
SJ900_dry,281,,,,H1_dominant,0.11337067444191698,-0.5909090909090908,,,1.0
SJ900_dry,282,,,,H1_dominant,0.11337067444191698,-0.5909090909090908,,,1.0
SJ900_dry,283,,,,H1_dominant,0.11337067444191698,-0.5909090909090908,,,1.0
SJ900_dry,284,,,,H1_dominant,0.11337067444191698,-0.5909090909090908,,,1.0
SJ900_dry,285,,,,H1_dominant,0.11337067444191698,-0.5909090909090908,,,1.0
SJ900_dry,286,,,,H1_dominant,0.11337067444191698,-0.5909090909090908,,,1.0
SJ900_dry,287,,,,H1_dominant,0.11337067444191698,-0.5909090909090908,,,1.0
SJ900_dry,288,,,,H1_dominant,0.11337067444191698,-0.5909090909090908,,,1.0
SJ900_dry,289,,,,H1_dominant,0.11337067444191698,-0.5909090909090908,,,1.0
SJ900_dry,290,,,,H1_dominant,0.11337067444191698,-0.5909090909090908,,,1.0
SJ900_dry,291,,,,H1_dominant,0.11337067444191698,-0.5909090909090908,,,1.0
SJ900_dry,292,,,,H1_dominant,0.11337067444191698,-0.5909090909090908,,,1.0
SJ900_dry,293,,,,H1_dominant,0.11337067444191698,-0.5909090909090908,,,1.0
SJ900_dry,294,,,,H1_dominant,0.11337067444191698,-0.5909090909090908,,,1.0
SJ900_dry,295,,,,H1_dominant,0.11337067444191698,-0.5909090909090908,,,1.0
SJ900_dry,296,,,,H1_dominant,0.11337067444191698,-0.5909090909090908,,,1.0
SJ900_dry,297,,,,H1_dominant,0.11337067444191698,-0.5909090909090908,,,1.0
SJ900_dry,298,,,,H1_dominant,0.11337067444191698,-0.5909090909090908,,,1.0
SJ900_dry,299,,,,H1_dominant,0.11337067444191698,-0.5909090909090908,,,1.0
SJ900_dry,300,,,,H1_dominant,0.11337067444191698,-0.5909090909090908,,,1.0
SJ900_dry,301,,,,H1_dominant,0.11337067444191698,-0.5909090909090908,,,1.0
SJ900_dry,302,,,,H1_dominant,0.11337067444191698,-0.5909090909090908,,,1.0
SJ900_dry,303,,,,H1_dominant,0.11337067444191698,-0.5909090909090908,,,1.0
SJ900_dry,304,,,,H1_dominant,0.11337067444191698,-0.5909090909090908,,,1.0
SJ900_dry,305,,,,H1_dominant,0.11337067444191698,-0.5909090909090908,,,1.0
SJ900_dry,306,,,,H1_dominant,0.11337067444191698,-0.5909090909090908,,,1.0
SJ900_dry,307,,,,H1_dominant,0.11337067444191698,-0.5909090909090908,,,1.0
SJ900_dry,308,,,,H1_dominant,0.11337067444191698,-0.5909090909090908,,,1.0
SJ900_dry,309,,,,H1_dominant,0.11337067444191698,-0.5909090909090908,,,1.0
SJ900_dry,310,,,,H1_dominant,0.11337067444191698,-0.5909090909090908,,,1.0
SJ900_dry,311,,,,H1_dominant,0.11337067444191698,-0.5909090909090908,,,1.0
SJ900_dry,312,,,,H1_dominant,0.11337067444191698,-0.5909090909090908,,,1.0
SJ900_dry,313,,,,H1_dominant,0.11337067444191698,-0.5909090909090908,,,1.0
SJ900_dry,314,,,,H1_dominant,0.11337067444191698,-0.5909090909090908,,,1.0
SJ900_dry,315,,,,H1_dominant,0.11337067444191698,-0.5909090909090908,,,1.0
SJ900_dry,316,,,,H1_dominant,0.11337067444191698,-0.5909090909090908,,,1.0
SJ900_dry,317,,,,H1_dominant,0.11337067444191698,-0.5909090909090908,,,1.0
SJ900_dry,318,,,,H1_dominant,0.11337067444191698,-0.5909090909090908,,,1.0
SJ900_dry,319,,,,H1_dominant,0.11337067444191698,-0.5909090909090908,,,1.0
SJ900_dry,320,,,,H1_dominant,0.11337067444191698,-0.5909090909090908,,,1.0
SJ900_dry,321,,,,H1_dominant,0.11337067444191698,-0.5909090909090908,,,1.0
SJ900_dry,322,,,,H1_dominant,0.11337067444191698,-0.5909090909090908,,,1.0
SJ900_dry,323,,,,H1_dominant,0.11337067444191698,-0.5909090909090908,,,1.0
SJ900_dry,324,,,,H1_dominant,0.11337067444191698,-0.5909090909090908,,,1.0
SJ900_dry,325,,,,H1_dominant,0.11337067444191698,-0.5909090909090908,,,1.0
SJ900_dry,326,,,,H1_dominant,0.11337067444191698,-0.5909090909090908,,,1.0
SJ900_dry,327,,,,H1_dominant,0.11337067444191698,-0.5909090909090908,,,1.0
SJ900_dry,328,,,,H1_dominant,0.11337067444191698,-0.5909090909090908,,,1.0
SJ900_dry,329,,,,H1_dominant,0.11337067444191698,-0.5909090909090908,,,1.0
SJ900_dry,330,,,,H1_dominant,0.11337067444191698,-0.5909090909090908,,,1.0
SJ900_dry,331,,,,H1_dominant,0.11337067444191698,-0.5909090909090908,,,1.0
SJ900_dry,332,,,,H1_dominant,0.11337067444191698,-0.5909090909090908,,,1.0
SJ900_dry,333,,,,H1_dominant,0.11337067444191698,-0.5909090909090908,,,1.0
SJ900_dry,334,,,,H1_dominant,0.11337067444191698,-0.5909090909090908,,,1.0
SJ900_dry,335,,,,H1_dominant,0.11337067444191698,-0.5909090909090908,,,1.0
SJ900_dry,336,,,,H1_dominant,0.11337067444191698,-0.5909090909090908,,,1.0
SJ900_dry,337,,,,H1_dominant,0.11337067444191698,-0.5909090909090908,,,1.0
SJ900_dry,338,,,,H1_dominant,0.11337067444191698,-0.5909090909090908,,,1.0
SJ900_dry,339,,,,H1_dominant,0.11337067444191698,-0.5909090909090908,,,1.0
SJ900_dry,340,,,,H1_dominant,0.11337067444191698,-0.5909090909090908,,,1.0
SJ900_dry,341,,,,H1_dominant,0.11337067444191698,-0.5909090909090908,,,1.0
SJ900_dry,342,,,,H1_dominant,0.11337067444191698,-0.5909090909090908,,,1.0
SJ900_dry,343,,,,H1_dominant,0.11337067444191698,-0.5909090909090908,,,1.0
SJ900_dry,344,,,,H1_dominant,0.11337067444191698,-0.5909090909090908,,,1.0
SJ900_dry,345,,,,H1_dominant,0.11337067444191698,-0.5909090909090908,,,1.0
SJ900_dry,346,,,,H1_dominant,0.11337067444191698,-0.5909090909090908,,,1.0
SJ900_dry,347,,,,H1_dominant,0.11337067444191698,-0.5909090909090908,,,1.0
SJ900_dry,348,,,,H1_dominant,0.11337067444191698,-0.5909090909090908,,,1.0
SJ900_dry,349,,,,H1_dominant,0.11337067444191698,-0.5909090909090908,,,1.0
SJ900_dry,350,,,,H1_dominant,0.11337067444191698,-0.5909090909090908,,,1.0
SJ900_dry,351,,,,H1_dominant,0.11337067444191698,-0.5909090909090908,,,1.0
SJ900_dry,352,,,,H1_dominant,0.11337067444191698,-0.5909090909090908,,,1.0
SJ900_dry,353,,,,H1_dominant,0.11337067444191698,-0.5909090909090908,,,1.0
SJ900_dry,354,,,,H1_dominant,0.11337067444191698,-0.5909090909090908,,,1.0
SJ900_dry,355,,,,H1_dominant,0.11337067444191698,-0.5909090909090908,,,1.0
SJ900_dry,356,,,,H1_dominant,0.11337067444191698,-0.5909090909090908,,,1.0
SJ900_dry,357,,,,H1_dominant,0.11337067444191698,-0.5909090909090908,,,1.0
SJ900_dry,358,,,,H1_dominant,0.11337067444191698,-0.5909090909090908,,,1.0
SJ900_dry,359,,,,H1_dominant,0.11337067444191698,-0.5909090909090908,,,1.0
SJ900_dry,360,,,,H1_dominant,0.11337067444191698,-0.5909090909090908,,,1.0
SJ900_dry,361,,,,H1_dominant,0.11337067444191698,-0.5909090909090908,,,1.0
SJ900_dry,362,,,,H1_dominant,0.11337067444191698,-0.5909090909090908,,,1.0
SJ900_dry,363,,,,H1_dominant,0.11337067444191698,-0.5909090909090908,,,1.0
SJ900_dry,364,,,,H1_dominant,0.11337067444191698,-0.5909090909090908,,,1.0
SJ900_dry,365,,,,H1_dominant,0.11337067444191698,-0.5909090909090908,,,1.0
SJ900_dry,366,,,,H1_dominant,0.11337067444191698,-0.5909090909090908,,,1.0
SJ900_dry,367,,,,H1_dominant,0.11337067444191698,-0.5909090909090908,,,1.0
SJ900_dry,368,,,,H1_dominant,0.11337067444191698,-0.5909090909090908,,,1.0
SJ900_dry,369,,,,H1_dominant,0.11337067444191698,-0.5909090909090908,,,1.0
SJ900_dry,370,,,,H1_dominant,0.11337067444191698,-0.5909090909090908,,,1.0
SJ900_dry,371,,,,H1_dominant,0.11337067444191698,-0.5909090909090908,,,1.0
SJ900_dry,372,,,,H1_dominant,0.11337067444191698,-0.5909090909090908,,,1.0
SJ900_dry,373,,,,H1_dominant,0.11337067444191698,-0.5909090909090908,,,1.0
SJ900_dry,374,,,,H1_dominant,0.11337067444191698,-0.5909090909090908,,,1.0
SJ900_dry,375,,,,H1_dominant,0.11337067444191698,-0.5909090909090908,,,1.0
SJ900_dry,376,,,,H1_dominant,0.11337067444191698,-0.5909090909090908,,,1.0
SJ900_dry,377,,,,H1_dominant,0.11337067444191698,-0.5909090909090908,,,1.0
SJ900_dry,378,,,,H1_dominant,0.11337067444191698,-0.5909090909090908,,,1.0
SJ900_dry,379,,,,H1_dominant,0.11337067444191698,-0.5909090909090908,,,1.0
SJ900_dry,380,,,,H1_dominant,0.11337067444191698,-0.5909090909090908,,,1.0
SJ900_dry,381,,,,H1_dominant,0.11337067444191698,-0.5909090909090908,,,1.0
SJ900_dry,382,,,,H1_dominant,0.11337067444191698,-0.5909090909090908,,,1.0
SJ900_dry,383,,,,H1_dominant,0.11337067444191698,-0.5909090909090908,,,1.0
SJ900_dry,384,,,,H1_dominant,0.11337067444191698,-0.5909090909090908,,,1.0
SJ900_dry,385,,,,H1_dominant,0.11337067444191698,-0.5909090909090908,,,1.0
SJ900_dry,386,,,,H1_dominant,0.11337067444191698,-0.5909090909090908,,,1.0
SJ900_dry,387,,,,H1_dominant,0.11337067444191698,-0.5909090909090908,,,1.0
SJ900_dry,388,,,,H1_dominant,0.11337067444191698,-0.5909090909090908,,,1.0
SJ900_dry,389,,,,H1_dominant,0.11337067444191698,-0.5909090909090908,,,1.0
SJ900_dry,390,,,,H1_dominant,0.11337067444191698,-0.5909090909090908,,,1.0
SJ900_dry,391,,,,H1_dominant,0.11337067444191698,-0.5909090909090908,,,1.0
SJ900_dry,392,,,,H1_dominant,0.11337067444191698,-0.5909090909090908,,,1.0
SJ900_dry,393,,,,H1_dominant,0.11337067444191698,-0.5909090909090908,,,1.0
SJ900_dry,394,,,,H1_dominant,0.11337067444191698,-0.5909090909090908,,,1.0
SJ900_dry,395,,,,H1_dominant,0.11337067444191698,-0.5909090909090908,,,1.0
SJ900_dry,396,,,,H1_dominant,0.11337067444191698,-0.5909090909090908,,,1.0
SJ900_dry,397,,,,H1_dominant,0.11337067444191698,-0.5909090909090908,,,1.0
SJ900_dry,398,,,,H1_dominant,0.11337067444191698,-0.5909090909090908,,,1.0
SJ900_dry,399,,,,H1_dominant,0.11337067444191698,-0.5909090909090908,,,1.0
SJ900_dry,400,,,,H1_dominant,0.11337067444191698,-0.5909090909090908,,,1.0
SJ900_dry,401,,,,H1_dominant,0.11337067444191698,-0.5909090909090908,,,1.0
SJ900_dry,402,,,,H1_dominant,0.11337067444191698,-0.5909090909090908,,,1.0
SJ900_dry,403,,,,H1_dominant,0.11337067444191698,-0.5909090909090908,,,1.0
SJ900_dry,404,,,,H1_dominant,0.11337067444191698,-0.5909090909090908,,,1.0
SJ900_dry,405,,,,H1_dominant,0.11337067444191698,-0.5909090909090908,,,1.0
SJ900_dry,406,,,,H1_dominant,0.11337067444191698,-0.5909090909090908,,,1.0
SJ900_dry,407,,,,H1_dominant,0.11337067444191698,-0.5909090909090908,,,1.0
SJ900_dry,408,,,,H1_dominant,0.11337067444191698,-0.5909090909090908,,,1.0
SJ900_dry,409,,,,H1_dominant,0.11337067444191698,-0.5909090909090908,,,1.0
SJ900_dry,410,,,,H1_dominant,0.11337067444191698,-0.5909090909090908,,,1.0
SJ900_dry,411,,,,H1_dominant,0.11337067444191698,-0.5909090909090908,,,1.0
SJ900_dry,412,,,,H1_dominant,0.11337067444191698,-0.5909090909090908,,,1.0
SJ900_dry,413,,,,H1_dominant,0.11337067444191698,-0.5909090909090908,,,1.0
SJ900_dry,414,,,,H1_dominant,0.11337067444191698,-0.5909090909090908,,,1.0
SJ900_dry,415,,,,H1_dominant,0.11337067444191698,-0.5909090909090908,,,1.0
SJ900_dry,416,,,,H1_dominant,0.11337067444191698,-0.5909090909090908,,,1.0
SJ900_dry,417,,,,H1_dominant,0.11337067444191698,-0.5909090909090908,,,1.0
SJ900_dry,418,,,,H1_dominant,0.11337067444191698,-0.5909090909090908,,,1.0
SJ900_dry,419,,,,H1_dominant,0.11337067444191698,-0.5909090909090908,,,1.0
SJ900_dry,420,,,,H1_dominant,0.11337067444191698,-0.5909090909090908,,,1.0
SJ900_dry,421,,,,H1_dominant,0.11337067444191698,-0.5909090909090908,,,1.0
SJ900_dry,422,,,,H1_dominant,0.11337067444191698,-0.5909090909090908,,,1.0
SJ900_dry,423,,,,H1_dominant,0.11337067444191698,-0.5909090909090908,,,1.0
SJ900_dry,424,,,,H1_dominant,0.11337067444191698,-0.5909090909090908,,,1.0
SJ900_dry,425,,,,H1_dominant,0.11337067444191698,-0.5909090909090908,,,1.0
SJ900_dry,426,,,,H1_dominant,0.11337067444191698,-0.5909090909090908,,,1.0
SJ900_dry,427,,,,H1_dominant,0.11337067444191698,-0.5909090909090908,,,1.0
SJ900_dry,428,,,,H1_dominant,0.11337067444191698,-0.5909090909090908,,,1.0
SJ900_dry,429,,,,H1_dominant,0.11337067444191698,-0.5909090909090908,,,1.0
SJ900_dry,430,,,,H1_dominant,0.11337067444191698,-0.5909090909090908,,,1.0
SJ900_dry,431,,,,H1_dominant,0.11337067444191698,-0.5909090909090908,,,1.0
SJ900_dry,432,,,,H1_dominant,0.11337067444191698,-0.5909090909090908,,,1.0
SJ900_dry,433,,,,H1_dominant,0.11337067444191698,-0.5909090909090908,,,1.0
SJ900_dry,434,,,,H1_dominant,0.11337067444191698,-0.5909090909090908,,,1.0
SJ900_dry,435,,,,H1_dominant,0.11337067444191698,-0.5909090909090908,,,1.0
SJ900_dry,436,,,,H1_dominant,0.11337067444191698,-0.5909090909090908,,,1.0
SJ900_dry,437,,,,H1_dominant,0.11337067444191698,-0.5909090909090908,,,1.0
SJ900_dry,438,,,,H1_dominant,0.11337067444191698,-0.5909090909090908,,,1.0
SJ900_dry,439,,,,H1_dominant,0.11337067444191698,-0.5909090909090908,,,1.0
SJ900_dry,440,,,,H1_dominant,0.11337067444191698,-0.5909090909090908,,,1.0
SJ900_dry,441,,,,H1_dominant,0.11337067444191698,-0.5909090909090908,,,1.0
SJ900_dry,442,,,,H1_dominant,0.11337067444191698,-0.5909090909090908,,,1.0
SJ900_dry,443,,,,H1_dominant,0.11337067444191698,-0.5909090909090908,,,1.0
SJ900_dry,444,,,,H1_dominant,0.11337067444191698,-0.5909090909090908,,,1.0
SJ900_dry,445,,,,H1_dominant,0.11337067444191698,-0.5909090909090908,,,1.0
SJ900_dry,446,,,,H1_dominant,0.11337067444191698,-0.5909090909090908,,,1.0
SJ900_dry,447,,,,H1_dominant,0.11337067444191698,-0.5909090909090908,,,1.0
SJ900_dry,448,,,,H1_dominant,0.11337067444191698,-0.5909090909090908,,,1.0
SJ900_dry,449,,,,H1_dominant,0.11337067444191698,-0.5909090909090908,,,1.0
SJ900_dry,450,,,,H1_dominant,0.11337067444191698,-0.5909090909090908,,,1.0
SJ900_dry,451,,,,H1_dominant,0.11337067444191698,-0.5909090909090908,,,1.0
SJ900_dry,452,,,,H1_dominant,0.11337067444191698,-0.5909090909090908,,,1.0
SJ900_dry,453,,,,H1_dominant,0.11337067444191698,-0.5909090909090908,,,1.0
SJ900_dry,454,,,,H1_dominant,0.11337067444191698,-0.5909090909090908,,,1.0
SJ900_dry,455,,,,H1_dominant,0.11337067444191698,-0.5909090909090908,,,1.0
SJ900_dry,456,,,,H1_dominant,0.11337067444191698,-0.5909090909090908,,,1.0
SJ900_dry,457,,,,H1_dominant,0.11337067444191698,-0.5909090909090908,,,1.0
SJ900_dry,458,,,,H1_dominant,0.11337067444191698,-0.5909090909090908,,,1.0
SJ900_dry,459,,,,H1_dominant,0.11337067444191698,-0.5909090909090908,,,1.0
SJ900_dry,460,,,,H1_dominant,0.11337067444191698,-0.5909090909090908,,,1.0
SJ900_dry,461,,,,H1_dominant,0.11337067444191698,-0.5909090909090908,,,1.0
SJ900_dry,462,,,,H1_dominant,0.11337067444191698,-0.5909090909090908,,,1.0
SJ900_dry,463,,,,H1_dominant,0.11337067444191698,-0.5909090909090908,,,1.0
SJ900_dry,464,,,,H1_dominant,0.11337067444191698,-0.5909090909090908,,,1.0
SJ900_dry,465,,,,H1_dominant,0.11337067444191698,-0.5909090909090908,,,1.0
SJ900_dry,466,,,,H1_dominant,0.11337067444191698,-0.5909090909090908,,,1.0
SJ900_dry,467,,,,H1_dominant,0.11337067444191698,-0.5909090909090908,,,1.0
SJ900_dry,468,,,,H1_dominant,0.11337067444191698,-0.5909090909090908,,,1.0
SJ900_dry,469,,,,H1_dominant,0.11337067444191698,-0.5909090909090908,,,1.0
SJ900_dry,470,,,,H1_dominant,0.11337067444191698,-0.5909090909090908,,,1.0
SJ900_dry,471,,,,H1_dominant,0.11337067444191698,-0.5909090909090908,,,1.0
SJ900_dry,472,,,,H1_dominant,0.11337067444191698,-0.5909090909090908,,,1.0
SJ900_dry,473,,,,H1_dominant,0.11337067444191698,-0.5909090909090908,,,1.0
SJ900_dry,474,,,,H1_dominant,0.11337067444191698,-0.5909090909090908,,,1.0
SJ900_dry,475,,,,H1_dominant,0.11337067444191698,-0.5909090909090908,,,1.0
SJ900_dry,476,,,,H1_dominant,0.11337067444191698,-0.5909090909090908,,,1.0
SJ900_dry,477,,,,H1_dominant,0.11337067444191698,-0.5909090909090908,,,1.0
SJ900_dry,478,,,,H1_dominant,0.11337067444191698,-0.5909090909090908,,,1.0
SJ900_dry,479,,,,H1_dominant,0.11337067444191698,-0.5909090909090908,,,1.0
SJ900_dry,480,,,,H1_dominant,0.11337067444191698,-0.5909090909090908,,,1.0
SJ900_dry,481,,,,H1_dominant,0.11337067444191698,-0.5909090909090908,,,1.0
SJ900_dry,482,,,,H1_dominant,0.11337067444191698,-0.5909090909090908,,,1.0
SJ900_dry,483,,,,H1_dominant,0.11337067444191698,-0.5909090909090908,,,1.0
SJ900_dry,484,,,,H1_dominant,0.11337067444191698,-0.5909090909090908,,,1.0
SJ900_dry,485,,,,H1_dominant,0.11337067444191698,-0.5909090909090908,,,1.0
SJ900_dry,486,,,,H1_dominant,0.11337067444191698,-0.5909090909090908,,,1.0
SJ900_dry,487,,,,H1_dominant,0.11337067444191698,-0.5909090909090908,,,1.0
SJ900_dry,488,,,,H1_dominant,0.11337067444191698,-0.5909090909090908,,,1.0
SJ900_dry,489,,,,H1_dominant,0.11337067444191698,-0.5909090909090908,,,1.0
SJ900_dry,490,,,,H1_dominant,0.11337067444191698,-0.5909090909090908,,,1.0
SJ900_dry,491,,,,H1_dominant,0.11337067444191698,-0.5909090909090908,,,1.0
SJ900_dry,492,,,,H1_dominant,0.11337067444191698,-0.5909090909090908,,,1.0
SJ900_dry,493,,,,H1_dominant,0.11337067444191698,-0.5909090909090908,,,1.0
SJ900_dry,494,,,,H1_dominant,0.11337067444191698,-0.5909090909090908,,,1.0
SJ900_dry,495,,,,H1_dominant,0.11337067444191698,-0.5909090909090908,,,1.0
SJ900_dry,496,,,,H1_dominant,0.11337067444191698,-0.5909090909090908,,,1.0
SJ900_dry,497,,,,H1_dominant,0.11337067444191698,-0.5909090909090908,,,1.0
SJ900_dry,498,,,,H1_dominant,0.11337067444191698,-0.5909090909090908,,,1.0
SJ900_dry,499,,,,H1_dominant,0.11337067444191698,-0.5909090909090908,,,1.0
SJ900_dry,500,,,,H1_dominant,0.11337067444191698,-0.5909090909090908,,,1.0
SJ900_dry,501,,,,H1_dominant,0.11337067444191698,-0.5909090909090908,,,1.0
SJ900_dry,502,,,,H1_dominant,0.11337067444191698,-0.5909090909090908,,,1.0
SJ900_dry,503,,,,H1_dominant,0.11337067444191698,-0.5909090909090908,,,1.0
SJ900_dry,504,,,,H1_dominant,0.11337067444191698,-0.5909090909090908,,,1.0
SJ900_dry,505,,,,H1_dominant,0.11337067444191698,-0.5909090909090908,,,1.0
SJ900_dry,506,,,,H1_dominant,0.11337067444191698,-0.5909090909090908,,,1.0
SJ900_dry,507,,,,H1_dominant,0.11337067444191698,-0.5909090909090908,,,1.0
SJ900_dry,508,,,,H1_dominant,0.11337067444191698,-0.5909090909090908,,,1.0
SJ900_dry,509,,,,H1_dominant,0.11337067444191698,-0.5909090909090908,,,1.0
SJ900_dry,510,,,,H1_dominant,0.11337067444191698,-0.5909090909090908,,,1.0
SJ900_dry,511,,,,H1_dominant,0.11337067444191698,-0.5909090909090908,,,1.0
SJ900_dry,512,,,,H1_dominant,0.11337067444191698,-0.5909090909090908,,,1.0
SJ900_dry,513,,,,H1_dominant,0.11337067444191698,-0.5909090909090908,,,1.0
SJ900_dry,514,,,,H1_dominant,0.11337067444191698,-0.5909090909090908,,,1.0
SJ900_dry,515,,,,H1_dominant,0.11337067444191698,-0.5909090909090908,,,1.0
SJ900_dry,516,,,,H1_dominant,0.11337067444191698,-0.5909090909090908,,,1.0
SJ900_dry,517,,,,H1_dominant,0.11337067444191698,-0.5909090909090908,,,1.0
SJ900_dry,518,,,,H1_dominant,0.11337067444191698,-0.5909090909090908,,,1.0
SJ900_dry,519,,,,H1_dominant,0.11337067444191698,-0.5909090909090908,,,1.0
SJ900_dry,520,,,,H1_dominant,0.11337067444191698,-0.5909090909090908,,,1.0
SJ900_dry,521,,,,H1_dominant,0.11337067444191698,-0.5909090909090908,,,1.0
SJ900_dry,522,,,,H1_dominant,0.11337067444191698,-0.5909090909090908,,,1.0
SJ900_dry,523,,,,H1_dominant,0.11337067444191698,-0.5909090909090908,,,1.0
SJ900_dry,524,,,,H1_dominant,0.11337067444191698,-0.5909090909090908,,,1.0
SJ900_dry,525,,,,H1_dominant,0.11337067444191698,-0.5909090909090908,,,1.0
SJ900_dry,526,,,,H1_dominant,0.11337067444191698,-0.5909090909090908,,,1.0
SJ900_dry,527,,,,H1_dominant,0.11337067444191698,-0.5909090909090908,,,1.0
SJ900_dry,528,,,,H1_dominant,0.11337067444191698,-0.5909090909090908,,,1.0
SJ900_dry,529,,,,H1_dominant,0.11337067444191698,-0.5909090909090908,,,1.0
SJ900_dry,530,,,,H1_dominant,0.11337067444191698,-0.5909090909090908,,,1.0
SJ900_dry,531,,,,H1_dominant,0.11337067444191698,-0.5909090909090908,,,1.0
SJ900_dry,532,,,,H1_dominant,0.11337067444191698,-0.5909090909090908,,,1.0
SJ900_dry,533,,,,H1_dominant,0.11337067444191698,-0.5909090909090908,,,1.0
SJ900_dry,534,,,,H1_dominant,0.11337067444191698,-0.5909090909090908,,,1.0
SJ900_dry,535,,,,H1_dominant,0.11337067444191698,-0.5909090909090908,,,1.0
SJ900_dry,536,,,,H1_dominant,0.11337067444191698,-0.5909090909090908,,,1.0
SJ900_dry,537,,,,H1_dominant,0.11337067444191698,-0.5909090909090908,,,1.0
SJ900_dry,538,,,,H1_dominant,0.11337067444191698,-0.5909090909090908,,,1.0
SJ900_dry,539,,,,H1_dominant,0.11337067444191698,-0.5909090909090908,,,1.0
SJ900_dry,540,,,,H1_dominant,0.11337067444191698,-0.5909090909090908,,,1.0
SJ900_dry,541,,,,H1_dominant,0.11337067444191698,-0.5909090909090908,,,1.0
SJ900_dry,542,,,,H1_dominant,0.11337067444191698,-0.5909090909090908,,,1.0
SJ900_dry,543,,,,H1_dominant,0.11337067444191698,-0.5909090909090908,,,1.0
SJ900_dry,544,,,,H1_dominant,0.11337067444191698,-0.5909090909090908,,,1.0
SJ900_dry,545,,,,H1_dominant,0.11337067444191698,-0.5909090909090908,,,1.0
SJ900_dry,546,,,,H1_dominant,0.11337067444191698,-0.5909090909090908,,,1.0
SJ900_dry,547,,,,H1_dominant,0.11337067444191698,-0.5909090909090908,,,1.0
SJ900_dry,548,,,,H1_dominant,0.11337067444191698,-0.5909090909090908,,,1.0
SJ900_dry,549,,,,H1_dominant,0.11337067444191698,-0.5909090909090908,,,1.0
SJ900_dry,550,,,,H1_dominant,0.11337067444191698,-0.5909090909090908,,,1.0
SJ900_dry,551,,,,H1_dominant,0.11337067444191698,-0.5909090909090908,,,1.0
SJ900_dry,552,,,,H1_dominant,0.11337067444191698,-0.5909090909090908,,,1.0
SJ900_dry,553,,,,H1_dominant,0.11337067444191698,-0.5909090909090908,,,1.0
SJ900_dry,554,,,,H1_dominant,0.11337067444191698,-0.5909090909090908,,,1.0
SJ900_dry,555,,,,H1_dominant,0.11337067444191698,-0.5909090909090908,,,1.0
SJ900_dry,556,,,,H1_dominant,0.11337067444191698,-0.5909090909090908,,,1.0
SJ900_dry,557,,,,H1_dominant,0.11337067444191698,-0.5909090909090908,,,1.0
SJ900_dry,558,,,,H1_dominant,0.11337067444191698,-0.5909090909090908,,,1.0
SJ900_dry,559,,,,H1_dominant,0.11337067444191698,-0.5909090909090908,,,1.0
SJ900_dry,560,,,,H1_dominant,0.11337067444191698,-0.5909090909090908,,,1.0
SJ900_dry,561,,,,H1_dominant,0.11337067444191698,-0.5909090909090908,,,1.0
SJ900_dry,562,,,,H1_dominant,0.11337067444191698,-0.5909090909090908,,,1.0
SJ900_dry,563,,,,H1_dominant,0.11337067444191698,-0.5909090909090908,,,1.0
SJ900_dry,564,,,,H1_dominant,0.11337067444191698,-0.5909090909090908,,,1.0
SJ900_dry,1,,,,H2_dominant,0.1286522949441205,0.5909090909090908,,,
SJ900_dry,2,,,,H2_dominant,0.1286522949441205,0.5909090909090908,,,1.0
SJ900_dry,3,,,,H2_dominant,0.1286522949441205,0.5909090909090908,,,1.0
SJ900_dry,4,,,,H2_dominant,0.1286522949441205,0.5909090909090908,,,1.0
SJ900_dry,5,,,,H2_dominant,0.1286522949441205,0.5909090909090908,,,1.0
SJ900_dry,6,,,,H2_dominant,0.1286522949441205,0.5909090909090908,,,1.0
SJ900_dry,7,,,,H2_dominant,0.1286522949441205,0.5909090909090908,,,1.0
SJ900_dry,8,,,,H2_dominant,0.1286522949441205,0.5909090909090908,,,1.0
SJ900_dry,9,,,,H2_dominant,0.1286522949441205,0.5909090909090908,,,1.0
SJ900_dry,10,,,,H2_dominant,0.1286522949441205,0.5909090909090908,,,1.0
SJ900_dry,11,,,,H2_dominant,0.1286522949441205,0.5909090909090908,,,1.0
SJ900_dry,12,,,,H2_dominant,0.1286522949441205,0.5909090909090908,,,1.0
SJ900_dry,13,,,,H2_dominant,0.1286522949441205,0.5909090909090908,,,1.0
SJ900_dry,14,,,,H2_dominant,0.1286522949441205,0.5909090909090908,,,1.0
SJ900_dry,15,,,,H2_dominant,0.1286522949441205,0.5909090909090908,,,1.0
SJ900_dry,16,,,,H2_dominant,0.1286522949441205,0.5909090909090908,,,1.0
SJ900_dry,17,,,,H2_dominant,0.1286522949441205,0.5909090909090908,,,1.0
SJ900_dry,18,,,,H2_dominant,0.1286522949441205,0.5909090909090908,,,1.0
SJ900_dry,19,,,,H2_dominant,0.1286522949441205,0.5909090909090908,,,1.0
SJ900_dry,20,,,,H2_dominant,0.1286522949441205,0.5909090909090908,,,1.0
SJ900_dry,21,,,,H2_dominant,0.1286522949441205,0.5909090909090908,,,1.0
SJ900_dry,22,,,,H2_dominant,0.1286522949441205,0.5909090909090908,,,1.0
SJ900_dry,23,,,,H2_dominant,0.1286522949441205,0.5909090909090908,,,1.0
SJ900_dry,24,,,,H2_dominant,0.1286522949441205,0.5909090909090908,,,1.0
SJ900_dry,25,,,,H2_dominant,0.1286522949441205,0.5909090909090908,,,1.0
SJ900_dry,26,,,,H2_dominant,0.1286522949441205,0.5909090909090908,,,1.0
SJ900_dry,27,,,,H2_dominant,0.1286522949441205,0.5909090909090908,,,1.0
SJ900_dry,28,,,,H2_dominant,0.1286522949441205,0.5909090909090908,,,1.0
SJ900_dry,29,,,,H2_dominant,0.1286522949441205,0.5909090909090908,,,1.0
SJ900_dry,30,,,,H2_dominant,0.1286522949441205,0.5909090909090908,,,1.0
SJ900_dry,31,,,,H2_dominant,0.1286522949441205,0.5909090909090908,,,1.0
SJ900_dry,32,,,,H2_dominant,0.1286522949441205,0.5909090909090908,,,1.0
SJ900_dry,33,,,,H2_dominant,0.1286522949441205,0.5909090909090908,,,1.0
SJ900_dry,34,,,,H2_dominant,0.1286522949441205,0.5909090909090908,,,1.0
SJ900_dry,35,,,,H2_dominant,0.1286522949441205,0.5909090909090908,,,1.0
SJ900_dry,36,,,,H2_dominant,0.1286522949441205,0.5909090909090908,,,1.0
SJ900_dry,37,,,,H2_dominant,0.1286522949441205,0.5909090909090908,,,1.0
SJ900_dry,38,,,,H2_dominant,0.1286522949441205,0.5909090909090908,,,1.0
SJ900_dry,39,,,,H2_dominant,0.1286522949441205,0.5909090909090908,,,1.0
SJ900_dry,40,,,,H2_dominant,0.1286522949441205,0.5909090909090908,,,1.0
SJ900_dry,41,,,,H2_dominant,0.1286522949441205,0.5909090909090908,,,1.0
SJ900_dry,42,,,,H2_dominant,0.1286522949441205,0.5909090909090908,,,1.0
SJ900_dry,43,,,,H2_dominant,0.1286522949441205,0.5909090909090908,,,1.0
SJ900_dry,44,,,,H2_dominant,0.1286522949441205,0.5909090909090908,,,1.0
SJ900_dry,45,,,,H2_dominant,0.1286522949441205,0.5909090909090908,,,1.0
SJ900_dry,46,,,,H2_dominant,0.1286522949441205,0.5909090909090908,,,1.0
SJ900_dry,47,,,,H2_dominant,0.1286522949441205,0.5909090909090908,,,1.0
SJ900_dry,48,,,,H2_dominant,0.1286522949441205,0.5909090909090908,,,1.0
SJ900_dry,49,,,,H2_dominant,0.1286522949441205,0.5909090909090908,,,1.0
SJ900_dry,50,,,,H2_dominant,0.1286522949441205,0.5909090909090908,,,1.0
SJ900_dry,51,,,,H2_dominant,0.1286522949441205,0.5909090909090908,,,1.0
SJ900_dry,52,,,,H2_dominant,0.1286522949441205,0.5909090909090908,,,1.0
SJ900_dry,53,,,,H2_dominant,0.1286522949441205,0.5909090909090908,,,1.0
SJ900_dry,54,,,,H2_dominant,0.1286522949441205,0.5909090909090908,,,1.0
SJ900_dry,55,,,,H2_dominant,0.1286522949441205,0.5909090909090908,,,1.0
SJ900_dry,56,,,,H2_dominant,0.1286522949441205,0.5909090909090908,,,1.0
SJ900_dry,57,,,,H2_dominant,0.1286522949441205,0.5909090909090908,,,1.0
SJ900_dry,58,,,,H2_dominant,0.1286522949441205,0.5909090909090908,,,1.0
SJ900_dry,59,,,,H2_dominant,0.1286522949441205,0.5909090909090908,,,1.0
SJ900_dry,60,,,,H2_dominant,0.1286522949441205,0.5909090909090908,,,1.0
SJ900_dry,61,,,,H2_dominant,0.1286522949441205,0.5909090909090908,,,1.0
SJ900_dry,62,,,,H2_dominant,0.1286522949441205,0.5909090909090908,,,1.0
SJ900_dry,63,,,,H2_dominant,0.1286522949441205,0.5909090909090908,,,1.0
SJ900_dry,64,,,,H2_dominant,0.1286522949441205,0.5909090909090908,,,1.0
SJ900_dry,65,,,,H2_dominant,0.1286522949441205,0.5909090909090908,,,1.0
SJ900_dry,66,,,,H2_dominant,0.1286522949441205,0.5909090909090908,,,1.0
SJ900_dry,67,,,,H2_dominant,0.1286522949441205,0.5909090909090908,,,1.0
SJ900_dry,68,,,,H2_dominant,0.1286522949441205,0.5909090909090908,,,1.0
SJ900_dry,69,,,,H2_dominant,0.1286522949441205,0.5909090909090908,,,1.0
SJ900_dry,70,,,,H2_dominant,0.1286522949441205,0.5909090909090908,,,1.0
SJ900_dry,71,,,,H2_dominant,0.1286522949441205,0.5909090909090908,,,1.0
SJ900_dry,72,,,,H2_dominant,0.1286522949441205,0.5909090909090908,,,1.0
SJ900_dry,73,,,,H2_dominant,0.1286522949441205,0.5909090909090908,,,1.0
SJ900_dry,74,,,,H2_dominant,0.1286522949441205,0.5909090909090908,,,1.0
SJ900_dry,75,,,,H2_dominant,0.1286522949441205,0.5909090909090908,,,1.0
SJ900_dry,76,,,,H2_dominant,0.1286522949441205,0.5909090909090908,,,1.0
SJ900_dry,77,,,,H2_dominant,0.1286522949441205,0.5909090909090908,,,1.0
SJ900_dry,78,,,,H2_dominant,0.1286522949441205,0.5909090909090908,,,1.0
SJ900_dry,79,,,,H2_dominant,0.1286522949441205,0.5909090909090908,,,1.0
SJ900_dry,80,,,,H2_dominant,0.1286522949441205,0.5909090909090908,,,1.0
SJ900_dry,81,,,,H2_dominant,0.1286522949441205,0.5909090909090908,,,1.0
SJ900_dry,82,,,,H2_dominant,0.1286522949441205,0.5909090909090908,,,1.0
SJ900_dry,83,,,,H2_dominant,0.1286522949441205,0.5909090909090908,,,1.0
SJ900_dry,84,,,,H2_dominant,0.1286522949441205,0.5909090909090908,,,1.0
SJ900_dry,85,,,,H2_dominant,0.1286522949441205,0.5909090909090908,,,1.0
SJ900_dry,86,,,,H2_dominant,0.1286522949441205,0.5909090909090908,,,1.0
SJ900_dry,87,,,,H2_dominant,0.1286522949441205,0.5909090909090908,,,1.0
SJ900_dry,88,,,,H2_dominant,0.1286522949441205,0.5909090909090908,,,1.0
SJ900_dry,89,,,,H2_dominant,0.1286522949441205,0.5909090909090908,,,1.0
SJ900_dry,90,,,,H2_dominant,0.1286522949441205,0.5909090909090908,,,1.0
SJ900_dry,91,,,,H2_dominant,0.1286522949441205,0.5909090909090908,,,1.0
SJ900_dry,92,,,,H2_dominant,0.1286522949441205,0.5909090909090908,,,1.0
SJ900_dry,93,,,,H2_dominant,0.1286522949441205,0.5909090909090908,,,1.0
SJ900_dry,94,,,,H2_dominant,0.1286522949441205,0.5909090909090908,,,1.0
SJ900_dry,95,,,,H2_dominant,0.1286522949441205,0.5909090909090908,,,1.0
SJ900_dry,96,,,,H2_dominant,0.1286522949441205,0.5909090909090908,,,1.0
SJ900_dry,97,,,,H2_dominant,0.1286522949441205,0.5909090909090908,,,1.0
SJ900_dry,98,,,,H2_dominant,0.1286522949441205,0.5909090909090908,,,1.0
SJ900_dry,99,,,,H2_dominant,0.1286522949441205,0.5909090909090908,,,1.0
SJ900_dry,100,,,,H2_dominant,0.1286522949441205,0.5909090909090908,,,1.0
SJ900_dry,101,,,,H2_dominant,0.1286522949441205,0.5909090909090908,,,1.0
SJ900_dry,102,,,,H2_dominant,0.1286522949441205,0.5909090909090908,,,1.0
SJ900_dry,103,,,,H2_dominant,0.1286522949441205,0.5909090909090908,,,1.0
SJ900_dry,104,,,,H2_dominant,0.1286522949441205,0.5909090909090908,,,1.0
SJ900_dry,105,,,,H2_dominant,0.1286522949441205,0.5909090909090908,,,1.0
SJ900_dry,106,,,,H2_dominant,0.1286522949441205,0.5909090909090908,,,1.0
SJ900_dry,107,,,,H2_dominant,0.1286522949441205,0.5909090909090908,,,1.0
SJ900_dry,108,,,,H2_dominant,0.1286522949441205,0.5909090909090908,,,1.0
SJ900_dry,109,,,,H2_dominant,0.1286522949441205,0.5909090909090908,,,1.0
SJ900_dry,110,,,,H2_dominant,0.1286522949441205,0.5909090909090908,,,1.0
SJ900_dry,111,,,,H2_dominant,0.1286522949441205,0.5909090909090908,,,1.0
SJ900_dry,112,,,,H2_dominant,0.1286522949441205,0.5909090909090908,,,1.0
SJ900_dry,113,,,,H2_dominant,0.1286522949441205,0.5909090909090908,,,1.0
SJ900_dry,114,,,,H2_dominant,0.1286522949441205,0.5909090909090908,,,1.0
SJ900_dry,115,,,,H2_dominant,0.1286522949441205,0.5909090909090908,,,1.0
SJ900_dry,116,,,,H2_dominant,0.1286522949441205,0.5909090909090908,,,1.0
SJ900_dry,117,,,,H2_dominant,0.1286522949441205,0.5909090909090908,,,1.0
SJ900_dry,118,,,,H2_dominant,0.1286522949441205,0.5909090909090908,,,1.0
SJ900_dry,119,,,,H2_dominant,0.1286522949441205,0.5909090909090908,,,1.0
SJ900_dry,120,,,,H2_dominant,0.1286522949441205,0.5909090909090908,,,1.0
SJ900_dry,121,,,,H2_dominant,0.1286522949441205,0.5909090909090908,,,1.0
SJ900_dry,122,,,,H2_dominant,0.1286522949441205,0.5909090909090908,,,1.0
SJ900_dry,123,,,,H2_dominant,0.1286522949441205,0.5909090909090908,,,1.0
SJ900_dry,124,,,,H2_dominant,0.1286522949441205,0.5909090909090908,,,1.0
SJ900_dry,125,,,,H2_dominant,0.1286522949441205,0.5909090909090908,,,1.0
SJ900_dry,126,,,,H2_dominant,0.1286522949441205,0.5909090909090908,,,1.0
SJ900_dry,127,,,,H2_dominant,0.1286522949441205,0.5909090909090908,,,1.0
SJ900_dry,128,,,,H2_dominant,0.1286522949441205,0.5909090909090908,,,1.0
SJ900_dry,129,,,,H2_dominant,0.1286522949441205,0.5909090909090908,,,1.0
SJ900_dry,130,,,,H2_dominant,0.1286522949441205,0.5909090909090908,,,1.0
SJ900_dry,131,,,,H2_dominant,0.1286522949441205,0.5909090909090908,,,1.0
SJ900_dry,132,,,,H2_dominant,0.1286522949441205,0.5909090909090908,,,1.0
SJ900_dry,133,,,,H2_dominant,0.1286522949441205,0.5909090909090908,,,1.0
SJ900_dry,134,,,,H2_dominant,0.1286522949441205,0.5909090909090908,,,1.0
SJ900_dry,135,,,,H2_dominant,0.1286522949441205,0.5909090909090908,,,1.0
SJ900_dry,136,,,,H2_dominant,0.1286522949441205,0.5909090909090908,,,1.0
SJ900_dry,137,,,,H2_dominant,0.1286522949441205,0.5909090909090908,,,1.0
SJ900_dry,138,,,,H2_dominant,0.1286522949441205,0.5909090909090908,,,1.0
SJ900_dry,139,,,,H2_dominant,0.1286522949441205,0.5909090909090908,,,1.0
SJ900_dry,140,,,,H2_dominant,0.1286522949441205,0.5909090909090908,,,1.0
SJ900_dry,141,,,,H2_dominant,0.1286522949441205,0.5909090909090908,,,1.0
SJ900_dry,142,,,,H2_dominant,0.1286522949441205,0.5909090909090908,,,1.0
SJ900_dry,143,,,,H2_dominant,0.1286522949441205,0.5909090909090908,,,1.0
SJ900_dry,144,,,,H2_dominant,0.1286522949441205,0.5909090909090908,,,1.0
SJ900_dry,145,,,,H2_dominant,0.1286522949441205,0.5909090909090908,,,1.0
SJ900_dry,146,,,,H2_dominant,0.1286522949441205,0.5909090909090908,,,1.0
SJ900_dry,147,,,,H2_dominant,0.1286522949441205,0.5909090909090908,,,1.0
SJ900_dry,148,,,,H2_dominant,0.1286522949441205,0.5909090909090908,,,1.0
SJ900_dry,149,,,,H2_dominant,0.1286522949441205,0.5909090909090908,,,1.0
SJ900_dry,150,,,,H2_dominant,0.1286522949441205,0.5909090909090908,,,1.0
SJ900_dry,151,,,,H2_dominant,0.1286522949441205,0.5909090909090908,,,1.0
SJ900_dry,152,,,,H2_dominant,0.1286522949441205,0.5909090909090908,,,1.0
SJ900_dry,153,,,,H2_dominant,0.1286522949441205,0.5909090909090908,,,1.0
SJ900_dry,154,,,,H2_dominant,0.1286522949441205,0.5909090909090908,,,1.0
SJ900_dry,155,,,,H2_dominant,0.1286522949441205,0.5909090909090908,,,1.0
SJ900_dry,156,,,,H2_dominant,0.1286522949441205,0.5909090909090908,,,1.0
SJ900_dry,157,,,,H2_dominant,0.1286522949441205,0.5909090909090908,,,1.0
SJ900_dry,158,,,,H2_dominant,0.1286522949441205,0.5909090909090908,,,1.0
SJ900_dry,159,,,,H2_dominant,0.1286522949441205,0.5909090909090908,,,1.0
SJ900_dry,160,,,,H2_dominant,0.1286522949441205,0.5909090909090908,,,1.0
SJ900_dry,161,,,,H2_dominant,0.1286522949441205,0.5909090909090908,,,1.0
SJ900_dry,162,,,,H2_dominant,0.1286522949441205,0.5909090909090908,,,1.0
SJ900_dry,163,,,,H2_dominant,0.1286522949441205,0.5909090909090908,,,1.0
SJ900_dry,164,,,,H2_dominant,0.1286522949441205,0.5909090909090908,,,1.0
SJ900_dry,165,,,,H2_dominant,0.1286522949441205,0.5909090909090908,,,1.0
SJ900_dry,166,,,,H2_dominant,0.1286522949441205,0.5909090909090908,,,1.0
SJ900_dry,167,,,,H2_dominant,0.1286522949441205,0.5909090909090908,,,1.0
SJ900_dry,168,,,,H2_dominant,0.1286522949441205,0.5909090909090908,,,1.0
SJ900_dry,169,,,,H2_dominant,0.1286522949441205,0.5909090909090908,,,1.0
SJ900_dry,170,,,,H2_dominant,0.1286522949441205,0.5909090909090908,,,1.0
SJ900_dry,171,,,,H2_dominant,0.1286522949441205,0.5909090909090908,,,1.0
SJ900_dry,172,,,,H2_dominant,0.1286522949441205,0.5909090909090908,,,1.0
SJ900_dry,173,,,,H2_dominant,0.1286522949441205,0.5909090909090908,,,1.0
SJ900_dry,174,,,,H2_dominant,0.1286522949441205,0.5909090909090908,,,1.0
SJ900_dry,175,,,,H2_dominant,0.1286522949441205,0.5909090909090908,,,1.0
SJ900_dry,176,,,,H2_dominant,0.1286522949441205,0.5909090909090908,,,1.0
SJ900_dry,177,,,,H2_dominant,0.1286522949441205,0.5909090909090908,,,1.0
SJ900_dry,178,,,,H2_dominant,0.1286522949441205,0.5909090909090908,,,1.0
SJ900_dry,179,,,,H2_dominant,0.1286522949441205,0.5909090909090908,,,1.0
SJ900_dry,180,,,,H2_dominant,0.1286522949441205,0.5909090909090908,,,1.0
SJ900_dry,181,,,,H2_dominant,0.1286522949441205,0.5909090909090908,,,1.0
SJ900_dry,182,,,,H2_dominant,0.1286522949441205,0.5909090909090908,,,1.0
SJ900_dry,183,,,,H2_dominant,0.1286522949441205,0.5909090909090908,,,1.0
SJ900_dry,184,,,,H2_dominant,0.1286522949441205,0.5909090909090908,,,1.0
SJ900_dry,185,,,,H2_dominant,0.1286522949441205,0.5909090909090908,,,1.0
SJ900_dry,186,,,,H2_dominant,0.1286522949441205,0.5909090909090908,,,1.0
SJ900_dry,187,,,,H2_dominant,0.1286522949441205,0.5909090909090908,,,1.0
SJ900_dry,188,,,,H2_dominant,0.1286522949441205,0.5909090909090908,,,1.0
SJ900_dry,189,,,,H2_dominant,0.1286522949441205,0.5909090909090908,,,1.0
SJ900_dry,190,,,,H2_dominant,0.1286522949441205,0.5909090909090908,,,1.0
SJ900_dry,191,,,,H2_dominant,0.1286522949441205,0.5909090909090908,,,1.0
SJ900_dry,192,,,,H2_dominant,0.1286522949441205,0.5909090909090908,,,1.0
SJ900_dry,193,,,,H2_dominant,0.1286522949441205,0.5909090909090908,,,1.0
SJ900_dry,194,,,,H2_dominant,0.1286522949441205,0.5909090909090908,,,1.0
SJ900_dry,195,,,,H2_dominant,0.1286522949441205,0.5909090909090908,,,1.0
SJ900_dry,196,,,,H2_dominant,0.1286522949441205,0.5909090909090908,,,1.0
SJ900_dry,197,,,,H2_dominant,0.1286522949441205,0.5909090909090908,,,1.0
SJ900_dry,198,,,,H2_dominant,0.1286522949441205,0.5909090909090908,,,1.0
SJ900_dry,199,,,,H2_dominant,0.1286522949441205,0.5909090909090908,,,1.0
SJ900_dry,200,,,,H2_dominant,0.1286522949441205,0.5909090909090908,,,1.0
SJ900_dry,201,,,,H2_dominant,0.1286522949441205,0.5909090909090908,,,1.0
SJ900_dry,202,,,,H2_dominant,0.1286522949441205,0.5909090909090908,,,1.0
SJ900_dry,203,,,,H2_dominant,0.1286522949441205,0.5909090909090908,,,1.0
SJ900_dry,204,,,,H2_dominant,0.1286522949441205,0.5909090909090908,,,1.0
SJ900_dry,205,,,,H2_dominant,0.1286522949441205,0.5909090909090908,,,1.0
SJ900_dry,206,,,,H2_dominant,0.1286522949441205,0.5909090909090908,,,1.0
SJ900_dry,207,,,,H2_dominant,0.1286522949441205,0.5909090909090908,,,1.0
SJ900_dry,208,,,,H2_dominant,0.1286522949441205,0.5909090909090908,,,1.0
SJ900_dry,209,,,,H2_dominant,0.1286522949441205,0.5909090909090908,,,1.0
SJ900_dry,210,,,,H2_dominant,0.1286522949441205,0.5909090909090908,,,1.0
SJ900_dry,211,,,,H2_dominant,0.1286522949441205,0.5909090909090908,,,1.0
SJ900_dry,212,,,,H2_dominant,0.1286522949441205,0.5909090909090908,,,1.0
SJ900_dry,213,,,,H2_dominant,0.1286522949441205,0.5909090909090908,,,1.0
SJ900_dry,214,,,,H2_dominant,0.1286522949441205,0.5909090909090908,,,1.0
SJ900_dry,215,,,,H2_dominant,0.1286522949441205,0.5909090909090908,,,1.0
SJ900_dry,216,,,,H2_dominant,0.1286522949441205,0.5909090909090908,,,1.0
SJ900_dry,217,,,,H2_dominant,0.1286522949441205,0.5909090909090908,,,1.0
SJ900_dry,218,,,,H2_dominant,0.1286522949441205,0.5909090909090908,,,1.0
SJ900_dry,219,,,,H2_dominant,0.1286522949441205,0.5909090909090908,,,1.0
SJ900_dry,220,,,,H2_dominant,0.1286522949441205,0.5909090909090908,,,1.0
SJ900_dry,221,,,,H2_dominant,0.1286522949441205,0.5909090909090908,,,1.0
SJ900_dry,222,,,,H2_dominant,0.1286522949441205,0.5909090909090908,,,1.0
SJ900_dry,223,,,,H2_dominant,0.1286522949441205,0.5909090909090908,,,1.0
SJ900_dry,224,,,,H2_dominant,0.1286522949441205,0.5909090909090908,,,1.0
SJ900_dry,225,,,,H2_dominant,0.1286522949441205,0.5909090909090908,,,1.0
SJ900_dry,226,,,,H2_dominant,0.1286522949441205,0.5909090909090908,,,1.0
SJ900_dry,227,,,,H2_dominant,0.1286522949441205,0.5909090909090908,,,1.0
SJ900_dry,228,,,,H2_dominant,0.1286522949441205,0.5909090909090908,,,1.0
SJ900_dry,229,,,,H2_dominant,0.1286522949441205,0.5909090909090908,,,1.0
SJ900_dry,230,,,,H2_dominant,0.1286522949441205,0.5909090909090908,,,1.0
SJ900_dry,231,,,,H2_dominant,0.1286522949441205,0.5909090909090908,,,1.0
SJ900_dry,232,,,,H2_dominant,0.1286522949441205,0.5909090909090908,,,1.0
SJ900_dry,233,,,,H2_dominant,0.1286522949441205,0.5909090909090908,,,1.0
SJ900_dry,234,,,,H2_dominant,0.1286522949441205,0.5909090909090908,,,1.0
SJ900_dry,235,,,,H2_dominant,0.1286522949441205,0.5909090909090908,,,1.0
SJ900_dry,236,,,,H2_dominant,0.1286522949441205,0.5909090909090908,,,1.0
SJ900_dry,237,,,,H2_dominant,0.1286522949441205,0.5909090909090908,,,1.0
SJ900_dry,238,,,,H2_dominant,0.1286522949441205,0.5909090909090908,,,1.0
SJ900_dry,239,,,,H2_dominant,0.1286522949441205,0.5909090909090908,,,1.0
SJ900_dry,240,,,,H2_dominant,0.1286522949441205,0.5909090909090908,,,1.0
SJ900_dry,241,,,,H2_dominant,0.1286522949441205,0.5909090909090908,,,1.0
SJ900_dry,242,,,,H2_dominant,0.1286522949441205,0.5909090909090908,,,1.0
SJ900_dry,243,,,,H2_dominant,0.1286522949441205,0.5909090909090908,,,1.0
SJ900_dry,244,,,,H2_dominant,0.1286522949441205,0.5909090909090908,,,1.0
SJ900_dry,245,,,,H2_dominant,0.1286522949441205,0.5909090909090908,,,1.0
SJ900_dry,246,,,,H2_dominant,0.1286522949441205,0.5909090909090908,,,1.0
SJ900_dry,247,,,,H2_dominant,0.1286522949441205,0.5909090909090908,,,1.0
SJ900_dry,248,,,,H2_dominant,0.1286522949441205,0.5909090909090908,,,1.0
SJ900_dry,249,,,,H2_dominant,0.1286522949441205,0.5909090909090908,,,1.0
SJ900_dry,250,,,,H2_dominant,0.1286522949441205,0.5909090909090908,,,1.0
SJ900_dry,251,,,,H2_dominant,0.1286522949441205,0.5909090909090908,,,1.0
SJ900_dry,252,,,,H2_dominant,0.1286522949441205,0.5909090909090908,,,1.0
SJ900_dry,253,,,,H2_dominant,0.1286522949441205,0.5909090909090908,,,1.0
SJ900_dry,254,,,,H2_dominant,0.1286522949441205,0.5909090909090908,,,1.0
SJ900_dry,255,,,,H2_dominant,0.1286522949441205,0.5909090909090908,,,1.0
SJ900_dry,256,,,,H2_dominant,0.1286522949441205,0.5909090909090908,,,1.0
SJ900_dry,257,,,,H2_dominant,0.1286522949441205,0.5909090909090908,,,1.0
SJ900_dry,258,,,,H2_dominant,0.1286522949441205,0.5909090909090908,,,1.0
SJ900_dry,259,,,,H2_dominant,0.1286522949441205,0.5909090909090908,,,1.0
SJ900_dry,260,,,,H2_dominant,0.1286522949441205,0.5909090909090908,,,1.0
SJ900_dry,261,,,,H2_dominant,0.1286522949441205,0.5909090909090908,,,1.0
SJ900_dry,262,,,,H2_dominant,0.1286522949441205,0.5909090909090908,,,1.0
SJ900_dry,263,,,,H2_dominant,0.1286522949441205,0.5909090909090908,,,1.0
SJ900_dry,264,,,,H2_dominant,0.1286522949441205,0.5909090909090908,,,1.0
SJ900_dry,265,,,,H2_dominant,0.1286522949441205,0.5909090909090908,,,1.0
SJ900_dry,266,,,,H2_dominant,0.1286522949441205,0.5909090909090908,,,1.0
SJ900_dry,267,,,,H2_dominant,0.1286522949441205,0.5909090909090908,,,1.0
SJ900_dry,268,,,,H2_dominant,0.1286522949441205,0.5909090909090908,,,1.0
SJ900_dry,269,,,,H2_dominant,0.1286522949441205,0.5909090909090908,,,1.0
SJ900_dry,270,,,,H2_dominant,0.1286522949441205,0.5909090909090908,,,1.0
SJ900_dry,271,,,,H2_dominant,0.1286522949441205,0.5909090909090908,,,1.0
SJ900_dry,272,,,,H2_dominant,0.1286522949441205,0.5909090909090908,,,1.0
SJ900_dry,273,,,,H2_dominant,0.1286522949441205,0.5909090909090908,,,1.0
SJ900_dry,274,,,,H2_dominant,0.1286522949441205,0.5909090909090908,,,1.0
SJ900_dry,275,,,,H2_dominant,0.1286522949441205,0.5909090909090908,,,1.0
SJ900_dry,276,,,,H2_dominant,0.1286522949441205,0.5909090909090908,,,1.0
SJ900_dry,277,,,,H2_dominant,0.1286522949441205,0.5909090909090908,,,1.0
SJ900_dry,278,,,,H2_dominant,0.1286522949441205,0.5909090909090908,,,1.0
SJ900_dry,279,,,,H2_dominant,0.1286522949441205,0.5909090909090908,,,1.0
SJ900_dry,280,,,,H2_dominant,0.1286522949441205,0.5909090909090908,,,1.0
SJ900_dry,281,,,,H2_dominant,0.1286522949441205,0.5909090909090908,,,1.0
SJ900_dry,282,,,,H2_dominant,0.1286522949441205,0.5909090909090908,,,1.0
SJ900_dry,283,,,,H2_dominant,0.1286522949441205,0.5909090909090908,,,1.0
SJ900_dry,284,,,,H2_dominant,0.1286522949441205,0.5909090909090908,,,1.0
SJ900_dry,285,,,,H2_dominant,0.1286522949441205,0.5909090909090908,,,1.0
SJ900_dry,286,,,,H2_dominant,0.1286522949441205,0.5909090909090908,,,1.0
SJ900_dry,287,,,,H2_dominant,0.1286522949441205,0.5909090909090908,,,1.0
SJ900_dry,288,,,,H2_dominant,0.1286522949441205,0.5909090909090908,,,1.0
SJ900_dry,289,,,,H2_dominant,0.1286522949441205,0.5909090909090908,,,1.0
SJ900_dry,290,,,,H2_dominant,0.1286522949441205,0.5909090909090908,,,1.0
SJ900_dry,291,,,,H2_dominant,0.1286522949441205,0.5909090909090908,,,1.0
SJ900_dry,292,,,,H2_dominant,0.1286522949441205,0.5909090909090908,,,1.0
SJ900_dry,293,,,,H2_dominant,0.1286522949441205,0.5909090909090908,,,1.0
SJ900_dry,294,,,,H2_dominant,0.1286522949441205,0.5909090909090908,,,1.0
SJ900_dry,295,,,,H2_dominant,0.1286522949441205,0.5909090909090908,,,1.0
SJ900_dry,296,,,,H2_dominant,0.1286522949441205,0.5909090909090908,,,1.0
SJ900_dry,297,,,,H2_dominant,0.1286522949441205,0.5909090909090908,,,1.0
SJ900_dry,298,,,,H2_dominant,0.1286522949441205,0.5909090909090908,,,1.0
SJ900_dry,299,,,,H2_dominant,0.1286522949441205,0.5909090909090908,,,1.0
SJ900_dry,300,,,,H2_dominant,0.1286522949441205,0.5909090909090908,,,1.0
SJ900_dry,301,,,,H2_dominant,0.1286522949441205,0.5909090909090908,,,1.0
SJ900_dry,302,,,,H2_dominant,0.1286522949441205,0.5909090909090908,,,1.0
SJ900_dry,303,,,,H2_dominant,0.1286522949441205,0.5909090909090908,,,1.0
SJ900_dry,304,,,,H2_dominant,0.1286522949441205,0.5909090909090908,,,1.0
SJ900_dry,305,,,,H2_dominant,0.1286522949441205,0.5909090909090908,,,1.0
SJ900_dry,306,,,,H2_dominant,0.1286522949441205,0.5909090909090908,,,1.0
SJ900_dry,307,,,,H2_dominant,0.1286522949441205,0.5909090909090908,,,1.0
SJ900_dry,308,,,,H2_dominant,0.1286522949441205,0.5909090909090908,,,1.0
SJ900_dry,309,,,,H2_dominant,0.1286522949441205,0.5909090909090908,,,1.0
SJ900_dry,310,,,,H2_dominant,0.1286522949441205,0.5909090909090908,,,1.0
SJ900_dry,311,,,,H2_dominant,0.1286522949441205,0.5909090909090908,,,1.0
SJ900_dry,312,,,,H2_dominant,0.1286522949441205,0.5909090909090908,,,1.0
SJ900_dry,313,,,,H2_dominant,0.1286522949441205,0.5909090909090908,,,1.0
SJ900_dry,314,,,,H2_dominant,0.1286522949441205,0.5909090909090908,,,1.0
SJ900_dry,315,,,,H2_dominant,0.1286522949441205,0.5909090909090908,,,1.0
SJ900_dry,316,,,,H2_dominant,0.1286522949441205,0.5909090909090908,,,1.0
SJ900_dry,317,,,,H2_dominant,0.1286522949441205,0.5909090909090908,,,1.0
SJ900_dry,318,,,,H2_dominant,0.1286522949441205,0.5909090909090908,,,1.0
SJ900_dry,319,,,,H2_dominant,0.1286522949441205,0.5909090909090908,,,1.0
SJ900_dry,320,,,,H2_dominant,0.1286522949441205,0.5909090909090908,,,1.0
SJ900_dry,321,,,,H2_dominant,0.1286522949441205,0.5909090909090908,,,1.0
SJ900_dry,322,,,,H2_dominant,0.1286522949441205,0.5909090909090908,,,1.0
SJ900_dry,323,,,,H2_dominant,0.1286522949441205,0.5909090909090908,,,1.0
SJ900_dry,324,,,,H2_dominant,0.1286522949441205,0.5909090909090908,,,1.0
SJ900_dry,325,,,,H2_dominant,0.1286522949441205,0.5909090909090908,,,1.0
SJ900_dry,326,,,,H2_dominant,0.1286522949441205,0.5909090909090908,,,1.0
SJ900_dry,327,,,,H2_dominant,0.1286522949441205,0.5909090909090908,,,1.0
SJ900_dry,328,,,,H2_dominant,0.1286522949441205,0.5909090909090908,,,1.0
SJ900_dry,329,,,,H2_dominant,0.1286522949441205,0.5909090909090908,,,1.0
SJ900_dry,330,,,,H2_dominant,0.1286522949441205,0.5909090909090908,,,1.0
SJ900_dry,331,,,,H2_dominant,0.1286522949441205,0.5909090909090908,,,1.0
SJ900_dry,332,,,,H2_dominant,0.1286522949441205,0.5909090909090908,,,1.0
SJ900_dry,333,,,,H2_dominant,0.1286522949441205,0.5909090909090908,,,1.0
SJ900_dry,334,,,,H2_dominant,0.1286522949441205,0.5909090909090908,,,1.0
SJ900_dry,335,,,,H2_dominant,0.1286522949441205,0.5909090909090908,,,1.0
SJ900_dry,336,,,,H2_dominant,0.1286522949441205,0.5909090909090908,,,1.0
SJ900_dry,337,,,,H2_dominant,0.1286522949441205,0.5909090909090908,,,1.0
SJ900_dry,338,,,,H2_dominant,0.1286522949441205,0.5909090909090908,,,1.0
SJ900_dry,339,,,,H2_dominant,0.1286522949441205,0.5909090909090908,,,1.0
SJ900_dry,340,,,,H2_dominant,0.1286522949441205,0.5909090909090908,,,1.0
SJ900_dry,341,,,,H2_dominant,0.1286522949441205,0.5909090909090908,,,1.0
SJ900_dry,342,,,,H2_dominant,0.1286522949441205,0.5909090909090908,,,1.0
SJ900_dry,343,,,,H2_dominant,0.1286522949441205,0.5909090909090908,,,1.0
SJ900_dry,344,,,,H2_dominant,0.1286522949441205,0.5909090909090908,,,1.0
SJ900_dry,345,,,,H2_dominant,0.1286522949441205,0.5909090909090908,,,1.0
SJ900_dry,346,,,,H2_dominant,0.1286522949441205,0.5909090909090908,,,1.0
SJ900_dry,347,,,,H2_dominant,0.1286522949441205,0.5909090909090908,,,1.0
SJ900_dry,348,,,,H2_dominant,0.1286522949441205,0.5909090909090908,,,1.0
SJ900_dry,349,,,,H2_dominant,0.1286522949441205,0.5909090909090908,,,1.0
SJ900_dry,350,,,,H2_dominant,0.1286522949441205,0.5909090909090908,,,1.0
SJ900_dry,351,,,,H2_dominant,0.1286522949441205,0.5909090909090908,,,1.0
SJ900_dry,352,,,,H2_dominant,0.1286522949441205,0.5909090909090908,,,1.0
SJ900_dry,353,,,,H2_dominant,0.1286522949441205,0.5909090909090908,,,1.0
SJ900_dry,354,,,,H2_dominant,0.1286522949441205,0.5909090909090908,,,1.0
SJ900_dry,355,,,,H2_dominant,0.1286522949441205,0.5909090909090908,,,1.0
SJ900_dry,356,,,,H2_dominant,0.1286522949441205,0.5909090909090908,,,1.0
SJ900_dry,357,,,,H2_dominant,0.1286522949441205,0.5909090909090908,,,1.0
SJ900_dry,358,,,,H2_dominant,0.1286522949441205,0.5909090909090908,,,1.0
SJ900_dry,359,,,,H2_dominant,0.1286522949441205,0.5909090909090908,,,1.0
SJ900_dry,360,,,,H2_dominant,0.1286522949441205,0.5909090909090908,,,1.0
SJ900_dry,361,,,,H2_dominant,0.1286522949441205,0.5909090909090908,,,1.0
SJ900_dry,362,,,,H2_dominant,0.1286522949441205,0.5909090909090908,,,1.0
SJ900_dry,363,,,,H2_dominant,0.1286522949441205,0.5909090909090908,,,1.0
SJ900_dry,364,,,,H2_dominant,0.1286522949441205,0.5909090909090908,,,1.0
SJ900_dry,365,,,,H2_dominant,0.1286522949441205,0.5909090909090908,,,1.0
SJ900_dry,366,,,,H2_dominant,0.1286522949441205,0.5909090909090908,,,1.0
SJ900_dry,367,,,,H2_dominant,0.1286522949441205,0.5909090909090908,,,1.0
SJ900_dry,368,,,,H2_dominant,0.1286522949441205,0.5909090909090908,,,1.0
SJ900_dry,369,,,,H2_dominant,0.1286522949441205,0.5909090909090908,,,1.0
SJ900_dry,370,,,,H2_dominant,0.1286522949441205,0.5909090909090908,,,1.0
SJ900_dry,371,,,,H2_dominant,0.1286522949441205,0.5909090909090908,,,1.0
SJ900_dry,372,,,,H2_dominant,0.1286522949441205,0.5909090909090908,,,1.0
SJ900_dry,373,,,,H2_dominant,0.1286522949441205,0.5909090909090908,,,1.0
SJ900_dry,374,,,,H2_dominant,0.1286522949441205,0.5909090909090908,,,1.0
SJ900_dry,375,,,,H2_dominant,0.1286522949441205,0.5909090909090908,,,1.0
SJ900_dry,376,,,,H2_dominant,0.1286522949441205,0.5909090909090908,,,1.0
SJ900_dry,377,,,,H2_dominant,0.1286522949441205,0.5909090909090908,,,1.0
SJ900_dry,378,,,,H2_dominant,0.1286522949441205,0.5909090909090908,,,1.0
SJ900_dry,379,,,,H2_dominant,0.1286522949441205,0.5909090909090908,,,1.0
SJ900_dry,380,,,,H2_dominant,0.1286522949441205,0.5909090909090908,,,1.0
SJ900_dry,381,,,,H2_dominant,0.1286522949441205,0.5909090909090908,,,1.0
SJ900_dry,382,,,,H2_dominant,0.1286522949441205,0.5909090909090908,,,1.0
SJ900_dry,383,,,,H2_dominant,0.1286522949441205,0.5909090909090908,,,1.0
SJ900_dry,384,,,,H2_dominant,0.1286522949441205,0.5909090909090908,,,1.0
SJ900_dry,385,,,,H2_dominant,0.1286522949441205,0.5909090909090908,,,1.0
SJ900_dry,386,,,,H2_dominant,0.1286522949441205,0.5909090909090908,,,1.0
SJ900_dry,387,,,,H2_dominant,0.1286522949441205,0.5909090909090908,,,1.0
SJ900_dry,388,,,,H2_dominant,0.1286522949441205,0.5909090909090908,,,1.0
SJ900_dry,389,,,,H2_dominant,0.1286522949441205,0.5909090909090908,,,1.0
SJ900_dry,390,,,,H2_dominant,0.1286522949441205,0.5909090909090908,,,1.0
SJ900_dry,391,,,,H2_dominant,0.1286522949441205,0.5909090909090908,,,1.0
SJ900_dry,392,,,,H2_dominant,0.1286522949441205,0.5909090909090908,,,1.0
SJ900_dry,393,,,,H2_dominant,0.1286522949441205,0.5909090909090908,,,1.0
SJ900_dry,394,,,,H2_dominant,0.1286522949441205,0.5909090909090908,,,1.0
SJ900_dry,395,,,,H2_dominant,0.1286522949441205,0.5909090909090908,,,1.0
SJ900_dry,396,,,,H2_dominant,0.1286522949441205,0.5909090909090908,,,1.0
SJ900_dry,397,,,,H2_dominant,0.1286522949441205,0.5909090909090908,,,1.0
SJ900_dry,398,,,,H2_dominant,0.1286522949441205,0.5909090909090908,,,1.0
SJ900_dry,399,,,,H2_dominant,0.1286522949441205,0.5909090909090908,,,1.0
SJ900_dry,400,,,,H2_dominant,0.1286522949441205,0.5909090909090908,,,1.0
SJ900_dry,401,,,,H2_dominant,0.1286522949441205,0.5909090909090908,,,1.0
SJ900_dry,402,,,,H2_dominant,0.1286522949441205,0.5909090909090908,,,1.0
SJ900_dry,403,,,,H2_dominant,0.1286522949441205,0.5909090909090908,,,1.0
SJ900_dry,404,,,,H2_dominant,0.1286522949441205,0.5909090909090908,,,1.0
SJ900_dry,405,,,,H2_dominant,0.1286522949441205,0.5909090909090908,,,1.0
SJ900_dry,406,,,,H2_dominant,0.1286522949441205,0.5909090909090908,,,1.0
SJ900_dry,407,,,,H2_dominant,0.1286522949441205,0.5909090909090908,,,1.0
SJ900_dry,408,,,,H2_dominant,0.1286522949441205,0.5909090909090908,,,1.0
SJ900_dry,409,,,,H2_dominant,0.1286522949441205,0.5909090909090908,,,1.0
SJ900_dry,410,,,,H2_dominant,0.1286522949441205,0.5909090909090908,,,1.0
SJ900_dry,411,,,,H2_dominant,0.1286522949441205,0.5909090909090908,,,1.0
SJ900_dry,412,,,,H2_dominant,0.1286522949441205,0.5909090909090908,,,1.0
SJ900_dry,413,,,,H2_dominant,0.1286522949441205,0.5909090909090908,,,1.0
SJ900_dry,414,,,,H2_dominant,0.1286522949441205,0.5909090909090908,,,1.0
SJ900_dry,415,,,,H2_dominant,0.1286522949441205,0.5909090909090908,,,1.0
SJ900_dry,416,,,,H2_dominant,0.1286522949441205,0.5909090909090908,,,1.0
SJ900_dry,417,,,,H2_dominant,0.1286522949441205,0.5909090909090908,,,1.0
SJ900_dry,418,,,,H2_dominant,0.1286522949441205,0.5909090909090908,,,1.0
SJ900_dry,419,,,,H2_dominant,0.1286522949441205,0.5909090909090908,,,1.0
SJ900_dry,420,,,,H2_dominant,0.1286522949441205,0.5909090909090908,,,1.0
SJ900_dry,421,,,,H2_dominant,0.1286522949441205,0.5909090909090908,,,1.0
SJ900_dry,422,,,,H2_dominant,0.1286522949441205,0.5909090909090908,,,1.0
SJ900_dry,423,,,,H2_dominant,0.1286522949441205,0.5909090909090908,,,1.0
SJ900_dry,424,,,,H2_dominant,0.1286522949441205,0.5909090909090908,,,1.0
SJ900_dry,425,,,,H2_dominant,0.1286522949441205,0.5909090909090908,,,1.0
SJ900_dry,426,,,,H2_dominant,0.1286522949441205,0.5909090909090908,,,1.0
SJ900_dry,427,,,,H2_dominant,0.1286522949441205,0.5909090909090908,,,1.0
SJ900_dry,428,,,,H2_dominant,0.1286522949441205,0.5909090909090908,,,1.0
SJ900_dry,429,,,,H2_dominant,0.1286522949441205,0.5909090909090908,,,1.0
SJ900_dry,430,,,,H2_dominant,0.1286522949441205,0.5909090909090908,,,1.0
SJ900_dry,431,,,,H2_dominant,0.1286522949441205,0.5909090909090908,,,1.0
SJ900_dry,432,,,,H2_dominant,0.1286522949441205,0.5909090909090908,,,1.0
SJ900_dry,433,,,,H2_dominant,0.1286522949441205,0.5909090909090908,,,1.0
SJ900_dry,434,,,,H2_dominant,0.1286522949441205,0.5909090909090908,,,1.0
SJ900_dry,435,,,,H2_dominant,0.1286522949441205,0.5909090909090908,,,1.0
SJ900_dry,436,,,,H2_dominant,0.1286522949441205,0.5909090909090908,,,1.0
SJ900_dry,437,,,,H2_dominant,0.1286522949441205,0.5909090909090908,,,1.0
SJ900_dry,438,,,,H2_dominant,0.1286522949441205,0.5909090909090908,,,1.0
SJ900_dry,439,,,,H2_dominant,0.1286522949441205,0.5909090909090908,,,1.0
SJ900_dry,440,,,,H2_dominant,0.1286522949441205,0.5909090909090908,,,1.0
SJ900_dry,441,,,,H2_dominant,0.1286522949441205,0.5909090909090908,,,1.0
SJ900_dry,442,,,,H2_dominant,0.1286522949441205,0.5909090909090908,,,1.0
SJ900_dry,443,,,,H2_dominant,0.1286522949441205,0.5909090909090908,,,1.0
SJ900_dry,444,,,,H2_dominant,0.1286522949441205,0.5909090909090908,,,1.0
SJ900_dry,445,,,,H2_dominant,0.1286522949441205,0.5909090909090908,,,1.0
SJ900_dry,446,,,,H2_dominant,0.1286522949441205,0.5909090909090908,,,1.0
SJ900_dry,447,,,,H2_dominant,0.1286522949441205,0.5909090909090908,,,1.0
SJ900_dry,448,,,,H2_dominant,0.1286522949441205,0.5909090909090908,,,1.0
SJ900_dry,449,,,,H2_dominant,0.1286522949441205,0.5909090909090908,,,1.0
SJ900_dry,450,,,,H2_dominant,0.1286522949441205,0.5909090909090908,,,1.0
SJ900_dry,451,,,,H2_dominant,0.1286522949441205,0.5909090909090908,,,1.0
SJ900_dry,452,,,,H2_dominant,0.1286522949441205,0.5909090909090908,,,1.0
SJ900_dry,453,,,,H2_dominant,0.1286522949441205,0.5909090909090908,,,1.0
SJ900_dry,454,,,,H2_dominant,0.1286522949441205,0.5909090909090908,,,1.0
SJ900_dry,455,,,,H2_dominant,0.1286522949441205,0.5909090909090908,,,1.0
SJ900_dry,456,,,,H2_dominant,0.1286522949441205,0.5909090909090908,,,1.0
SJ900_dry,457,,,,H2_dominant,0.1286522949441205,0.5909090909090908,,,1.0
SJ900_dry,458,,,,H2_dominant,0.1286522949441205,0.5909090909090908,,,1.0
SJ900_dry,459,,,,H2_dominant,0.1286522949441205,0.5909090909090908,,,1.0
SJ900_dry,460,,,,H2_dominant,0.1286522949441205,0.5909090909090908,,,1.0
SJ900_dry,461,,,,H2_dominant,0.1286522949441205,0.5909090909090908,,,1.0
SJ900_dry,462,,,,H2_dominant,0.1286522949441205,0.5909090909090908,,,1.0
SJ900_dry,463,,,,H2_dominant,0.1286522949441205,0.5909090909090908,,,1.0
SJ900_dry,464,,,,H2_dominant,0.1286522949441205,0.5909090909090908,,,1.0
SJ900_dry,465,,,,H2_dominant,0.1286522949441205,0.5909090909090908,,,1.0
SJ900_dry,466,,,,H2_dominant,0.1286522949441205,0.5909090909090908,,,1.0
SJ900_dry,467,,,,H2_dominant,0.1286522949441205,0.5909090909090908,,,1.0
SJ900_dry,468,,,,H2_dominant,0.1286522949441205,0.5909090909090908,,,1.0
SJ900_dry,469,,,,H2_dominant,0.1286522949441205,0.5909090909090908,,,1.0
SJ900_dry,470,,,,H2_dominant,0.1286522949441205,0.5909090909090908,,,1.0
SJ900_dry,471,,,,H2_dominant,0.1286522949441205,0.5909090909090908,,,1.0
SJ900_dry,472,,,,H2_dominant,0.1286522949441205,0.5909090909090908,,,1.0
SJ900_dry,473,,,,H2_dominant,0.1286522949441205,0.5909090909090908,,,1.0
SJ900_dry,474,,,,H2_dominant,0.1286522949441205,0.5909090909090908,,,1.0
SJ900_dry,475,,,,H2_dominant,0.1286522949441205,0.5909090909090908,,,1.0
SJ900_dry,476,,,,H2_dominant,0.1286522949441205,0.5909090909090908,,,1.0
SJ900_dry,477,,,,H2_dominant,0.1286522949441205,0.5909090909090908,,,1.0
SJ900_dry,478,,,,H2_dominant,0.1286522949441205,0.5909090909090908,,,1.0
SJ900_dry,479,,,,H2_dominant,0.1286522949441205,0.5909090909090908,,,1.0
SJ900_dry,480,,,,H2_dominant,0.1286522949441205,0.5909090909090908,,,1.0
SJ900_dry,481,,,,H2_dominant,0.1286522949441205,0.5909090909090908,,,1.0
SJ900_dry,482,,,,H2_dominant,0.1286522949441205,0.5909090909090908,,,1.0
SJ900_dry,483,,,,H2_dominant,0.1286522949441205,0.5909090909090908,,,1.0
SJ900_dry,484,,,,H2_dominant,0.1286522949441205,0.5909090909090908,,,1.0
SJ900_dry,485,,,,H2_dominant,0.1286522949441205,0.5909090909090908,,,1.0
SJ900_dry,486,,,,H2_dominant,0.1286522949441205,0.5909090909090908,,,1.0
SJ900_dry,487,,,,H2_dominant,0.1286522949441205,0.5909090909090908,,,1.0
SJ900_dry,488,,,,H2_dominant,0.1286522949441205,0.5909090909090908,,,1.0
SJ900_dry,489,,,,H2_dominant,0.1286522949441205,0.5909090909090908,,,1.0
SJ900_dry,490,,,,H2_dominant,0.1286522949441205,0.5909090909090908,,,1.0
SJ900_dry,491,,,,H2_dominant,0.1286522949441205,0.5909090909090908,,,1.0
SJ900_dry,492,,,,H2_dominant,0.1286522949441205,0.5909090909090908,,,1.0
SJ900_dry,493,,,,H2_dominant,0.1286522949441205,0.5909090909090908,,,1.0
SJ900_dry,494,,,,H2_dominant,0.1286522949441205,0.5909090909090908,,,1.0
SJ900_dry,495,,,,H2_dominant,0.1286522949441205,0.5909090909090908,,,1.0
SJ900_dry,496,,,,H2_dominant,0.1286522949441205,0.5909090909090908,,,1.0
SJ900_dry,497,,,,H2_dominant,0.1286522949441205,0.5909090909090908,,,1.0
SJ900_dry,498,,,,H2_dominant,0.1286522949441205,0.5909090909090908,,,1.0
SJ900_dry,499,,,,H2_dominant,0.1286522949441205,0.5909090909090908,,,1.0
SJ900_dry,500,,,,H2_dominant,0.1286522949441205,0.5909090909090908,,,1.0
SJ900_dry,501,,,,H2_dominant,0.1286522949441205,0.5909090909090908,,,1.0
SJ900_dry,502,,,,H2_dominant,0.1286522949441205,0.5909090909090908,,,1.0
SJ900_dry,503,,,,H2_dominant,0.1286522949441205,0.5909090909090908,,,1.0
SJ900_dry,504,,,,H2_dominant,0.1286522949441205,0.5909090909090908,,,1.0
SJ900_dry,505,,,,H2_dominant,0.1286522949441205,0.5909090909090908,,,1.0
SJ900_dry,506,,,,H2_dominant,0.1286522949441205,0.5909090909090908,,,1.0
SJ900_dry,507,,,,H2_dominant,0.1286522949441205,0.5909090909090908,,,1.0
SJ900_dry,508,,,,H2_dominant,0.1286522949441205,0.5909090909090908,,,1.0
SJ900_dry,509,,,,H2_dominant,0.1286522949441205,0.5909090909090908,,,1.0
SJ900_dry,510,,,,H2_dominant,0.1286522949441205,0.5909090909090908,,,1.0
SJ900_dry,511,,,,H2_dominant,0.1286522949441205,0.5909090909090908,,,1.0
SJ900_dry,512,,,,H2_dominant,0.1286522949441205,0.5909090909090908,,,1.0
SJ900_dry,513,,,,H2_dominant,0.1286522949441205,0.5909090909090908,,,1.0
SJ900_dry,514,,,,H2_dominant,0.1286522949441205,0.5909090909090908,,,1.0
SJ900_dry,515,,,,H2_dominant,0.1286522949441205,0.5909090909090908,,,1.0
SJ900_dry,516,,,,H2_dominant,0.1286522949441205,0.5909090909090908,,,1.0
SJ900_dry,517,,,,H2_dominant,0.1286522949441205,0.5909090909090908,,,1.0
SJ900_dry,518,,,,H2_dominant,0.1286522949441205,0.5909090909090908,,,1.0
SJ900_dry,519,,,,H2_dominant,0.1286522949441205,0.5909090909090908,,,1.0
SJ900_dry,520,,,,H2_dominant,0.1286522949441205,0.5909090909090908,,,1.0
SJ900_dry,521,,,,H2_dominant,0.1286522949441205,0.5909090909090908,,,1.0
SJ900_dry,522,,,,H2_dominant,0.1286522949441205,0.5909090909090908,,,1.0
SJ900_dry,523,,,,H2_dominant,0.1286522949441205,0.5909090909090908,,,1.0
SJ900_dry,524,,,,H2_dominant,0.1286522949441205,0.5909090909090908,,,1.0
SJ900_dry,525,,,,H2_dominant,0.1286522949441205,0.5909090909090908,,,1.0
SJ900_dry,526,,,,H2_dominant,0.1286522949441205,0.5909090909090908,,,1.0
SJ900_dry,527,,,,H2_dominant,0.1286522949441205,0.5909090909090908,,,1.0
SJ900_dry,528,,,,H2_dominant,0.1286522949441205,0.5909090909090908,,,1.0
SJ900_dry,529,,,,H2_dominant,0.1286522949441205,0.5909090909090908,,,1.0
SJ900_dry,530,,,,H2_dominant,0.1286522949441205,0.5909090909090908,,,1.0
SJ900_dry,531,,,,H2_dominant,0.1286522949441205,0.5909090909090908,,,1.0
SJ900_dry,532,,,,H2_dominant,0.1286522949441205,0.5909090909090908,,,1.0
SJ900_dry,533,,,,H2_dominant,0.1286522949441205,0.5909090909090908,,,1.0
SJ900_dry,1,,,,H2_dominant,-0.6985704404930028,0.5909090909090908,,,
SJ900_dry,2,,,,H2_dominant,-0.6985704404930028,0.5909090909090908,,,1.0
SJ900_dry,3,,,,H2_dominant,-0.6985704404930028,0.5909090909090908,,,1.0
SJ900_dry,4,,,,H2_dominant,-0.6985704404930028,0.5909090909090908,,,1.0
SJ900_dry,5,,,,H2_dominant,-0.6985704404930028,0.5909090909090908,,,1.0
SJ900_dry,6,,,,H2_dominant,-0.6985704404930028,0.5909090909090908,,,1.0
SJ900_dry,7,,,,H2_dominant,-0.6985704404930028,0.5909090909090908,,,1.0
SJ900_dry,8,,,,H2_dominant,-0.6985704404930028,0.5909090909090908,,,1.0
SJ900_dry,9,,,,H2_dominant,-0.6985704404930028,0.5909090909090908,,,1.0
SJ900_dry,10,,,,H2_dominant,-0.6985704404930028,0.5909090909090908,,,1.0
SJ900_dry,11,,,,H2_dominant,-0.6985704404930028,0.5909090909090908,,,1.0
SJ900_dry,12,,,,H2_dominant,-0.6985704404930028,0.5909090909090908,,,1.0
SJ900_dry,13,,,,H2_dominant,-0.6985704404930028,0.5909090909090908,,,1.0
SJ900_dry,14,,,,H2_dominant,-0.6985704404930028,0.5909090909090908,,,1.0
SJ900_dry,15,,,,H2_dominant,-0.6985704404930028,0.5909090909090908,,,1.0
SJ900_dry,16,,,,H2_dominant,-0.6985704404930028,0.5909090909090908,,,1.0
SJ900_dry,17,,,,H2_dominant,-0.6985704404930028,0.5909090909090908,,,1.0
SJ900_dry,18,,,,H2_dominant,-0.6985704404930028,0.5909090909090908,,,1.0
SJ900_dry,19,,,,H2_dominant,-0.6985704404930028,0.5909090909090908,,,1.0
SJ900_dry,20,,,,H2_dominant,-0.6985704404930028,0.5909090909090908,,,1.0
SJ900_dry,21,,,,H2_dominant,-0.6985704404930028,0.5909090909090908,,,1.0
SJ900_dry,22,,,,H2_dominant,-0.6985704404930028,0.5909090909090908,,,1.0
SJ900_dry,23,,,,H2_dominant,-0.6985704404930028,0.5909090909090908,,,1.0
SJ900_dry,24,,,,H2_dominant,-0.6985704404930028,0.5909090909090908,,,1.0
SJ900_dry,25,,,,H2_dominant,-0.6985704404930028,0.5909090909090908,,,1.0
SJ900_dry,26,,,,H2_dominant,-0.6985704404930028,0.5909090909090908,,,1.0
SJ900_dry,27,,,,H2_dominant,-0.6985704404930028,0.5909090909090908,,,1.0
SJ900_dry,28,,,,H2_dominant,-0.6985704404930028,0.5909090909090908,,,1.0
SJ900_dry,29,,,,H2_dominant,-0.6985704404930028,0.5909090909090908,,,1.0
SJ900_dry,30,,,,H2_dominant,-0.6985704404930028,0.5909090909090908,,,1.0
SJ900_dry,31,,,,H2_dominant,-0.6985704404930028,0.5909090909090908,,,1.0
SJ900_dry,32,,,,H2_dominant,-0.6985704404930028,0.5909090909090908,,,1.0
SJ900_dry,33,,,,H2_dominant,-0.6985704404930028,0.5909090909090908,,,1.0
SJ900_dry,34,,,,H2_dominant,-0.6985704404930028,0.5909090909090908,,,1.0
SJ900_dry,35,,,,H2_dominant,-0.6985704404930028,0.5909090909090908,,,1.0
SJ900_dry,36,,,,H2_dominant,-0.6985704404930028,0.5909090909090908,,,1.0
SJ900_dry,37,,,,H2_dominant,-0.6985704404930028,0.5909090909090908,,,1.0
SJ900_dry,38,,,,H2_dominant,-0.6985704404930028,0.5909090909090908,,,1.0
SJ900_dry,39,,,,H2_dominant,-0.6985704404930028,0.5909090909090908,,,1.0
SJ900_dry,40,,,,H2_dominant,-0.6985704404930028,0.5909090909090908,,,1.0
SJ900_dry,41,,,,H2_dominant,-0.6985704404930028,0.5909090909090908,,,1.0
SJ900_dry,42,,,,H2_dominant,-0.6985704404930028,0.5909090909090908,,,1.0
SJ900_dry,43,,,,H2_dominant,-0.6985704404930028,0.5909090909090908,,,1.0
SJ900_dry,44,,,,H2_dominant,-0.6985704404930028,0.5909090909090908,,,1.0
SJ900_dry,45,,,,H2_dominant,-0.6985704404930028,0.5909090909090908,,,1.0
SJ900_dry,46,,,,H2_dominant,-0.6985704404930028,0.5909090909090908,,,1.0
SJ900_dry,47,,,,H2_dominant,-0.6985704404930028,0.5909090909090908,,,1.0
SJ900_dry,48,,,,H2_dominant,-0.6985704404930028,0.5909090909090908,,,1.0
SJ900_dry,49,,,,H2_dominant,-0.6985704404930028,0.5909090909090908,,,1.0
SJ900_dry,50,,,,H2_dominant,-0.6985704404930028,0.5909090909090908,,,1.0
SJ900_dry,51,,,,H2_dominant,-0.6985704404930028,0.5909090909090908,,,1.0
SJ900_dry,52,,,,H2_dominant,-0.6985704404930028,0.5909090909090908,,,1.0
SJ900_dry,53,,,,H2_dominant,-0.6985704404930028,0.5909090909090908,,,1.0
SJ900_dry,54,,,,H2_dominant,-0.6985704404930028,0.5909090909090908,,,1.0
SJ900_dry,55,,,,H2_dominant,-0.6985704404930028,0.5909090909090908,,,1.0
SJ900_dry,56,,,,H2_dominant,-0.6985704404930028,0.5909090909090908,,,1.0
SJ900_dry,57,,,,H2_dominant,-0.6985704404930028,0.5909090909090908,,,1.0
SJ900_dry,58,,,,H2_dominant,-0.6985704404930028,0.5909090909090908,,,1.0
SJ900_dry,59,,,,H2_dominant,-0.6985704404930028,0.5909090909090908,,,1.0
SJ900_dry,60,,,,H2_dominant,-0.6985704404930028,0.5909090909090908,,,1.0
SJ900_dry,61,,,,H2_dominant,-0.6985704404930028,0.5909090909090908,,,1.0
SJ900_dry,62,,,,H2_dominant,-0.6985704404930028,0.5909090909090908,,,1.0
SJ900_dry,63,,,,H2_dominant,-0.6985704404930028,0.5909090909090908,,,1.0
SJ900_dry,64,,,,H2_dominant,-0.6985704404930028,0.5909090909090908,,,1.0
SJ900_dry,65,,,,H2_dominant,-0.6985704404930028,0.5909090909090908,,,1.0
SJ900_dry,66,,,,H2_dominant,-0.6985704404930028,0.5909090909090908,,,1.0
SJ900_dry,67,,,,H2_dominant,-0.6985704404930028,0.5909090909090908,,,1.0
SJ900_dry,68,,,,H2_dominant,-0.6985704404930028,0.5909090909090908,,,1.0
SJ900_dry,69,,,,H2_dominant,-0.6985704404930028,0.5909090909090908,,,1.0
SJ900_dry,70,,,,H2_dominant,-0.6985704404930028,0.5909090909090908,,,1.0
SJ900_dry,71,,,,H2_dominant,-0.6985704404930028,0.5909090909090908,,,1.0
SJ900_dry,72,,,,H2_dominant,-0.6985704404930028,0.5909090909090908,,,1.0
SJ900_dry,73,,,,H2_dominant,-0.6985704404930028,0.5909090909090908,,,1.0
SJ900_dry,74,,,,H2_dominant,-0.6985704404930028,0.5909090909090908,,,1.0
SJ900_dry,75,,,,H2_dominant,-0.6985704404930028,0.5909090909090908,,,1.0
SJ900_dry,76,,,,H2_dominant,-0.6985704404930028,0.5909090909090908,,,1.0
SJ900_dry,77,,,,H2_dominant,-0.6985704404930028,0.5909090909090908,,,1.0
SJ900_dry,78,,,,H2_dominant,-0.6985704404930028,0.5909090909090908,,,1.0
SJ900_dry,79,,,,H2_dominant,-0.6985704404930028,0.5909090909090908,,,1.0
SJ900_dry,80,,,,H2_dominant,-0.6985704404930028,0.5909090909090908,,,1.0
SJ900_dry,81,,,,H2_dominant,-0.6985704404930028,0.5909090909090908,,,1.0
SJ900_dry,82,,,,H2_dominant,-0.6985704404930028,0.5909090909090908,,,1.0
SJ900_dry,83,,,,H2_dominant,-0.6985704404930028,0.5909090909090908,,,1.0
SJ900_dry,84,,,,H2_dominant,-0.6985704404930028,0.5909090909090908,,,1.0
SJ900_dry,85,,,,H2_dominant,-0.6985704404930028,0.5909090909090908,,,1.0
SJ900_dry,86,,,,H2_dominant,-0.6985704404930028,0.5909090909090908,,,1.0
SJ900_dry,87,,,,H2_dominant,-0.6985704404930028,0.5909090909090908,,,1.0
SJ900_dry,88,,,,H2_dominant,-0.6985704404930028,0.5909090909090908,,,1.0
SJ900_dry,89,,,,H2_dominant,-0.6985704404930028,0.5909090909090908,,,1.0
SJ900_dry,90,,,,H2_dominant,-0.6985704404930028,0.5909090909090908,,,1.0
SJ900_dry,91,,,,H2_dominant,-0.6985704404930028,0.5909090909090908,,,1.0
SJ900_dry,92,,,,H2_dominant,-0.6985704404930028,0.5909090909090908,,,1.0
SJ900_dry,93,,,,H2_dominant,-0.6985704404930028,0.5909090909090908,,,1.0
SJ900_dry,94,,,,H2_dominant,-0.6985704404930028,0.5909090909090908,,,1.0
SJ900_dry,95,,,,H2_dominant,-0.6985704404930028,0.5909090909090908,,,1.0
SJ900_dry,96,,,,H2_dominant,-0.6985704404930028,0.5909090909090908,,,1.0
SJ900_dry,97,,,,H2_dominant,-0.6985704404930028,0.5909090909090908,,,1.0
SJ900_dry,98,,,,H2_dominant,-0.6985704404930028,0.5909090909090908,,,1.0
SJ900_dry,99,,,,H2_dominant,-0.6985704404930028,0.5909090909090908,,,1.0
SJ900_dry,100,,,,H2_dominant,-0.6985704404930028,0.5909090909090908,,,1.0
SJ900_dry,101,,,,H2_dominant,-0.6985704404930028,0.5909090909090908,,,1.0
SJ900_dry,102,,,,H2_dominant,-0.6985704404930028,0.5909090909090908,,,1.0
SJ900_dry,103,,,,H2_dominant,-0.6985704404930028,0.5909090909090908,,,1.0
SJ900_dry,104,,,,H2_dominant,-0.6985704404930028,0.5909090909090908,,,1.0
SJ900_dry,105,,,,H2_dominant,-0.6985704404930028,0.5909090909090908,,,1.0
SJ900_dry,106,,,,H2_dominant,-0.6985704404930028,0.5909090909090908,,,1.0
SJ900_dry,107,,,,H2_dominant,-0.6985704404930028,0.5909090909090908,,,1.0
SJ900_dry,108,,,,H2_dominant,-0.6985704404930028,0.5909090909090908,,,1.0
SJ900_dry,109,,,,H2_dominant,-0.6985704404930028,0.5909090909090908,,,1.0
SJ900_dry,110,,,,H2_dominant,-0.6985704404930028,0.5909090909090908,,,1.0
SJ900_dry,111,,,,H2_dominant,-0.6985704404930028,0.5909090909090908,,,1.0
SJ900_dry,112,,,,H2_dominant,-0.6985704404930028,0.5909090909090908,,,1.0
SJ900_dry,113,,,,H2_dominant,-0.6985704404930028,0.5909090909090908,,,1.0
SJ900_dry,114,,,,H2_dominant,-0.6985704404930028,0.5909090909090908,,,1.0
SJ900_dry,115,,,,H2_dominant,-0.6985704404930028,0.5909090909090908,,,1.0
SJ900_dry,116,,,,H2_dominant,-0.6985704404930028,0.5909090909090908,,,1.0
SJ900_dry,117,,,,H2_dominant,-0.6985704404930028,0.5909090909090908,,,1.0
SJ900_dry,118,,,,H2_dominant,-0.6985704404930028,0.5909090909090908,,,1.0
SJ900_dry,119,,,,H2_dominant,-0.6985704404930028,0.5909090909090908,,,1.0
SJ900_dry,120,,,,H2_dominant,-0.6985704404930028,0.5909090909090908,,,1.0
SJ900_dry,121,,,,H2_dominant,-0.6985704404930028,0.5909090909090908,,,1.0
SJ900_dry,122,,,,H2_dominant,-0.6985704404930028,0.5909090909090908,,,1.0
SJ900_dry,123,,,,H2_dominant,-0.6985704404930028,0.5909090909090908,,,1.0
SJ900_dry,124,,,,H2_dominant,-0.6985704404930028,0.5909090909090908,,,1.0
SJ900_dry,125,,,,H2_dominant,-0.6985704404930028,0.5909090909090908,,,1.0
SJ900_dry,126,,,,H2_dominant,-0.6985704404930028,0.5909090909090908,,,1.0
SJ900_dry,127,,,,H2_dominant,-0.6985704404930028,0.5909090909090908,,,1.0
SJ900_dry,128,,,,H2_dominant,-0.6985704404930028,0.5909090909090908,,,1.0
SJ900_dry,129,,,,H2_dominant,-0.6985704404930028,0.5909090909090908,,,1.0
SJ900_dry,130,,,,H2_dominant,-0.6985704404930028,0.5909090909090908,,,1.0
SJ900_dry,131,,,,H2_dominant,-0.6985704404930028,0.5909090909090908,,,1.0
SJ900_dry,132,,,,H2_dominant,-0.6985704404930028,0.5909090909090908,,,1.0
SJ900_dry,133,,,,H2_dominant,-0.6985704404930028,0.5909090909090908,,,1.0
SJ900_dry,134,,,,H2_dominant,-0.6985704404930028,0.5909090909090908,,,1.0
SJ900_dry,135,,,,H2_dominant,-0.6985704404930028,0.5909090909090908,,,1.0
SJ900_dry,136,,,,H2_dominant,-0.6985704404930028,0.5909090909090908,,,1.0
SJ900_dry,137,,,,H2_dominant,-0.6985704404930028,0.5909090909090908,,,1.0
SJ900_dry,138,,,,H2_dominant,-0.6985704404930028,0.5909090909090908,,,1.0
SJ900_dry,139,,,,H2_dominant,-0.6985704404930028,0.5909090909090908,,,1.0
SJ900_dry,140,,,,H2_dominant,-0.6985704404930028,0.5909090909090908,,,1.0
SJ900_dry,141,,,,H2_dominant,-0.6985704404930028,0.5909090909090908,,,1.0
SJ900_dry,142,,,,H2_dominant,-0.6985704404930028,0.5909090909090908,,,1.0
SJ900_dry,143,,,,H2_dominant,-0.6985704404930028,0.5909090909090908,,,1.0
SJ900_dry,144,,,,H2_dominant,-0.6985704404930028,0.5909090909090908,,,1.0
SJ900_dry,145,,,,H2_dominant,-0.6985704404930028,0.5909090909090908,,,1.0
SJ900_dry,146,,,,H2_dominant,-0.6985704404930028,0.5909090909090908,,,1.0
SJ900_dry,147,,,,H2_dominant,-0.6985704404930028,0.5909090909090908,,,1.0
SJ900_dry,148,,,,H2_dominant,-0.6985704404930028,0.5909090909090908,,,1.0
SJ900_dry,149,,,,H2_dominant,-0.6985704404930028,0.5909090909090908,,,1.0
SJ900_dry,150,,,,H2_dominant,-0.6985704404930028,0.5909090909090908,,,1.0
SJ900_dry,151,,,,H2_dominant,-0.6985704404930028,0.5909090909090908,,,1.0
SJ900_dry,152,,,,H2_dominant,-0.6985704404930028,0.5909090909090908,,,1.0
SJ900_dry,153,,,,H2_dominant,-0.6985704404930028,0.5909090909090908,,,1.0
SJ900_dry,154,,,,H2_dominant,-0.6985704404930028,0.5909090909090908,,,1.0
SJ900_dry,155,,,,H2_dominant,-0.6985704404930028,0.5909090909090908,,,1.0
SJ900_dry,156,,,,H2_dominant,-0.6985704404930028,0.5909090909090908,,,1.0
SJ1300_dry,1,,,,H2_dominant,-0.5068612573742416,0.5909090909090908,,,
SJ1300_dry,2,,,,H2_dominant,-0.5068612573742416,0.5909090909090908,,,1.0
SJ1300_dry,3,,,,H2_dominant,-0.5068612573742416,0.5909090909090908,,,1.0
SJ1300_dry,4,,,,H2_dominant,-0.5068612573742416,0.5909090909090908,,,1.0
SJ1300_dry,5,,,,H2_dominant,-0.5068612573742416,0.5909090909090908,,,1.0
SJ1300_dry,6,,,,H2_dominant,-0.5068612573742416,0.5909090909090908,,,1.0
SJ1300_dry,7,,,,H2_dominant,-0.5068612573742416,0.5909090909090908,,,1.0
SJ1300_dry,8,,,,H2_dominant,-0.5068612573742416,0.5909090909090908,,,1.0
SJ1300_dry,9,,,,H2_dominant,-0.5068612573742416,0.5909090909090908,,,1.0
SJ1300_dry,10,,,,H2_dominant,-0.5068612573742416,0.5909090909090908,,,1.0
SJ1300_dry,11,,,,H2_dominant,-0.5068612573742416,0.5909090909090908,,,1.0
SJ1300_dry,12,,,,H2_dominant,-0.5068612573742416,0.5909090909090908,,,1.0
SJ1300_dry,13,,,,H2_dominant,-0.5068612573742416,0.5909090909090908,,,1.0
SJ1300_dry,14,,,,H2_dominant,-0.5068612573742416,0.5909090909090908,,,1.0
SJ1300_dry,15,,,,H2_dominant,-0.5068612573742416,0.5909090909090908,,,1.0
SJ1300_dry,16,,,,H2_dominant,-0.5068612573742416,0.5909090909090908,,,1.0
SJ1300_dry,17,,,,H2_dominant,-0.5068612573742416,0.5909090909090908,,,1.0
SJ1300_dry,18,,,,H2_dominant,-0.5068612573742416,0.5909090909090908,,,1.0
SJ1300_dry,19,,,,H2_dominant,-0.5068612573742416,0.5909090909090908,,,1.0
SJ1300_dry,20,,,,H2_dominant,-0.5068612573742416,0.5909090909090908,,,1.0
SJ1300_dry,21,,,,H2_dominant,-0.5068612573742416,0.5909090909090908,,,1.0
SJ1300_dry,22,,,,H2_dominant,-0.5068612573742416,0.5909090909090908,,,1.0
SJ1300_dry,23,,,,H2_dominant,-0.5068612573742416,0.5909090909090908,,,1.0
SJ1300_dry,24,,,,H2_dominant,-0.5068612573742416,0.5909090909090908,,,1.0
SJ1300_dry,25,,,,H2_dominant,-0.5068612573742416,0.5909090909090908,,,1.0
SJ1300_dry,26,,,,H2_dominant,-0.5068612573742416,0.5909090909090908,,,1.0
SJ1300_dry,27,,,,H2_dominant,-0.5068612573742416,0.5909090909090908,,,1.0
SJ1300_dry,28,,,,H2_dominant,-0.5068612573742416,0.5909090909090908,,,1.0
SJ1300_dry,29,,,,H2_dominant,-0.5068612573742416,0.5909090909090908,,,1.0
SJ1300_dry,30,,,,H2_dominant,-0.5068612573742416,0.5909090909090908,,,1.0
SJ1300_dry,31,,,,H2_dominant,-0.5068612573742416,0.5909090909090908,,,1.0
SJ1300_dry,32,,,,H2_dominant,-0.5068612573742416,0.5909090909090908,,,1.0
SJ1300_dry,33,,,,H2_dominant,-0.5068612573742416,0.5909090909090908,,,1.0
SJ1300_dry,34,,,,H2_dominant,-0.5068612573742416,0.5909090909090908,,,1.0
SJ1300_dry,35,,,,H2_dominant,-0.5068612573742416,0.5909090909090908,,,1.0
SJ1300_dry,36,,,,H2_dominant,-0.5068612573742416,0.5909090909090908,,,1.0
SJ1300_dry,37,,,,H2_dominant,-0.5068612573742416,0.5909090909090908,,,1.0
SJ1300_dry,38,,,,H2_dominant,-0.5068612573742416,0.5909090909090908,,,1.0
SJ1300_dry,39,,,,H2_dominant,-0.5068612573742416,0.5909090909090908,,,1.0
SJ1300_dry,40,,,,H2_dominant,-0.5068612573742416,0.5909090909090908,,,1.0
SJ1300_dry,41,,,,H2_dominant,-0.5068612573742416,0.5909090909090908,,,1.0
SJ1300_dry,42,,,,H2_dominant,-0.5068612573742416,0.5909090909090908,,,1.0
SJ1300_dry,43,,,,H2_dominant,-0.5068612573742416,0.5909090909090908,,,1.0
SJ1300_dry,44,,,,H2_dominant,-0.5068612573742416,0.5909090909090908,,,1.0
SJ1300_dry,45,,,,H2_dominant,-0.5068612573742416,0.5909090909090908,,,1.0
SJ1300_dry,46,,,,H2_dominant,-0.5068612573742416,0.5909090909090908,,,1.0
SJ1300_dry,47,,,,H2_dominant,-0.5068612573742416,0.5909090909090908,,,1.0
SJ1300_dry,48,,,,H2_dominant,-0.5068612573742416,0.5909090909090908,,,1.0
SJ1300_dry,49,,,,H2_dominant,-0.5068612573742416,0.5909090909090908,,,1.0
SJ1300_dry,50,,,,H2_dominant,-0.5068612573742416,0.5909090909090908,,,1.0
SJ1300_dry,51,,,,H2_dominant,-0.5068612573742416,0.5909090909090908,,,1.0
SJ1300_dry,52,,,,H2_dominant,-0.5068612573742416,0.5909090909090908,,,1.0
SJ1300_dry,53,,,,H2_dominant,-0.5068612573742416,0.5909090909090908,,,1.0
SJ1300_dry,54,,,,H2_dominant,-0.5068612573742416,0.5909090909090908,,,1.0
SJ1300_dry,55,,,,H2_dominant,-0.5068612573742416,0.5909090909090908,,,1.0
SJ1300_dry,56,,,,H2_dominant,-0.5068612573742416,0.5909090909090908,,,1.0
SJ1300_dry,57,,,,H2_dominant,-0.5068612573742416,0.5909090909090908,,,1.0
SJ1300_dry,58,,,,H2_dominant,-0.5068612573742416,0.5909090909090908,,,1.0
SJ1300_dry,59,,,,H2_dominant,-0.5068612573742416,0.5909090909090908,,,1.0
SJ1300_dry,60,,,,H2_dominant,-0.5068612573742416,0.5909090909090908,,,1.0
SJ1300_dry,61,,,,H2_dominant,-0.5068612573742416,0.5909090909090908,,,1.0
SJ1300_dry,62,,,,H2_dominant,-0.5068612573742416,0.5909090909090908,,,1.0
SJ1300_dry,63,,,,H2_dominant,-0.5068612573742416,0.5909090909090908,,,1.0
SJ1300_dry,64,,,,H2_dominant,-0.5068612573742416,0.5909090909090908,,,1.0
SJ1300_dry,65,,,,H2_dominant,-0.5068612573742416,0.5909090909090908,,,1.0
SJ1300_dry,66,,,,H2_dominant,-0.5068612573742416,0.5909090909090908,,,1.0
SJ1300_dry,67,,,,H2_dominant,-0.5068612573742416,0.5909090909090908,,,1.0
SJ1300_dry,68,,,,H2_dominant,-0.5068612573742416,0.5909090909090908,,,1.0
SJ1300_dry,69,,,,H2_dominant,-0.5068612573742416,0.5909090909090908,,,1.0
SJ1300_dry,70,,,,H2_dominant,-0.5068612573742416,0.5909090909090908,,,1.0
SJ1300_dry,71,,,,H2_dominant,-0.5068612573742416,0.5909090909090908,,,1.0
SJ1300_dry,72,,,,H2_dominant,-0.5068612573742416,0.5909090909090908,,,1.0
SJ1300_dry,73,,,,H2_dominant,-0.5068612573742416,0.5909090909090908,,,1.0
SJ1300_dry,74,,,,H2_dominant,-0.5068612573742416,0.5909090909090908,,,1.0
SJ1300_dry,75,,,,H2_dominant,-0.5068612573742416,0.5909090909090908,,,1.0
SJ1300_dry,76,,,,H2_dominant,-0.5068612573742416,0.5909090909090908,,,1.0
SJ1300_dry,77,,,,H2_dominant,-0.5068612573742416,0.5909090909090908,,,1.0
SJ1300_dry,78,,,,H2_dominant,-0.5068612573742416,0.5909090909090908,,,1.0
SJ1300_dry,79,,,,H2_dominant,-0.5068612573742416,0.5909090909090908,,,1.0
SJ1300_dry,80,,,,H2_dominant,-0.5068612573742416,0.5909090909090908,,,1.0
SJ1300_dry,81,,,,H2_dominant,-0.5068612573742416,0.5909090909090908,,,1.0
SJ1300_dry,82,,,,H2_dominant,-0.5068612573742416,0.5909090909090908,,,1.0
SJ1300_dry,83,,,,H2_dominant,-0.5068612573742416,0.5909090909090908,,,1.0
SJ1300_dry,84,,,,H2_dominant,-0.5068612573742416,0.5909090909090908,,,1.0
SJ1300_dry,85,,,,H2_dominant,-0.5068612573742416,0.5909090909090908,,,1.0
SJ1300_dry,86,,,,H2_dominant,-0.5068612573742416,0.5909090909090908,,,1.0
SJ1300_dry,87,,,,H2_dominant,-0.5068612573742416,0.5909090909090908,,,1.0
SJ1300_dry,88,,,,H2_dominant,-0.5068612573742416,0.5909090909090908,,,1.0
SJ1300_dry,89,,,,H2_dominant,-0.5068612573742416,0.5909090909090908,,,1.0
SJ1300_dry,90,,,,H2_dominant,-0.5068612573742416,0.5909090909090908,,,1.0
SJ1300_dry,91,,,,H2_dominant,-0.5068612573742416,0.5909090909090908,,,1.0
SJ1300_dry,92,,,,H2_dominant,-0.5068612573742416,0.5909090909090908,,,1.0
SJ1300_dry,93,,,,H2_dominant,-0.5068612573742416,0.5909090909090908,,,1.0
SJ1300_dry,94,,,,H2_dominant,-0.5068612573742416,0.5909090909090908,,,1.0
SJ1300_dry,95,,,,H2_dominant,-0.5068612573742416,0.5909090909090908,,,1.0
SJ1300_dry,96,,,,H2_dominant,-0.5068612573742416,0.5909090909090908,,,1.0
SJ1300_dry,97,,,,H2_dominant,-0.5068612573742416,0.5909090909090908,,,1.0
SJ1300_dry,98,,,,H2_dominant,-0.5068612573742416,0.5909090909090908,,,1.0
SJ1300_dry,99,,,,H2_dominant,-0.5068612573742416,0.5909090909090908,,,1.0
SJ1300_dry,100,,,,H2_dominant,-0.5068612573742416,0.5909090909090908,,,1.0
SJ1300_dry,101,,,,H2_dominant,-0.5068612573742416,0.5909090909090908,,,1.0
SJ1300_dry,102,,,,H2_dominant,-0.5068612573742416,0.5909090909090908,,,1.0
SJ1300_dry,103,,,,H2_dominant,-0.5068612573742416,0.5909090909090908,,,1.0
SJ1300_dry,104,,,,H2_dominant,-0.5068612573742416,0.5909090909090908,,,1.0
SJ1300_dry,105,,,,H2_dominant,-0.5068612573742416,0.5909090909090908,,,1.0
SJ1300_dry,106,,,,H2_dominant,-0.5068612573742416,0.5909090909090908,,,1.0
SJ1300_dry,107,,,,H2_dominant,-0.5068612573742416,0.5909090909090908,,,1.0
SJ1300_dry,108,,,,H2_dominant,-0.5068612573742416,0.5909090909090908,,,1.0
SJ1300_dry,109,,,,H2_dominant,-0.5068612573742416,0.5909090909090908,,,1.0
SJ1300_dry,110,,,,H2_dominant,-0.5068612573742416,0.5909090909090908,,,1.0
SJ1300_dry,111,,,,H2_dominant,-0.5068612573742416,0.5909090909090908,,,1.0
SJ1300_dry,112,,,,H2_dominant,-0.5068612573742416,0.5909090909090908,,,1.0
SJ1300_dry,113,,,,H2_dominant,-0.5068612573742416,0.5909090909090908,,,1.0
SJ1300_dry,114,,,,H2_dominant,-0.5068612573742416,0.5909090909090908,,,1.0
SJ1300_dry,115,,,,H2_dominant,-0.5068612573742416,0.5909090909090908,,,1.0
SJ1300_dry,116,,,,H2_dominant,-0.5068612573742416,0.5909090909090908,,,1.0
SJ1300_dry,117,,,,H2_dominant,-0.5068612573742416,0.5909090909090908,,,1.0
SJ1300_dry,118,,,,H2_dominant,-0.5068612573742416,0.5909090909090908,,,1.0
SJ1300_dry,119,,,,H2_dominant,-0.5068612573742416,0.5909090909090908,,,1.0
SJ1300_dry,120,,,,H2_dominant,-0.5068612573742416,0.5909090909090908,,,1.0
SJ1300_dry,121,,,,H2_dominant,-0.5068612573742416,0.5909090909090908,,,1.0
SJ1300_dry,122,,,,H2_dominant,-0.5068612573742416,0.5909090909090908,,,1.0
SJ1300_dry,123,,,,H2_dominant,-0.5068612573742416,0.5909090909090908,,,1.0
SJ1300_dry,124,,,,H2_dominant,-0.5068612573742416,0.5909090909090908,,,1.0
SJ1300_dry,125,,,,H2_dominant,-0.5068612573742416,0.5909090909090908,,,1.0
SJ1300_dry,126,,,,H2_dominant,-0.5068612573742416,0.5909090909090908,,,1.0
SJ1300_dry,127,,,,H2_dominant,-0.5068612573742416,0.5909090909090908,,,1.0
SJ1300_dry,128,,,,H2_dominant,-0.5068612573742416,0.5909090909090908,,,1.0
SJ1300_dry,129,,,,H2_dominant,-0.5068612573742416,0.5909090909090908,,,1.0
SJ1300_dry,130,,,,H2_dominant,-0.5068612573742416,0.5909090909090908,,,1.0
SJ1300_dry,131,,,,H2_dominant,-0.5068612573742416,0.5909090909090908,,,1.0
SJ1300_dry,132,,,,H2_dominant,-0.5068612573742416,0.5909090909090908,,,1.0
SJ1300_dry,133,,,,H2_dominant,-0.5068612573742416,0.5909090909090908,,,1.0
SJ1300_dry,134,,,,H2_dominant,-0.5068612573742416,0.5909090909090908,,,1.0
SJ1300_dry,135,,,,H2_dominant,-0.5068612573742416,0.5909090909090908,,,1.0
SJ1300_dry,136,,,,H2_dominant,-0.5068612573742416,0.5909090909090908,,,1.0
SJ1300_dry,137,,,,H2_dominant,-0.5068612573742416,0.5909090909090908,,,1.0
SJ1300_dry,138,,,,H2_dominant,-0.5068612573742416,0.5909090909090908,,,1.0
SJ1300_dry,139,,,,H2_dominant,-0.5068612573742416,0.5909090909090908,,,1.0
SJ1300_dry,140,,,,H2_dominant,-0.5068612573742416,0.5909090909090908,,,1.0
SJ1300_dry,141,,,,H2_dominant,-0.5068612573742416,0.5909090909090908,,,1.0
SJ1300_dry,142,,,,H2_dominant,-0.5068612573742416,0.5909090909090908,,,1.0
SJ1300_dry,143,,,,H2_dominant,-0.5068612573742416,0.5909090909090908,,,1.0
SJ1300_dry,144,,,,H2_dominant,-0.5068612573742416,0.5909090909090908,,,1.0
SJ1300_dry,145,,,,H2_dominant,-0.5068612573742416,0.5909090909090908,,,1.0
SJ1300_dry,146,,,,H2_dominant,-0.5068612573742416,0.5909090909090908,,,1.0
SJ1300_dry,147,,,,H2_dominant,-0.5068612573742416,0.5909090909090908,,,1.0
SJ1300_dry,148,,,,H2_dominant,-0.5068612573742416,0.5909090909090908,,,1.0
SJ1300_dry,149,,,,H2_dominant,-0.5068612573742416,0.5909090909090908,,,1.0
SJ1300_dry,150,,,,H2_dominant,-0.5068612573742416,0.5909090909090908,,,1.0
SJ1300_dry,151,,,,H2_dominant,-0.5068612573742416,0.5909090909090908,,,1.0
SJ1300_dry,152,,,,H2_dominant,-0.5068612573742416,0.5909090909090908,,,1.0
SJ1300_dry,153,,,,H2_dominant,-0.5068612573742416,0.5909090909090908,,,1.0
SJ1300_dry,154,,,,H2_dominant,-0.5068612573742416,0.5909090909090908,,,1.0
SJ1300_dry,155,,,,H2_dominant,-0.5068612573742416,0.5909090909090908,,,1.0
SJ1300_dry,156,,,,H2_dominant,-0.5068612573742416,0.5909090909090908,,,1.0
SJ1300_dry,157,,,,H2_dominant,-0.5068612573742416,0.5909090909090908,,,1.0
SJ1300_dry,158,,,,H2_dominant,-0.5068612573742416,0.5909090909090908,,,1.0
SJ1300_dry,159,,,,H2_dominant,-0.5068612573742416,0.5909090909090908,,,1.0
SJ1300_dry,160,,,,H2_dominant,-0.5068612573742416,0.5909090909090908,,,1.0
SJ1300_dry,161,,,,H2_dominant,-0.5068612573742416,0.5909090909090908,,,1.0
SJ1300_dry,162,,,,H2_dominant,-0.5068612573742416,0.5909090909090908,,,1.0
SJ1300_dry,163,,,,H2_dominant,-0.5068612573742416,0.5909090909090908,,,1.0
SJ1300_dry,164,,,,H2_dominant,-0.5068612573742416,0.5909090909090908,,,1.0
SJ1300_dry,165,,,,H2_dominant,-0.5068612573742416,0.5909090909090908,,,1.0
SJ1300_dry,166,,,,H2_dominant,-0.5068612573742416,0.5909090909090908,,,1.0
SJ1300_dry,167,,,,H2_dominant,-0.5068612573742416,0.5909090909090908,,,1.0
SJ1300_dry,168,,,,H2_dominant,-0.5068612573742416,0.5909090909090908,,,1.0
SJ1300_dry,169,,,,H2_dominant,-0.5068612573742416,0.5909090909090908,,,1.0
SJ1300_dry,170,,,,H2_dominant,-0.5068612573742416,0.5909090909090908,,,1.0
SJ1300_dry,171,,,,H2_dominant,-0.5068612573742416,0.5909090909090908,,,1.0
SJ1300_dry,172,,,,H2_dominant,-0.5068612573742416,0.5909090909090908,,,1.0
SJ1300_dry,173,,,,H2_dominant,-0.5068612573742416,0.5909090909090908,,,1.0
SJ1300_dry,174,,,,H2_dominant,-0.5068612573742416,0.5909090909090908,,,1.0
SJ1300_dry,175,,,,H2_dominant,-0.5068612573742416,0.5909090909090908,,,1.0
SJ1300_dry,176,,,,H2_dominant,-0.5068612573742416,0.5909090909090908,,,1.0
SJ1300_dry,177,,,,H2_dominant,-0.5068612573742416,0.5909090909090908,,,1.0
SJ1300_dry,178,,,,H2_dominant,-0.5068612573742416,0.5909090909090908,,,1.0
SJ1300_dry,179,,,,H2_dominant,-0.5068612573742416,0.5909090909090908,,,1.0
SJ1300_dry,180,,,,H2_dominant,-0.5068612573742416,0.5909090909090908,,,1.0
SJ1300_dry,181,,,,H2_dominant,-0.5068612573742416,0.5909090909090908,,,1.0
SJ1300_dry,182,,,,H2_dominant,-0.5068612573742416,0.5909090909090908,,,1.0
SJ1300_dry,183,,,,H2_dominant,-0.5068612573742416,0.5909090909090908,,,1.0
SJ1300_dry,184,,,,H2_dominant,-0.5068612573742416,0.5909090909090908,,,1.0
SJ1300_dry,185,,,,H2_dominant,-0.5068612573742416,0.5909090909090908,,,1.0
SJ1300_dry,186,,,,H2_dominant,-0.5068612573742416,0.5909090909090908,,,1.0
SJ1300_dry,187,,,,H2_dominant,-0.5068612573742416,0.5909090909090908,,,1.0
SJ1300_dry,188,,,,H2_dominant,-0.5068612573742416,0.5909090909090908,,,1.0
SJ1300_dry,189,,,,H2_dominant,-0.5068612573742416,0.5909090909090908,,,1.0
SJ1300_dry,190,,,,H2_dominant,-0.5068612573742416,0.5909090909090908,,,1.0
SJ1300_dry,191,,,,H2_dominant,-0.5068612573742416,0.5909090909090908,,,1.0
SJ1300_dry,192,,,,H2_dominant,-0.5068612573742416,0.5909090909090908,,,1.0
SJ1300_dry,193,,,,H2_dominant,-0.5068612573742416,0.5909090909090908,,,1.0
SJ1300_dry,194,,,,H2_dominant,-0.5068612573742416,0.5909090909090908,,,1.0
SJ1300_dry,195,,,,H2_dominant,-0.5068612573742416,0.5909090909090908,,,1.0
SJ1300_dry,196,,,,H2_dominant,-0.5068612573742416,0.5909090909090908,,,1.0
SJ1300_dry,197,,,,H2_dominant,-0.5068612573742416,0.5909090909090908,,,1.0
SJ1300_dry,198,,,,H2_dominant,-0.5068612573742416,0.5909090909090908,,,1.0
SJ1300_dry,199,,,,H2_dominant,-0.5068612573742416,0.5909090909090908,,,1.0
SJ1300_dry,200,,,,H2_dominant,-0.5068612573742416,0.5909090909090908,,,1.0
SJ1300_dry,201,,,,H2_dominant,-0.5068612573742416,0.5909090909090908,,,1.0
SJ1300_dry,202,,,,H2_dominant,-0.5068612573742416,0.5909090909090908,,,1.0
SJ1300_dry,203,,,,H2_dominant,-0.5068612573742416,0.5909090909090908,,,1.0
SJ1300_dry,204,,,,H2_dominant,-0.5068612573742416,0.5909090909090908,,,1.0
SJ1300_dry,205,,,,H2_dominant,-0.5068612573742416,0.5909090909090908,,,1.0
SJ1300_dry,206,,,,H2_dominant,-0.5068612573742416,0.5909090909090908,,,1.0
SJ1300_dry,207,,,,H2_dominant,-0.5068612573742416,0.5909090909090908,,,1.0
SJ1300_dry,208,,,,H2_dominant,-0.5068612573742416,0.5909090909090908,,,1.0
SJ1300_dry,209,,,,H2_dominant,-0.5068612573742416,0.5909090909090908,,,1.0
SJ1300_dry,210,,,,H2_dominant,-0.5068612573742416,0.5909090909090908,,,1.0
SJ1300_dry,211,,,,H2_dominant,-0.5068612573742416,0.5909090909090908,,,1.0
SJ1300_dry,212,,,,H2_dominant,-0.5068612573742416,0.5909090909090908,,,1.0
SJ1300_dry,213,,,,H2_dominant,-0.5068612573742416,0.5909090909090908,,,1.0
SJ1300_dry,214,,,,H2_dominant,-0.5068612573742416,0.5909090909090908,,,1.0
SJ1300_dry,215,,,,H2_dominant,-0.5068612573742416,0.5909090909090908,,,1.0
SJ1300_dry,216,,,,H2_dominant,-0.5068612573742416,0.5909090909090908,,,1.0
SJ1300_dry,217,,,,H2_dominant,-0.5068612573742416,0.5909090909090908,,,1.0
SJ1300_dry,218,,,,H2_dominant,-0.5068612573742416,0.5909090909090908,,,1.0
SJ1300_dry,219,,,,H2_dominant,-0.5068612573742416,0.5909090909090908,,,1.0
SJ1300_dry,220,,,,H2_dominant,-0.5068612573742416,0.5909090909090908,,,1.0
SJ1300_dry,221,,,,H2_dominant,-0.5068612573742416,0.5909090909090908,,,1.0
SJ1300_dry,222,,,,H2_dominant,-0.5068612573742416,0.5909090909090908,,,1.0
SJ1300_dry,223,,,,H2_dominant,-0.5068612573742416,0.5909090909090908,,,1.0
SJ1300_dry,224,,,,H2_dominant,-0.5068612573742416,0.5909090909090908,,,1.0
SJ1300_dry,225,,,,H2_dominant,-0.5068612573742416,0.5909090909090908,,,1.0
SJ1300_dry,226,,,,H2_dominant,-0.5068612573742416,0.5909090909090908,,,1.0
SJ1300_dry,227,,,,H2_dominant,-0.5068612573742416,0.5909090909090908,,,1.0
SJ1300_dry,228,,,,H2_dominant,-0.5068612573742416,0.5909090909090908,,,1.0
SJ1300_dry,229,,,,H2_dominant,-0.5068612573742416,0.5909090909090908,,,1.0
SJ1300_dry,230,,,,H2_dominant,-0.5068612573742416,0.5909090909090908,,,1.0
SJ1300_dry,231,,,,H2_dominant,-0.5068612573742416,0.5909090909090908,,,1.0
SJ1300_dry,232,,,,H2_dominant,-0.5068612573742416,0.5909090909090908,,,1.0
SJ1300_dry,233,,,,H2_dominant,-0.5068612573742416,0.5909090909090908,,,1.0
SJ1300_dry,234,,,,H2_dominant,-0.5068612573742416,0.5909090909090908,,,1.0
SJ1300_dry,235,,,,H2_dominant,-0.5068612573742416,0.5909090909090908,,,1.0
SJ1300_dry,236,,,,H2_dominant,-0.5068612573742416,0.5909090909090908,,,1.0
SJ1300_dry,237,,,,H2_dominant,-0.5068612573742416,0.5909090909090908,,,1.0
SJ1300_dry,238,,,,H2_dominant,-0.5068612573742416,0.5909090909090908,,,1.0
SJ1300_dry,239,,,,H2_dominant,-0.5068612573742416,0.5909090909090908,,,1.0
SJ1300_dry,240,,,,H2_dominant,-0.5068612573742416,0.5909090909090908,,,1.0
SJ1300_dry,241,,,,H2_dominant,-0.5068612573742416,0.5909090909090908,,,1.0
SJ1300_dry,242,,,,H2_dominant,-0.5068612573742416,0.5909090909090908,,,1.0
SJ1300_dry,243,,,,H2_dominant,-0.5068612573742416,0.5909090909090908,,,1.0
SJ1300_dry,244,,,,H2_dominant,-0.5068612573742416,0.5909090909090908,,,1.0
SJ1300_dry,245,,,,H2_dominant,-0.5068612573742416,0.5909090909090908,,,1.0
SJ1300_dry,246,,,,H2_dominant,-0.5068612573742416,0.5909090909090908,,,1.0
SJ1300_dry,247,,,,H2_dominant,-0.5068612573742416,0.5909090909090908,,,1.0
SJ1300_dry,248,,,,H2_dominant,-0.5068612573742416,0.5909090909090908,,,1.0
SJ1300_dry,249,,,,H2_dominant,-0.5068612573742416,0.5909090909090908,,,1.0
SJ1300_dry,250,,,,H2_dominant,-0.5068612573742416,0.5909090909090908,,,1.0
SJ1300_dry,251,,,,H2_dominant,-0.5068612573742416,0.5909090909090908,,,1.0
SJ1300_dry,252,,,,H2_dominant,-0.5068612573742416,0.5909090909090908,,,1.0
SJ1300_dry,253,,,,H2_dominant,-0.5068612573742416,0.5909090909090908,,,1.0
SJ1300_dry,254,,,,H2_dominant,-0.5068612573742416,0.5909090909090908,,,1.0
SJ1300_dry,255,,,,H2_dominant,-0.5068612573742416,0.5909090909090908,,,1.0
SJ1300_dry,256,,,,H2_dominant,-0.5068612573742416,0.5909090909090908,,,1.0
SJ1300_dry,257,,,,H2_dominant,-0.5068612573742416,0.5909090909090908,,,1.0
SJ1300_dry,258,,,,H2_dominant,-0.5068612573742416,0.5909090909090908,,,1.0
SJ1300_dry,259,,,,H2_dominant,-0.5068612573742416,0.5909090909090908,,,1.0
SJ1300_dry,260,,,,H2_dominant,-0.5068612573742416,0.5909090909090908,,,1.0
SJ1300_dry,261,,,,H2_dominant,-0.5068612573742416,0.5909090909090908,,,1.0
SJ1300_dry,262,,,,H2_dominant,-0.5068612573742416,0.5909090909090908,,,1.0
SJ1300_dry,263,,,,H2_dominant,-0.5068612573742416,0.5909090909090908,,,1.0
SJ1300_dry,264,,,,H2_dominant,-0.5068612573742416,0.5909090909090908,,,1.0
SJ1300_dry,265,,,,H2_dominant,-0.5068612573742416,0.5909090909090908,,,1.0
SJ1300_dry,266,,,,H2_dominant,-0.5068612573742416,0.5909090909090908,,,1.0
SJ1300_dry,267,,,,H2_dominant,-0.5068612573742416,0.5909090909090908,,,1.0
SJ1300_dry,268,,,,H2_dominant,-0.5068612573742416,0.5909090909090908,,,1.0
SJ1300_dry,269,,,,H2_dominant,-0.5068612573742416,0.5909090909090908,,,1.0
SJ1300_dry,270,,,,H2_dominant,-0.5068612573742416,0.5909090909090908,,,1.0
SJ1300_dry,271,,,,H2_dominant,-0.5068612573742416,0.5909090909090908,,,1.0
SJ1300_dry,272,,,,H2_dominant,-0.5068612573742416,0.5909090909090908,,,1.0
SJ1300_dry,273,,,,H2_dominant,-0.5068612573742416,0.5909090909090908,,,1.0
SJ1300_dry,274,,,,H2_dominant,-0.5068612573742416,0.5909090909090908,,,1.0
SJ1300_dry,275,,,,H2_dominant,-0.5068612573742416,0.5909090909090908,,,1.0
SJ1300_dry,276,,,,H2_dominant,-0.5068612573742416,0.5909090909090908,,,1.0
SJ1300_dry,277,,,,H2_dominant,-0.5068612573742416,0.5909090909090908,,,1.0
SJ1300_dry,278,,,,H2_dominant,-0.5068612573742416,0.5909090909090908,,,1.0
SJ1300_dry,279,,,,H2_dominant,-0.5068612573742416,0.5909090909090908,,,1.0
SJ1300_dry,280,,,,H2_dominant,-0.5068612573742416,0.5909090909090908,,,1.0
SJ1300_dry,281,,,,H2_dominant,-0.5068612573742416,0.5909090909090908,,,1.0
SJ1300_dry,282,,,,H2_dominant,-0.5068612573742416,0.5909090909090908,,,1.0
SJ1300_dry,283,,,,H2_dominant,-0.5068612573742416,0.5909090909090908,,,1.0
SJ1300_dry,284,,,,H2_dominant,-0.5068612573742416,0.5909090909090908,,,1.0
SJ1300_dry,285,,,,H2_dominant,-0.5068612573742416,0.5909090909090908,,,1.0
SJ1300_dry,286,,,,H2_dominant,-0.5068612573742416,0.5909090909090908,,,1.0
SJ1300_dry,287,,,,H2_dominant,-0.5068612573742416,0.5909090909090908,,,1.0
SJ1300_dry,288,,,,H2_dominant,-0.5068612573742416,0.5909090909090908,,,1.0
SJ1300_dry,289,,,,H2_dominant,-0.5068612573742416,0.5909090909090908,,,1.0
SJ1300_dry,290,,,,H2_dominant,-0.5068612573742416,0.5909090909090908,,,1.0
SJ1300_dry,291,,,,H2_dominant,-0.5068612573742416,0.5909090909090908,,,1.0
SJ1300_dry,292,,,,H2_dominant,-0.5068612573742416,0.5909090909090908,,,1.0
SJ1300_dry,293,,,,H2_dominant,-0.5068612573742416,0.5909090909090908,,,1.0
SJ1300_dry,294,,,,H2_dominant,-0.5068612573742416,0.5909090909090908,,,1.0
SJ1300_dry,295,,,,H2_dominant,-0.5068612573742416,0.5909090909090908,,,1.0
SJ1300_dry,296,,,,H2_dominant,-0.5068612573742416,0.5909090909090908,,,1.0
SJ1300_dry,297,,,,H2_dominant,-0.5068612573742416,0.5909090909090908,,,1.0
SJ1300_dry,298,,,,H2_dominant,-0.5068612573742416,0.5909090909090908,,,1.0
SJ1300_dry,299,,,,H2_dominant,-0.5068612573742416,0.5909090909090908,,,1.0
SJ1300_dry,300,,,,H2_dominant,-0.5068612573742416,0.5909090909090908,,,1.0
SJ1300_dry,301,,,,H2_dominant,-0.5068612573742416,0.5909090909090908,,,1.0
SJ1300_dry,302,,,,H2_dominant,-0.5068612573742416,0.5909090909090908,,,1.0
SJ1300_dry,303,,,,H2_dominant,-0.5068612573742416,0.5909090909090908,,,1.0
SJ1300_dry,304,,,,H2_dominant,-0.5068612573742416,0.5909090909090908,,,1.0
SJ1300_dry,305,,,,H2_dominant,-0.5068612573742416,0.5909090909090908,,,1.0
SJ1300_dry,306,,,,H2_dominant,-0.5068612573742416,0.5909090909090908,,,1.0
SJ1300_dry,307,,,,H2_dominant,-0.5068612573742416,0.5909090909090908,,,1.0
SJ1300_dry,308,,,,H2_dominant,-0.5068612573742416,0.5909090909090908,,,1.0
SJ1300_dry,309,,,,H2_dominant,-0.5068612573742416,0.5909090909090908,,,1.0
SJ1300_dry,310,,,,H2_dominant,-0.5068612573742416,0.5909090909090908,,,1.0
SJ1300_dry,311,,,,H2_dominant,-0.5068612573742416,0.5909090909090908,,,1.0
SJ1300_dry,312,,,,H2_dominant,-0.5068612573742416,0.5909090909090908,,,1.0
SJ1300_dry,313,,,,H2_dominant,-0.5068612573742416,0.5909090909090908,,,1.0
SJ1300_dry,314,,,,H2_dominant,-0.5068612573742416,0.5909090909090908,,,1.0
SJ1300_dry,315,,,,H2_dominant,-0.5068612573742416,0.5909090909090908,,,1.0
SJ1300_dry,316,,,,H2_dominant,-0.5068612573742416,0.5909090909090908,,,1.0
SJ1300_dry,317,,,,H2_dominant,-0.5068612573742416,0.5909090909090908,,,1.0
SJ1300_dry,318,,,,H2_dominant,-0.5068612573742416,0.5909090909090908,,,1.0
SJ1300_dry,319,,,,H2_dominant,-0.5068612573742416,0.5909090909090908,,,1.0
SJ1300_dry,320,,,,H2_dominant,-0.5068612573742416,0.5909090909090908,,,1.0
SJ1300_dry,321,,,,H2_dominant,-0.5068612573742416,0.5909090909090908,,,1.0
SJ1300_dry,322,,,,H2_dominant,-0.5068612573742416,0.5909090909090908,,,1.0
SJ1300_dry,323,,,,H2_dominant,-0.5068612573742416,0.5909090909090908,,,1.0
SJ1300_dry,324,,,,H2_dominant,-0.5068612573742416,0.5909090909090908,,,1.0
SJ1300_dry,325,,,,H2_dominant,-0.5068612573742416,0.5909090909090908,,,1.0
SJ1300_dry,326,,,,H2_dominant,-0.5068612573742416,0.5909090909090908,,,1.0
SJ1300_dry,327,,,,H2_dominant,-0.5068612573742416,0.5909090909090908,,,1.0
SJ1300_dry,328,,,,H2_dominant,-0.5068612573742416,0.5909090909090908,,,1.0
SJ1300_dry,329,,,,H2_dominant,-0.5068612573742416,0.5909090909090908,,,1.0
SJ1300_dry,330,,,,H2_dominant,-0.5068612573742416,0.5909090909090908,,,1.0
SJ1300_dry,331,,,,H2_dominant,-0.5068612573742416,0.5909090909090908,,,1.0
SJ1300_dry,332,,,,H2_dominant,-0.5068612573742416,0.5909090909090908,,,1.0
SJ1300_dry,333,,,,H2_dominant,-0.5068612573742416,0.5909090909090908,,,1.0
SJ1300_dry,334,,,,H2_dominant,-0.5068612573742416,0.5909090909090908,,,1.0
SJ1300_dry,335,,,,H2_dominant,-0.5068612573742416,0.5909090909090908,,,1.0
SJ1300_dry,336,,,,H2_dominant,-0.5068612573742416,0.5909090909090908,,,1.0
SJ1300_dry,337,,,,H2_dominant,-0.5068612573742416,0.5909090909090908,,,1.0
SJ1300_dry,338,,,,H2_dominant,-0.5068612573742416,0.5909090909090908,,,1.0
SJ1300_dry,339,,,,H2_dominant,-0.5068612573742416,0.5909090909090908,,,1.0
SJ1300_dry,340,,,,H2_dominant,-0.5068612573742416,0.5909090909090908,,,1.0
SJ1300_dry,341,,,,H2_dominant,-0.5068612573742416,0.5909090909090908,,,1.0
SJ1300_dry,342,,,,H2_dominant,-0.5068612573742416,0.5909090909090908,,,1.0
SJ1300_dry,343,,,,H2_dominant,-0.5068612573742416,0.5909090909090908,,,1.0
SJ1300_dry,344,,,,H2_dominant,-0.5068612573742416,0.5909090909090908,,,1.0
SJ1300_dry,345,,,,H2_dominant,-0.5068612573742416,0.5909090909090908,,,1.0
SJ1300_dry,346,,,,H2_dominant,-0.5068612573742416,0.5909090909090908,,,1.0
SJ1300_dry,347,,,,H2_dominant,-0.5068612573742416,0.5909090909090908,,,1.0
SJ1300_dry,348,,,,H2_dominant,-0.5068612573742416,0.5909090909090908,,,1.0
SJ1300_dry,349,,,,H2_dominant,-0.5068612573742416,0.5909090909090908,,,1.0
SJ1300_dry,350,,,,H2_dominant,-0.5068612573742416,0.5909090909090908,,,1.0
SJ1300_dry,351,,,,H2_dominant,-0.5068612573742416,0.5909090909090908,,,1.0
SJ1300_dry,352,,,,H2_dominant,-0.5068612573742416,0.5909090909090908,,,1.0
SJ1300_dry,353,,,,H2_dominant,-0.5068612573742416,0.5909090909090908,,,1.0
SJ1300_dry,354,,,,H2_dominant,-0.5068612573742416,0.5909090909090908,,,1.0
SJ1300_dry,355,,,,H2_dominant,-0.5068612573742416,0.5909090909090908,,,1.0
SJ1300_dry,356,,,,H2_dominant,-0.5068612573742416,0.5909090909090908,,,1.0
SJ1300_dry,357,,,,H2_dominant,-0.5068612573742416,0.5909090909090908,,,1.0
SJ1300_dry,358,,,,H2_dominant,-0.5068612573742416,0.5909090909090908,,,1.0
SJ1300_dry,359,,,,H2_dominant,-0.5068612573742416,0.5909090909090908,,,1.0
SJ1300_dry,360,,,,H2_dominant,-0.5068612573742416,0.5909090909090908,,,1.0
SJ1300_dry,361,,,,H2_dominant,-0.5068612573742416,0.5909090909090908,,,1.0
SJ1300_dry,362,,,,H2_dominant,-0.5068612573742416,0.5909090909090908,,,1.0
SJ1300_dry,363,,,,H2_dominant,-0.5068612573742416,0.5909090909090908,,,1.0
SJ1300_dry,364,,,,H2_dominant,-0.5068612573742416,0.5909090909090908,,,1.0
SJ1300_dry,365,,,,H2_dominant,-0.5068612573742416,0.5909090909090908,,,1.0
SJ1300_dry,366,,,,H2_dominant,-0.5068612573742416,0.5909090909090908,,,1.0
SJ1300_dry,367,,,,H2_dominant,-0.5068612573742416,0.5909090909090908,,,1.0
SJ1300_dry,368,,,,H2_dominant,-0.5068612573742416,0.5909090909090908,,,1.0
SJ1300_dry,369,,,,H2_dominant,-0.5068612573742416,0.5909090909090908,,,1.0
SJ1300_dry,370,,,,H2_dominant,-0.5068612573742416,0.5909090909090908,,,1.0
SJ1300_dry,371,,,,H2_dominant,-0.5068612573742416,0.5909090909090908,,,1.0
SJ1300_dry,372,,,,H2_dominant,-0.5068612573742416,0.5909090909090908,,,1.0
SJ1300_dry,373,,,,H2_dominant,-0.5068612573742416,0.5909090909090908,,,1.0
SJ1300_dry,374,,,,H2_dominant,-0.5068612573742416,0.5909090909090908,,,1.0
SJ1300_dry,375,,,,H2_dominant,-0.5068612573742416,0.5909090909090908,,,1.0
SJ1300_dry,376,,,,H2_dominant,-0.5068612573742416,0.5909090909090908,,,1.0
SJ1300_dry,377,,,,H2_dominant,-0.5068612573742416,0.5909090909090908,,,1.0
SJ1300_dry,378,,,,H2_dominant,-0.5068612573742416,0.5909090909090908,,,1.0
SJ1300_dry,379,,,,H2_dominant,-0.5068612573742416,0.5909090909090908,,,1.0
SJ1300_dry,380,,,,H2_dominant,-0.5068612573742416,0.5909090909090908,,,1.0
SJ1300_dry,381,,,,H2_dominant,-0.5068612573742416,0.5909090909090908,,,1.0
SJ1300_dry,382,,,,H2_dominant,-0.5068612573742416,0.5909090909090908,,,1.0
SJ1300_dry,383,,,,H2_dominant,-0.5068612573742416,0.5909090909090908,,,1.0
SJ1300_dry,384,,,,H2_dominant,-0.5068612573742416,0.5909090909090908,,,1.0
SJ1300_dry,385,,,,H2_dominant,-0.5068612573742416,0.5909090909090908,,,1.0
SJ1300_dry,386,,,,H2_dominant,-0.5068612573742416,0.5909090909090908,,,1.0
SJ1300_dry,387,,,,H2_dominant,-0.5068612573742416,0.5909090909090908,,,1.0
SJ1300_dry,388,,,,H2_dominant,-0.5068612573742416,0.5909090909090908,,,1.0
SJ1300_dry,389,,,,H2_dominant,-0.5068612573742416,0.5909090909090908,,,1.0
SJ1300_dry,390,,,,H2_dominant,-0.5068612573742416,0.5909090909090908,,,1.0
SJ1300_dry,391,,,,H2_dominant,-0.5068612573742416,0.5909090909090908,,,1.0
SJ1300_dry,392,,,,H2_dominant,-0.5068612573742416,0.5909090909090908,,,1.0
SJ1300_dry,393,,,,H2_dominant,-0.5068612573742416,0.5909090909090908,,,1.0
SJ1300_dry,394,,,,H2_dominant,-0.5068612573742416,0.5909090909090908,,,1.0
SJ1300_dry,395,,,,H2_dominant,-0.5068612573742416,0.5909090909090908,,,1.0
SJ1300_dry,396,,,,H2_dominant,-0.5068612573742416,0.5909090909090908,,,1.0
SJ1300_dry,397,,,,H2_dominant,-0.5068612573742416,0.5909090909090908,,,1.0
SJ1300_dry,398,,,,H2_dominant,-0.5068612573742416,0.5909090909090908,,,1.0
SJ1300_dry,399,,,,H2_dominant,-0.5068612573742416,0.5909090909090908,,,1.0
SJ1300_dry,400,,,,H2_dominant,-0.5068612573742416,0.5909090909090908,,,1.0
SJ1300_dry,401,,,,H2_dominant,-0.5068612573742416,0.5909090909090908,,,1.0
SJ1300_dry,402,,,,H2_dominant,-0.5068612573742416,0.5909090909090908,,,1.0
SJ1300_dry,403,,,,H2_dominant,-0.5068612573742416,0.5909090909090908,,,1.0
SJ1300_dry,404,,,,H2_dominant,-0.5068612573742416,0.5909090909090908,,,1.0
SJ1300_dry,405,,,,H2_dominant,-0.5068612573742416,0.5909090909090908,,,1.0
SJ1300_dry,406,,,,H2_dominant,-0.5068612573742416,0.5909090909090908,,,1.0
SJ1300_dry,407,,,,H2_dominant,-0.5068612573742416,0.5909090909090908,,,1.0
SJ1300_dry,408,,,,H2_dominant,-0.5068612573742416,0.5909090909090908,,,1.0
SJ1300_dry,409,,,,H2_dominant,-0.5068612573742416,0.5909090909090908,,,1.0
SJ1300_dry,410,,,,H2_dominant,-0.5068612573742416,0.5909090909090908,,,1.0
SJ1300_dry,411,,,,H2_dominant,-0.5068612573742416,0.5909090909090908,,,1.0
SJ1300_dry,412,,,,H2_dominant,-0.5068612573742416,0.5909090909090908,,,1.0
SJ1300_dry,413,,,,H2_dominant,-0.5068612573742416,0.5909090909090908,,,1.0
SJ1300_dry,414,,,,H2_dominant,-0.5068612573742416,0.5909090909090908,,,1.0
SJ1300_dry,415,,,,H2_dominant,-0.5068612573742416,0.5909090909090908,,,1.0
SJ1300_dry,416,,,,H2_dominant,-0.5068612573742416,0.5909090909090908,,,1.0
SJ1300_dry,417,,,,H2_dominant,-0.5068612573742416,0.5909090909090908,,,1.0
SJ1300_dry,418,,,,H2_dominant,-0.5068612573742416,0.5909090909090908,,,1.0
SJ1300_dry,419,,,,H2_dominant,-0.5068612573742416,0.5909090909090908,,,1.0
SJ1300_dry,420,,,,H2_dominant,-0.5068612573742416,0.5909090909090908,,,1.0
SJ1300_dry,421,,,,H2_dominant,-0.5068612573742416,0.5909090909090908,,,1.0
SJ1300_dry,422,,,,H2_dominant,-0.5068612573742416,0.5909090909090908,,,1.0
SJ1300_dry,423,,,,H2_dominant,-0.5068612573742416,0.5909090909090908,,,1.0
SJ1300_dry,424,,,,H2_dominant,-0.5068612573742416,0.5909090909090908,,,1.0
SJ1300_dry,425,,,,H2_dominant,-0.5068612573742416,0.5909090909090908,,,1.0
SJ1300_dry,426,,,,H2_dominant,-0.5068612573742416,0.5909090909090908,,,1.0
SJ1300_dry,427,,,,H2_dominant,-0.5068612573742416,0.5909090909090908,,,1.0
SJ1300_dry,428,,,,H2_dominant,-0.5068612573742416,0.5909090909090908,,,1.0
SJ1300_dry,429,,,,H2_dominant,-0.5068612573742416,0.5909090909090908,,,1.0
SJ1300_dry,430,,,,H2_dominant,-0.5068612573742416,0.5909090909090908,,,1.0
SJ1300_dry,431,,,,H2_dominant,-0.5068612573742416,0.5909090909090908,,,1.0
SJ1300_dry,432,,,,H2_dominant,-0.5068612573742416,0.5909090909090908,,,1.0
SJ1300_dry,433,,,,H2_dominant,-0.5068612573742416,0.5909090909090908,,,1.0
SJ1300_dry,434,,,,H2_dominant,-0.5068612573742416,0.5909090909090908,,,1.0
SJ1300_dry,435,,,,H2_dominant,-0.5068612573742416,0.5909090909090908,,,1.0
SJ1300_dry,436,,,,H2_dominant,-0.5068612573742416,0.5909090909090908,,,1.0
SJ1300_dry,437,,,,H2_dominant,-0.5068612573742416,0.5909090909090908,,,1.0
SJ1300_dry,438,,,,H2_dominant,-0.5068612573742416,0.5909090909090908,,,1.0
SJ1300_dry,439,,,,H2_dominant,-0.5068612573742416,0.5909090909090908,,,1.0
SJ1300_dry,440,,,,H2_dominant,-0.5068612573742416,0.5909090909090908,,,1.0
SJ1300_dry,441,,,,H2_dominant,-0.5068612573742416,0.5909090909090908,,,1.0
SJ1300_dry,442,,,,H2_dominant,-0.5068612573742416,0.5909090909090908,,,1.0
SJ1300_dry,443,,,,H2_dominant,-0.5068612573742416,0.5909090909090908,,,1.0
SJ1300_dry,444,,,,H2_dominant,-0.5068612573742416,0.5909090909090908,,,1.0
SJ1300_dry,445,,,,H2_dominant,-0.5068612573742416,0.5909090909090908,,,1.0
SJ1300_dry,446,,,,H2_dominant,-0.5068612573742416,0.5909090909090908,,,1.0
SJ1300_dry,447,,,,H2_dominant,-0.5068612573742416,0.5909090909090908,,,1.0
SJ1300_dry,448,,,,H2_dominant,-0.5068612573742416,0.5909090909090908,,,1.0
SJ1300_dry,449,,,,H2_dominant,-0.5068612573742416,0.5909090909090908,,,1.0
SJ1300_dry,450,,,,H2_dominant,-0.5068612573742416,0.5909090909090908,,,1.0
SJ1300_dry,451,,,,H2_dominant,-0.5068612573742416,0.5909090909090908,,,1.0
SJ1300_dry,452,,,,H2_dominant,-0.5068612573742416,0.5909090909090908,,,1.0
SJ1300_dry,1,,,,H2_dominant,0.07230799232501146,0.5909090909090908,,,
SJ1300_dry,2,,,,H2_dominant,0.07230799232501146,0.5909090909090908,,,1.0
SJ1300_dry,3,,,,H2_dominant,0.07230799232501146,0.5909090909090908,,,1.0
SJ1300_dry,4,,,,H2_dominant,0.07230799232501146,0.5909090909090908,,,1.0
SJ1300_dry,5,,,,H2_dominant,0.07230799232501146,0.5909090909090908,,,1.0
SJ1300_dry,6,,,,H2_dominant,0.07230799232501146,0.5909090909090908,,,1.0
SJ1300_dry,7,,,,H2_dominant,0.07230799232501146,0.5909090909090908,,,1.0
SJ1300_dry,8,,,,H2_dominant,0.07230799232501146,0.5909090909090908,,,1.0
SJ1300_dry,9,,,,H2_dominant,0.07230799232501146,0.5909090909090908,,,1.0
SJ1300_dry,10,,,,H2_dominant,0.07230799232501146,0.5909090909090908,,,1.0
SJ1300_dry,11,,,,H2_dominant,0.07230799232501146,0.5909090909090908,,,1.0
SJ1300_dry,12,,,,H2_dominant,0.07230799232501146,0.5909090909090908,,,1.0
SJ1300_dry,13,,,,H2_dominant,0.07230799232501146,0.5909090909090908,,,1.0
SJ1300_dry,14,,,,H2_dominant,0.07230799232501146,0.5909090909090908,,,1.0
SJ1300_dry,15,,,,H2_dominant,0.07230799232501146,0.5909090909090908,,,1.0
SJ1300_dry,16,,,,H2_dominant,0.07230799232501146,0.5909090909090908,,,1.0
SJ1300_dry,17,,,,H2_dominant,0.07230799232501146,0.5909090909090908,,,1.0
SJ1300_dry,18,,,,H2_dominant,0.07230799232501146,0.5909090909090908,,,1.0
SJ1300_dry,19,,,,H2_dominant,0.07230799232501146,0.5909090909090908,,,1.0
SJ1300_dry,20,,,,H2_dominant,0.07230799232501146,0.5909090909090908,,,1.0
SJ1300_dry,21,,,,H2_dominant,0.07230799232501146,0.5909090909090908,,,1.0
SJ1300_dry,22,,,,H2_dominant,0.07230799232501146,0.5909090909090908,,,1.0
SJ1300_dry,23,,,,H2_dominant,0.07230799232501146,0.5909090909090908,,,1.0
SJ1300_dry,24,,,,H2_dominant,0.07230799232501146,0.5909090909090908,,,1.0
SJ1300_dry,25,,,,H2_dominant,0.07230799232501146,0.5909090909090908,,,1.0
SJ1300_dry,26,,,,H2_dominant,0.07230799232501146,0.5909090909090908,,,1.0
SJ1300_dry,27,,,,H2_dominant,0.07230799232501146,0.5909090909090908,,,1.0
SJ1300_dry,28,,,,H2_dominant,0.07230799232501146,0.5909090909090908,,,1.0
SJ1300_dry,29,,,,H2_dominant,0.07230799232501146,0.5909090909090908,,,1.0
SJ1300_dry,30,,,,H2_dominant,0.07230799232501146,0.5909090909090908,,,1.0
SJ1300_dry,31,,,,H2_dominant,0.07230799232501146,0.5909090909090908,,,1.0
SJ1300_dry,32,,,,H2_dominant,0.07230799232501146,0.5909090909090908,,,1.0
SJ1300_dry,33,,,,H2_dominant,0.07230799232501146,0.5909090909090908,,,1.0
SJ1300_dry,34,,,,H2_dominant,0.07230799232501146,0.5909090909090908,,,1.0
SJ1300_dry,35,,,,H2_dominant,0.07230799232501146,0.5909090909090908,,,1.0
SJ1300_dry,36,,,,H2_dominant,0.07230799232501146,0.5909090909090908,,,1.0
SJ1300_dry,37,,,,H2_dominant,0.07230799232501146,0.5909090909090908,,,1.0
SJ1300_dry,38,,,,H2_dominant,0.07230799232501146,0.5909090909090908,,,1.0
SJ1300_dry,39,,,,H2_dominant,0.07230799232501146,0.5909090909090908,,,1.0
SJ1300_dry,40,,,,H2_dominant,0.07230799232501146,0.5909090909090908,,,1.0
SJ1300_dry,41,,,,H2_dominant,0.07230799232501146,0.5909090909090908,,,1.0
SJ1300_dry,42,,,,H2_dominant,0.07230799232501146,0.5909090909090908,,,1.0
SJ1300_dry,43,,,,H2_dominant,0.07230799232501146,0.5909090909090908,,,1.0
SJ1300_dry,44,,,,H2_dominant,0.07230799232501146,0.5909090909090908,,,1.0
SJ1300_dry,45,,,,H2_dominant,0.07230799232501146,0.5909090909090908,,,1.0
SJ1300_dry,46,,,,H2_dominant,0.07230799232501146,0.5909090909090908,,,1.0
SJ1300_dry,47,,,,H2_dominant,0.07230799232501146,0.5909090909090908,,,1.0
SJ1300_dry,48,,,,H2_dominant,0.07230799232501146,0.5909090909090908,,,1.0
SJ1300_dry,49,,,,H2_dominant,0.07230799232501146,0.5909090909090908,,,1.0
SJ1300_dry,50,,,,H2_dominant,0.07230799232501146,0.5909090909090908,,,1.0
SJ1300_dry,51,,,,H2_dominant,0.07230799232501146,0.5909090909090908,,,1.0
SJ1300_dry,52,,,,H2_dominant,0.07230799232501146,0.5909090909090908,,,1.0
SJ1300_dry,53,,,,H2_dominant,0.07230799232501146,0.5909090909090908,,,1.0
SJ1300_dry,54,,,,H2_dominant,0.07230799232501146,0.5909090909090908,,,1.0
SJ1300_dry,55,,,,H2_dominant,0.07230799232501146,0.5909090909090908,,,1.0
SJ1300_dry,56,,,,H2_dominant,0.07230799232501146,0.5909090909090908,,,1.0
SJ1300_dry,57,,,,H2_dominant,0.07230799232501146,0.5909090909090908,,,1.0
SJ1300_dry,58,,,,H2_dominant,0.07230799232501146,0.5909090909090908,,,1.0
SJ1300_dry,59,,,,H2_dominant,0.07230799232501146,0.5909090909090908,,,1.0
SJ1300_dry,60,,,,H2_dominant,0.07230799232501146,0.5909090909090908,,,1.0
SJ1300_dry,61,,,,H2_dominant,0.07230799232501146,0.5909090909090908,,,1.0
SJ1300_dry,62,,,,H2_dominant,0.07230799232501146,0.5909090909090908,,,1.0
SJ1300_dry,63,,,,H2_dominant,0.07230799232501146,0.5909090909090908,,,1.0
SJ1300_dry,64,,,,H2_dominant,0.07230799232501146,0.5909090909090908,,,1.0
SJ1300_dry,65,,,,H2_dominant,0.07230799232501146,0.5909090909090908,,,1.0
SJ1300_dry,66,,,,H2_dominant,0.07230799232501146,0.5909090909090908,,,1.0
SJ1300_dry,67,,,,H2_dominant,0.07230799232501146,0.5909090909090908,,,1.0
SJ1300_dry,68,,,,H2_dominant,0.07230799232501146,0.5909090909090908,,,1.0
SJ1300_dry,69,,,,H2_dominant,0.07230799232501146,0.5909090909090908,,,1.0
SJ1300_dry,70,,,,H2_dominant,0.07230799232501146,0.5909090909090908,,,1.0
SJ1300_dry,71,,,,H2_dominant,0.07230799232501146,0.5909090909090908,,,1.0
SJ1300_dry,72,,,,H2_dominant,0.07230799232501146,0.5909090909090908,,,1.0
SJ1300_dry,73,,,,H2_dominant,0.07230799232501146,0.5909090909090908,,,1.0
SJ1300_dry,74,,,,H2_dominant,0.07230799232501146,0.5909090909090908,,,1.0
SJ1300_dry,75,,,,H2_dominant,0.07230799232501146,0.5909090909090908,,,1.0
SJ1300_dry,76,,,,H2_dominant,0.07230799232501146,0.5909090909090908,,,1.0
SJ1300_dry,77,,,,H2_dominant,0.07230799232501146,0.5909090909090908,,,1.0
SJ1300_dry,78,,,,H2_dominant,0.07230799232501146,0.5909090909090908,,,1.0
SJ1300_dry,79,,,,H2_dominant,0.07230799232501146,0.5909090909090908,,,1.0
SJ1300_dry,80,,,,H2_dominant,0.07230799232501146,0.5909090909090908,,,1.0
SJ1300_dry,81,,,,H2_dominant,0.07230799232501146,0.5909090909090908,,,1.0
SJ1300_dry,82,,,,H2_dominant,0.07230799232501146,0.5909090909090908,,,1.0
SJ1300_dry,83,,,,H2_dominant,0.07230799232501146,0.5909090909090908,,,1.0
SJ1300_dry,84,,,,H2_dominant,0.07230799232501146,0.5909090909090908,,,1.0
SJ1300_dry,85,,,,H2_dominant,0.07230799232501146,0.5909090909090908,,,1.0
SJ1300_dry,86,,,,H2_dominant,0.07230799232501146,0.5909090909090908,,,1.0
SJ1300_dry,87,,,,H2_dominant,0.07230799232501146,0.5909090909090908,,,1.0
SJ1300_dry,88,,,,H2_dominant,0.07230799232501146,0.5909090909090908,,,1.0
SJ1300_dry,89,,,,H2_dominant,0.07230799232501146,0.5909090909090908,,,1.0
SJ1300_dry,90,,,,H2_dominant,0.07230799232501146,0.5909090909090908,,,1.0
SJ1300_dry,91,,,,H2_dominant,0.07230799232501146,0.5909090909090908,,,1.0
SJ1300_dry,92,,,,H2_dominant,0.07230799232501146,0.5909090909090908,,,1.0
SJ1300_dry,93,,,,H2_dominant,0.07230799232501146,0.5909090909090908,,,1.0
SJ1300_dry,94,,,,H2_dominant,0.07230799232501146,0.5909090909090908,,,1.0
SJ1300_dry,95,,,,H2_dominant,0.07230799232501146,0.5909090909090908,,,1.0
SJ1300_dry,96,,,,H2_dominant,0.07230799232501146,0.5909090909090908,,,1.0
SJ1300_dry,97,,,,H2_dominant,0.07230799232501146,0.5909090909090908,,,1.0
SJ1300_dry,98,,,,H2_dominant,0.07230799232501146,0.5909090909090908,,,1.0
SJ1300_dry,99,,,,H2_dominant,0.07230799232501146,0.5909090909090908,,,1.0
SJ1300_dry,100,,,,H2_dominant,0.07230799232501146,0.5909090909090908,,,1.0
SJ1300_dry,101,,,,H2_dominant,0.07230799232501146,0.5909090909090908,,,1.0
SJ1300_dry,102,,,,H2_dominant,0.07230799232501146,0.5909090909090908,,,1.0
SJ1300_dry,103,,,,H2_dominant,0.07230799232501146,0.5909090909090908,,,1.0
SJ1300_dry,104,,,,H2_dominant,0.07230799232501146,0.5909090909090908,,,1.0
SJ1300_dry,105,,,,H2_dominant,0.07230799232501146,0.5909090909090908,,,1.0
SJ1300_dry,106,,,,H2_dominant,0.07230799232501146,0.5909090909090908,,,1.0
SJ1300_dry,107,,,,H2_dominant,0.07230799232501146,0.5909090909090908,,,1.0
SJ1300_dry,108,,,,H2_dominant,0.07230799232501146,0.5909090909090908,,,1.0
SJ1300_dry,109,,,,H2_dominant,0.07230799232501146,0.5909090909090908,,,1.0
SJ1300_dry,110,,,,H2_dominant,0.07230799232501146,0.5909090909090908,,,1.0
SJ1300_dry,111,,,,H2_dominant,0.07230799232501146,0.5909090909090908,,,1.0
SJ1300_dry,112,,,,H2_dominant,0.07230799232501146,0.5909090909090908,,,1.0
SJ1300_dry,113,,,,H2_dominant,0.07230799232501146,0.5909090909090908,,,1.0
SJ1300_dry,114,,,,H2_dominant,0.07230799232501146,0.5909090909090908,,,1.0
SJ1300_dry,115,,,,H2_dominant,0.07230799232501146,0.5909090909090908,,,1.0
SJ1300_dry,116,,,,H2_dominant,0.07230799232501146,0.5909090909090908,,,1.0
SJ1300_dry,117,,,,H2_dominant,0.07230799232501146,0.5909090909090908,,,1.0
SJ1300_dry,118,,,,H2_dominant,0.07230799232501146,0.5909090909090908,,,1.0
SJ1300_dry,119,,,,H2_dominant,0.07230799232501146,0.5909090909090908,,,1.0
SJ1300_dry,120,,,,H2_dominant,0.07230799232501146,0.5909090909090908,,,1.0
SJ1300_dry,121,,,,H2_dominant,0.07230799232501146,0.5909090909090908,,,1.0
SJ1300_dry,122,,,,H2_dominant,0.07230799232501146,0.5909090909090908,,,1.0
SJ1300_dry,123,,,,H2_dominant,0.07230799232501146,0.5909090909090908,,,1.0
SJ1300_dry,124,,,,H2_dominant,0.07230799232501146,0.5909090909090908,,,1.0
SJ1300_dry,125,,,,H2_dominant,0.07230799232501146,0.5909090909090908,,,1.0
SJ1300_dry,126,,,,H2_dominant,0.07230799232501146,0.5909090909090908,,,1.0
SJ1300_dry,127,,,,H2_dominant,0.07230799232501146,0.5909090909090908,,,1.0
SJ1300_dry,128,,,,H2_dominant,0.07230799232501146,0.5909090909090908,,,1.0
SJ1300_dry,129,,,,H2_dominant,0.07230799232501146,0.5909090909090908,,,1.0
SJ1300_dry,130,,,,H2_dominant,0.07230799232501146,0.5909090909090908,,,1.0
SJ1300_dry,131,,,,H2_dominant,0.07230799232501146,0.5909090909090908,,,1.0
SJ1300_dry,132,,,,H2_dominant,0.07230799232501146,0.5909090909090908,,,1.0
SJ1300_dry,133,,,,H2_dominant,0.07230799232501146,0.5909090909090908,,,1.0
SJ1300_dry,134,,,,H2_dominant,0.07230799232501146,0.5909090909090908,,,1.0
SJ1300_dry,135,,,,H2_dominant,0.07230799232501146,0.5909090909090908,,,1.0
SJ1300_dry,136,,,,H2_dominant,0.07230799232501146,0.5909090909090908,,,1.0
SJ1300_dry,137,,,,H2_dominant,0.07230799232501146,0.5909090909090908,,,1.0
SJ1300_dry,138,,,,H2_dominant,0.07230799232501146,0.5909090909090908,,,1.0
SJ1300_dry,139,,,,H2_dominant,0.07230799232501146,0.5909090909090908,,,1.0
SJ1300_dry,140,,,,H2_dominant,0.07230799232501146,0.5909090909090908,,,1.0
SJ1300_dry,141,,,,H2_dominant,0.07230799232501146,0.5909090909090908,,,1.0
SJ1300_dry,142,,,,H2_dominant,0.07230799232501146,0.5909090909090908,,,1.0
SJ1300_dry,143,,,,H2_dominant,0.07230799232501146,0.5909090909090908,,,1.0
SJ1300_dry,144,,,,H2_dominant,0.07230799232501146,0.5909090909090908,,,1.0
SJ1300_dry,145,,,,H2_dominant,0.07230799232501146,0.5909090909090908,,,1.0
SJ1300_dry,146,,,,H2_dominant,0.07230799232501146,0.5909090909090908,,,1.0
SJ1300_dry,147,,,,H2_dominant,0.07230799232501146,0.5909090909090908,,,1.0
SJ1300_dry,148,,,,H2_dominant,0.07230799232501146,0.5909090909090908,,,1.0
SJ1300_dry,149,,,,H2_dominant,0.07230799232501146,0.5909090909090908,,,1.0
SJ1300_dry,150,,,,H2_dominant,0.07230799232501146,0.5909090909090908,,,1.0
SJ1300_dry,151,,,,H2_dominant,0.07230799232501146,0.5909090909090908,,,1.0
SJ1300_dry,152,,,,H2_dominant,0.07230799232501146,0.5909090909090908,,,1.0
SJ1300_dry,153,,,,H2_dominant,0.07230799232501146,0.5909090909090908,,,1.0
SJ1300_dry,154,,,,H2_dominant,0.07230799232501146,0.5909090909090908,,,1.0
SJ1300_dry,155,,,,H2_dominant,0.07230799232501146,0.5909090909090908,,,1.0
SJ1300_dry,156,,,,H2_dominant,0.07230799232501146,0.5909090909090908,,,1.0
SJ1300_dry,157,,,,H2_dominant,0.07230799232501146,0.5909090909090908,,,1.0
SJ1300_dry,158,,,,H2_dominant,0.07230799232501146,0.5909090909090908,,,1.0
SJ1300_dry,159,,,,H2_dominant,0.07230799232501146,0.5909090909090908,,,1.0
SJ1300_dry,160,,,,H2_dominant,0.07230799232501146,0.5909090909090908,,,1.0
SJ1300_dry,161,,,,H2_dominant,0.07230799232501146,0.5909090909090908,,,1.0
SJ1300_dry,162,,,,H2_dominant,0.07230799232501146,0.5909090909090908,,,1.0
SJ1300_dry,163,,,,H2_dominant,0.07230799232501146,0.5909090909090908,,,1.0
SJ1300_dry,164,,,,H2_dominant,0.07230799232501146,0.5909090909090908,,,1.0
SJ1300_dry,165,,,,H2_dominant,0.07230799232501146,0.5909090909090908,,,1.0
SJ1300_dry,166,,,,H2_dominant,0.07230799232501146,0.5909090909090908,,,1.0
SJ1300_dry,167,,,,H2_dominant,0.07230799232501146,0.5909090909090908,,,1.0
SJ1300_dry,168,,,,H2_dominant,0.07230799232501146,0.5909090909090908,,,1.0
SJ1300_dry,169,,,,H2_dominant,0.07230799232501146,0.5909090909090908,,,1.0
SJ1300_dry,170,,,,H2_dominant,0.07230799232501146,0.5909090909090908,,,1.0
SJ1300_dry,171,,,,H2_dominant,0.07230799232501146,0.5909090909090908,,,1.0
SJ1300_dry,172,,,,H2_dominant,0.07230799232501146,0.5909090909090908,,,1.0
SJ1300_dry,173,,,,H2_dominant,0.07230799232501146,0.5909090909090908,,,1.0
SJ1300_dry,174,,,,H2_dominant,0.07230799232501146,0.5909090909090908,,,1.0
SJ1300_dry,175,,,,H2_dominant,0.07230799232501146,0.5909090909090908,,,1.0
SJ1300_dry,176,,,,H2_dominant,0.07230799232501146,0.5909090909090908,,,1.0
SJ1300_dry,177,,,,H2_dominant,0.07230799232501146,0.5909090909090908,,,1.0
SJ1300_dry,178,,,,H2_dominant,0.07230799232501146,0.5909090909090908,,,1.0
SJ1300_dry,179,,,,H2_dominant,0.07230799232501146,0.5909090909090908,,,1.0
SJ1300_dry,180,,,,H2_dominant,0.07230799232501146,0.5909090909090908,,,1.0
SJ1300_dry,181,,,,H2_dominant,0.07230799232501146,0.5909090909090908,,,1.0
SJ1300_dry,182,,,,H2_dominant,0.07230799232501146,0.5909090909090908,,,1.0
SJ1300_dry,183,,,,H2_dominant,0.07230799232501146,0.5909090909090908,,,1.0
SJ1300_dry,184,,,,H2_dominant,0.07230799232501146,0.5909090909090908,,,1.0
SJ1300_dry,185,,,,H2_dominant,0.07230799232501146,0.5909090909090908,,,1.0
SJ1300_dry,186,,,,H2_dominant,0.07230799232501146,0.5909090909090908,,,1.0
SJ1300_dry,187,,,,H2_dominant,0.07230799232501146,0.5909090909090908,,,1.0
SJ1300_dry,188,,,,H2_dominant,0.07230799232501146,0.5909090909090908,,,1.0
SJ1300_dry,189,,,,H2_dominant,0.07230799232501146,0.5909090909090908,,,1.0
SJ1300_dry,190,,,,H2_dominant,0.07230799232501146,0.5909090909090908,,,1.0
SJ1300_dry,191,,,,H2_dominant,0.07230799232501146,0.5909090909090908,,,1.0
SJ1300_dry,192,,,,H2_dominant,0.07230799232501146,0.5909090909090908,,,1.0
SJ1300_dry,193,,,,H2_dominant,0.07230799232501146,0.5909090909090908,,,1.0
SJ1300_dry,194,,,,H2_dominant,0.07230799232501146,0.5909090909090908,,,1.0
SJ1300_dry,195,,,,H2_dominant,0.07230799232501146,0.5909090909090908,,,1.0
SJ1300_dry,196,,,,H2_dominant,0.07230799232501146,0.5909090909090908,,,1.0
SJ1300_dry,197,,,,H2_dominant,0.07230799232501146,0.5909090909090908,,,1.0
SJ1300_dry,198,,,,H2_dominant,0.07230799232501146,0.5909090909090908,,,1.0
SJ1300_dry,199,,,,H2_dominant,0.07230799232501146,0.5909090909090908,,,1.0
SJ1300_dry,200,,,,H2_dominant,0.07230799232501146,0.5909090909090908,,,1.0
SJ1300_dry,201,,,,H2_dominant,0.07230799232501146,0.5909090909090908,,,1.0
SJ1300_dry,202,,,,H2_dominant,0.07230799232501146,0.5909090909090908,,,1.0
SJ1300_dry,203,,,,H2_dominant,0.07230799232501146,0.5909090909090908,,,1.0
SJ1300_dry,204,,,,H2_dominant,0.07230799232501146,0.5909090909090908,,,1.0
SJ1300_dry,205,,,,H2_dominant,0.07230799232501146,0.5909090909090908,,,1.0
SJ1300_dry,206,,,,H2_dominant,0.07230799232501146,0.5909090909090908,,,1.0
SJ1300_dry,207,,,,H2_dominant,0.07230799232501146,0.5909090909090908,,,1.0
SJ1300_dry,208,,,,H2_dominant,0.07230799232501146,0.5909090909090908,,,1.0
SJ1300_dry,209,,,,H2_dominant,0.07230799232501146,0.5909090909090908,,,1.0
SJ1300_dry,210,,,,H2_dominant,0.07230799232501146,0.5909090909090908,,,1.0
SJ1300_dry,211,,,,H2_dominant,0.07230799232501146,0.5909090909090908,,,1.0
SJ1300_dry,212,,,,H2_dominant,0.07230799232501146,0.5909090909090908,,,1.0
SJ1300_dry,213,,,,H2_dominant,0.07230799232501146,0.5909090909090908,,,1.0
SJ1300_dry,214,,,,H2_dominant,0.07230799232501146,0.5909090909090908,,,1.0
SJ1300_dry,215,,,,H2_dominant,0.07230799232501146,0.5909090909090908,,,1.0
SJ1300_dry,216,,,,H2_dominant,0.07230799232501146,0.5909090909090908,,,1.0
SJ1300_dry,217,,,,H2_dominant,0.07230799232501146,0.5909090909090908,,,1.0
SJ1300_dry,218,,,,H2_dominant,0.07230799232501146,0.5909090909090908,,,1.0
SJ1300_dry,219,,,,H2_dominant,0.07230799232501146,0.5909090909090908,,,1.0
SJ1300_dry,220,,,,H2_dominant,0.07230799232501146,0.5909090909090908,,,1.0
SJ1300_dry,221,,,,H2_dominant,0.07230799232501146,0.5909090909090908,,,1.0
SJ1300_dry,222,,,,H2_dominant,0.07230799232501146,0.5909090909090908,,,1.0
SJ1300_dry,223,,,,H2_dominant,0.07230799232501146,0.5909090909090908,,,1.0
SJ1300_dry,224,,,,H2_dominant,0.07230799232501146,0.5909090909090908,,,1.0
SJ1300_dry,225,,,,H2_dominant,0.07230799232501146,0.5909090909090908,,,1.0
SJ1300_dry,226,,,,H2_dominant,0.07230799232501146,0.5909090909090908,,,1.0
SJ1300_dry,227,,,,H2_dominant,0.07230799232501146,0.5909090909090908,,,1.0
SJ1300_dry,228,,,,H2_dominant,0.07230799232501146,0.5909090909090908,,,1.0
SJ1300_dry,229,,,,H2_dominant,0.07230799232501146,0.5909090909090908,,,1.0
SJ1300_dry,230,,,,H2_dominant,0.07230799232501146,0.5909090909090908,,,1.0
SJ1300_dry,231,,,,H2_dominant,0.07230799232501146,0.5909090909090908,,,1.0
SJ1300_dry,232,,,,H2_dominant,0.07230799232501146,0.5909090909090908,,,1.0
SJ1300_dry,233,,,,H2_dominant,0.07230799232501146,0.5909090909090908,,,1.0
SJ1300_dry,234,,,,H2_dominant,0.07230799232501146,0.5909090909090908,,,1.0
SJ1300_dry,235,,,,H2_dominant,0.07230799232501146,0.5909090909090908,,,1.0
SJ1300_dry,236,,,,H2_dominant,0.07230799232501146,0.5909090909090908,,,1.0
SJ1300_dry,237,,,,H2_dominant,0.07230799232501146,0.5909090909090908,,,1.0
SJ1300_dry,238,,,,H2_dominant,0.07230799232501146,0.5909090909090908,,,1.0
SJ1300_dry,239,,,,H2_dominant,0.07230799232501146,0.5909090909090908,,,1.0
SJ1300_dry,240,,,,H2_dominant,0.07230799232501146,0.5909090909090908,,,1.0
SJ1300_dry,241,,,,H2_dominant,0.07230799232501146,0.5909090909090908,,,1.0
SJ1300_dry,242,,,,H2_dominant,0.07230799232501146,0.5909090909090908,,,1.0
SJ1300_dry,243,,,,H2_dominant,0.07230799232501146,0.5909090909090908,,,1.0
SJ1300_dry,244,,,,H2_dominant,0.07230799232501146,0.5909090909090908,,,1.0
SJ1300_dry,245,,,,H2_dominant,0.07230799232501146,0.5909090909090908,,,1.0
SJ1300_dry,246,,,,H2_dominant,0.07230799232501146,0.5909090909090908,,,1.0
SJ1300_dry,247,,,,H2_dominant,0.07230799232501146,0.5909090909090908,,,1.0
SJ1300_dry,248,,,,H2_dominant,0.07230799232501146,0.5909090909090908,,,1.0
SJ1300_dry,249,,,,H2_dominant,0.07230799232501146,0.5909090909090908,,,1.0
SJ1300_dry,250,,,,H2_dominant,0.07230799232501146,0.5909090909090908,,,1.0
SJ1300_dry,251,,,,H2_dominant,0.07230799232501146,0.5909090909090908,,,1.0
SJ1300_dry,252,,,,H2_dominant,0.07230799232501146,0.5909090909090908,,,1.0
SJ1300_dry,253,,,,H2_dominant,0.07230799232501146,0.5909090909090908,,,1.0
SJ1300_dry,254,,,,H2_dominant,0.07230799232501146,0.5909090909090908,,,1.0
SJ1300_dry,255,,,,H2_dominant,0.07230799232501146,0.5909090909090908,,,1.0
SJ1300_dry,256,,,,H2_dominant,0.07230799232501146,0.5909090909090908,,,1.0
SJ1300_dry,257,,,,H2_dominant,0.07230799232501146,0.5909090909090908,,,1.0
SJ1300_dry,258,,,,H2_dominant,0.07230799232501146,0.5909090909090908,,,1.0
SJ1300_dry,259,,,,H2_dominant,0.07230799232501146,0.5909090909090908,,,1.0
SJ1300_dry,260,,,,H2_dominant,0.07230799232501146,0.5909090909090908,,,1.0
SJ1300_dry,261,,,,H2_dominant,0.07230799232501146,0.5909090909090908,,,1.0
SJ1300_dry,262,,,,H2_dominant,0.07230799232501146,0.5909090909090908,,,1.0
SJ1300_dry,263,,,,H2_dominant,0.07230799232501146,0.5909090909090908,,,1.0
SJ1300_dry,264,,,,H2_dominant,0.07230799232501146,0.5909090909090908,,,1.0
SJ1300_dry,265,,,,H2_dominant,0.07230799232501146,0.5909090909090908,,,1.0
SJ1300_dry,266,,,,H2_dominant,0.07230799232501146,0.5909090909090908,,,1.0
SJ1300_dry,267,,,,H2_dominant,0.07230799232501146,0.5909090909090908,,,1.0
SJ1300_dry,268,,,,H2_dominant,0.07230799232501146,0.5909090909090908,,,1.0
SJ1300_dry,269,,,,H2_dominant,0.07230799232501146,0.5909090909090908,,,1.0
SJ1300_dry,270,,,,H2_dominant,0.07230799232501146,0.5909090909090908,,,1.0
SJ1300_dry,271,,,,H2_dominant,0.07230799232501146,0.5909090909090908,,,1.0
SJ1300_dry,272,,,,H2_dominant,0.07230799232501146,0.5909090909090908,,,1.0
SJ1300_dry,273,,,,H2_dominant,0.07230799232501146,0.5909090909090908,,,1.0
SJ1300_dry,274,,,,H2_dominant,0.07230799232501146,0.5909090909090908,,,1.0
SJ1300_dry,275,,,,H2_dominant,0.07230799232501146,0.5909090909090908,,,1.0
SJ1300_dry,276,,,,H2_dominant,0.07230799232501146,0.5909090909090908,,,1.0
SJ1300_dry,277,,,,H2_dominant,0.07230799232501146,0.5909090909090908,,,1.0
SJ1300_dry,278,,,,H2_dominant,0.07230799232501146,0.5909090909090908,,,1.0
SJ1300_dry,279,,,,H2_dominant,0.07230799232501146,0.5909090909090908,,,1.0
SJ1300_dry,280,,,,H2_dominant,0.07230799232501146,0.5909090909090908,,,1.0
SJ1300_dry,281,,,,H2_dominant,0.07230799232501146,0.5909090909090908,,,1.0
SJ1300_dry,282,,,,H2_dominant,0.07230799232501146,0.5909090909090908,,,1.0
SJ1300_dry,283,,,,H2_dominant,0.07230799232501146,0.5909090909090908,,,1.0
SJ1300_dry,284,,,,H2_dominant,0.07230799232501146,0.5909090909090908,,,1.0
SJ1300_dry,285,,,,H2_dominant,0.07230799232501146,0.5909090909090908,,,1.0
SJ1300_dry,286,,,,H2_dominant,0.07230799232501146,0.5909090909090908,,,1.0
SJ1300_dry,287,,,,H2_dominant,0.07230799232501146,0.5909090909090908,,,1.0
SJ1300_dry,288,,,,H2_dominant,0.07230799232501146,0.5909090909090908,,,1.0
SJ1300_dry,289,,,,H2_dominant,0.07230799232501146,0.5909090909090908,,,1.0
SJ1300_dry,290,,,,H2_dominant,0.07230799232501146,0.5909090909090908,,,1.0
SJ1300_dry,291,,,,H2_dominant,0.07230799232501146,0.5909090909090908,,,1.0
SJ1300_dry,292,,,,H2_dominant,0.07230799232501146,0.5909090909090908,,,1.0
SJ1300_dry,293,,,,H2_dominant,0.07230799232501146,0.5909090909090908,,,1.0
SJ1300_dry,294,,,,H2_dominant,0.07230799232501146,0.5909090909090908,,,1.0
SJ1300_dry,295,,,,H2_dominant,0.07230799232501146,0.5909090909090908,,,1.0
SJ1300_dry,296,,,,H2_dominant,0.07230799232501146,0.5909090909090908,,,1.0
SJ1300_dry,297,,,,H2_dominant,0.07230799232501146,0.5909090909090908,,,1.0
SJ1300_dry,298,,,,H2_dominant,0.07230799232501146,0.5909090909090908,,,1.0
SJ1300_dry,299,,,,H2_dominant,0.07230799232501146,0.5909090909090908,,,1.0
SJ1300_dry,300,,,,H2_dominant,0.07230799232501146,0.5909090909090908,,,1.0
SJ1300_dry,301,,,,H2_dominant,0.07230799232501146,0.5909090909090908,,,1.0
SJ1300_dry,302,,,,H2_dominant,0.07230799232501146,0.5909090909090908,,,1.0
SJ1300_dry,303,,,,H2_dominant,0.07230799232501146,0.5909090909090908,,,1.0
SJ1300_dry,304,,,,H2_dominant,0.07230799232501146,0.5909090909090908,,,1.0
SJ1300_dry,305,,,,H2_dominant,0.07230799232501146,0.5909090909090908,,,1.0
SJ1300_dry,306,,,,H2_dominant,0.07230799232501146,0.5909090909090908,,,1.0
SJ1300_dry,307,,,,H2_dominant,0.07230799232501146,0.5909090909090908,,,1.0
SJ1300_dry,308,,,,H2_dominant,0.07230799232501146,0.5909090909090908,,,1.0
SJ1300_dry,309,,,,H2_dominant,0.07230799232501146,0.5909090909090908,,,1.0
SJ1300_dry,310,,,,H2_dominant,0.07230799232501146,0.5909090909090908,,,1.0
SJ1300_dry,311,,,,H2_dominant,0.07230799232501146,0.5909090909090908,,,1.0
SJ1300_dry,312,,,,H2_dominant,0.07230799232501146,0.5909090909090908,,,1.0
SJ1300_dry,313,,,,H2_dominant,0.07230799232501146,0.5909090909090908,,,1.0
SJ1300_dry,314,,,,H2_dominant,0.07230799232501146,0.5909090909090908,,,1.0
SJ1300_dry,315,,,,H2_dominant,0.07230799232501146,0.5909090909090908,,,1.0
SJ1300_dry,316,,,,H2_dominant,0.07230799232501146,0.5909090909090908,,,1.0
SJ1300_dry,317,,,,H2_dominant,0.07230799232501146,0.5909090909090908,,,1.0
SJ1300_dry,318,,,,H2_dominant,0.07230799232501146,0.5909090909090908,,,1.0
SJ1300_dry,319,,,,H2_dominant,0.07230799232501146,0.5909090909090908,,,1.0
SJ1300_dry,320,,,,H2_dominant,0.07230799232501146,0.5909090909090908,,,1.0
SJ1300_dry,321,,,,H2_dominant,0.07230799232501146,0.5909090909090908,,,1.0
SJ1300_dry,322,,,,H2_dominant,0.07230799232501146,0.5909090909090908,,,1.0
SJ1300_dry,323,,,,H2_dominant,0.07230799232501146,0.5909090909090908,,,1.0
SJ1300_dry,324,,,,H2_dominant,0.07230799232501146,0.5909090909090908,,,1.0
SJ1300_dry,325,,,,H2_dominant,0.07230799232501146,0.5909090909090908,,,1.0
SJ1300_dry,326,,,,H2_dominant,0.07230799232501146,0.5909090909090908,,,1.0
SJ1300_dry,327,,,,H2_dominant,0.07230799232501146,0.5909090909090908,,,1.0
SJ1300_dry,328,,,,H2_dominant,0.07230799232501146,0.5909090909090908,,,1.0
SJ1300_dry,329,,,,H2_dominant,0.07230799232501146,0.5909090909090908,,,1.0
SJ1300_dry,330,,,,H2_dominant,0.07230799232501146,0.5909090909090908,,,1.0
SJ1300_dry,331,,,,H2_dominant,0.07230799232501146,0.5909090909090908,,,1.0
SJ1300_dry,332,,,,H2_dominant,0.07230799232501146,0.5909090909090908,,,1.0
SJ1300_dry,333,,,,H2_dominant,0.07230799232501146,0.5909090909090908,,,1.0
SJ1300_dry,334,,,,H2_dominant,0.07230799232501146,0.5909090909090908,,,1.0
SJ1300_dry,335,,,,H2_dominant,0.07230799232501146,0.5909090909090908,,,1.0
SJ1300_dry,336,,,,H2_dominant,0.07230799232501146,0.5909090909090908,,,1.0
SJ1300_dry,337,,,,H2_dominant,0.07230799232501146,0.5909090909090908,,,1.0
SJ1300_dry,338,,,,H2_dominant,0.07230799232501146,0.5909090909090908,,,1.0
SJ1300_dry,339,,,,H2_dominant,0.07230799232501146,0.5909090909090908,,,1.0
SJ1300_dry,340,,,,H2_dominant,0.07230799232501146,0.5909090909090908,,,1.0
SJ1300_dry,341,,,,H2_dominant,0.07230799232501146,0.5909090909090908,,,1.0
SJ1300_dry,342,,,,H2_dominant,0.07230799232501146,0.5909090909090908,,,1.0
SJ1300_dry,343,,,,H2_dominant,0.07230799232501146,0.5909090909090908,,,1.0
SJ1300_dry,344,,,,H2_dominant,0.07230799232501146,0.5909090909090908,,,1.0
SJ1300_dry,345,,,,H2_dominant,0.07230799232501146,0.5909090909090908,,,1.0
SJ1300_dry,346,,,,H2_dominant,0.07230799232501146,0.5909090909090908,,,1.0
SJ1300_dry,347,,,,H2_dominant,0.07230799232501146,0.5909090909090908,,,1.0
SJ1300_dry,348,,,,H2_dominant,0.07230799232501146,0.5909090909090908,,,1.0
SJ1300_dry,349,,,,H2_dominant,0.07230799232501146,0.5909090909090908,,,1.0
SJ1300_dry,350,,,,H2_dominant,0.07230799232501146,0.5909090909090908,,,1.0
SJ1300_dry,351,,,,H2_dominant,0.07230799232501146,0.5909090909090908,,,1.0
SJ1300_dry,352,,,,H2_dominant,0.07230799232501146,0.5909090909090908,,,1.0
SJ1300_dry,353,,,,H2_dominant,0.07230799232501146,0.5909090909090908,,,1.0
SJ1300_dry,354,,,,H2_dominant,0.07230799232501146,0.5909090909090908,,,1.0
SJ1300_dry,355,,,,H2_dominant,0.07230799232501146,0.5909090909090908,,,1.0
SJ1300_dry,356,,,,H2_dominant,0.07230799232501146,0.5909090909090908,,,1.0
SJ1300_dry,357,,,,H2_dominant,0.07230799232501146,0.5909090909090908,,,1.0
SJ1300_dry,358,,,,H2_dominant,0.07230799232501146,0.5909090909090908,,,1.0
SJ1300_dry,359,,,,H2_dominant,0.07230799232501146,0.5909090909090908,,,1.0
SJ1300_dry,360,,,,H2_dominant,0.07230799232501146,0.5909090909090908,,,1.0
SJ1300_dry,361,,,,H2_dominant,0.07230799232501146,0.5909090909090908,,,1.0
SJ1300_dry,362,,,,H2_dominant,0.07230799232501146,0.5909090909090908,,,1.0
SJ1300_dry,363,,,,H2_dominant,0.07230799232501146,0.5909090909090908,,,1.0
SJ1300_dry,364,,,,H2_dominant,0.07230799232501146,0.5909090909090908,,,1.0
SJ1300_dry,365,,,,H2_dominant,0.07230799232501146,0.5909090909090908,,,1.0
SJ1300_dry,366,,,,H2_dominant,0.07230799232501146,0.5909090909090908,,,1.0
SJ1300_dry,367,,,,H2_dominant,0.07230799232501146,0.5909090909090908,,,1.0
SJ1300_dry,368,,,,H2_dominant,0.07230799232501146,0.5909090909090908,,,1.0
SJ1300_dry,369,,,,H2_dominant,0.07230799232501146,0.5909090909090908,,,1.0
SJ1300_dry,370,,,,H2_dominant,0.07230799232501146,0.5909090909090908,,,1.0
SJ1300_dry,371,,,,H2_dominant,0.07230799232501146,0.5909090909090908,,,1.0
SJ1300_dry,372,,,,H2_dominant,0.07230799232501146,0.5909090909090908,,,1.0
SJ1300_dry,373,,,,H2_dominant,0.07230799232501146,0.5909090909090908,,,1.0
SJ1300_dry,374,,,,H2_dominant,0.07230799232501146,0.5909090909090908,,,1.0
SJ1300_dry,375,,,,H2_dominant,0.07230799232501146,0.5909090909090908,,,1.0
SJ1300_dry,376,,,,H2_dominant,0.07230799232501146,0.5909090909090908,,,1.0
SJ1300_dry,377,,,,H2_dominant,0.07230799232501146,0.5909090909090908,,,1.0
SJ1300_dry,378,,,,H2_dominant,0.07230799232501146,0.5909090909090908,,,1.0
SJ1300_dry,379,,,,H2_dominant,0.07230799232501146,0.5909090909090908,,,1.0
SJ1300_dry,380,,,,H2_dominant,0.07230799232501146,0.5909090909090908,,,1.0
SJ1300_dry,381,,,,H2_dominant,0.07230799232501146,0.5909090909090908,,,1.0
SJ1300_dry,382,,,,H2_dominant,0.07230799232501146,0.5909090909090908,,,1.0
SJ1300_dry,383,,,,H2_dominant,0.07230799232501146,0.5909090909090908,,,1.0
SJ1300_dry,384,,,,H2_dominant,0.07230799232501146,0.5909090909090908,,,1.0
SJ1300_dry,385,,,,H2_dominant,0.07230799232501146,0.5909090909090908,,,1.0
SJ1300_dry,386,,,,H2_dominant,0.07230799232501146,0.5909090909090908,,,1.0
SJ1300_dry,387,,,,H2_dominant,0.07230799232501146,0.5909090909090908,,,1.0
SJ1300_dry,388,,,,H2_dominant,0.07230799232501146,0.5909090909090908,,,1.0
SJ1300_dry,389,,,,H2_dominant,0.07230799232501146,0.5909090909090908,,,1.0
SJ1300_dry,390,,,,H2_dominant,0.07230799232501146,0.5909090909090908,,,1.0
SJ1300_dry,391,,,,H2_dominant,0.07230799232501146,0.5909090909090908,,,1.0
SJ1300_dry,392,,,,H2_dominant,0.07230799232501146,0.5909090909090908,,,1.0
SJ1300_dry,393,,,,H2_dominant,0.07230799232501146,0.5909090909090908,,,1.0
SJ1300_dry,394,,,,H2_dominant,0.07230799232501146,0.5909090909090908,,,1.0
SJ1300_dry,395,,,,H2_dominant,0.07230799232501146,0.5909090909090908,,,1.0
SJ1300_dry,396,,,,H2_dominant,0.07230799232501146,0.5909090909090908,,,1.0
SJ1300_dry,397,,,,H2_dominant,0.07230799232501146,0.5909090909090908,,,1.0
SJ1300_dry,398,,,,H2_dominant,0.07230799232501146,0.5909090909090908,,,1.0
SJ1300_dry,399,,,,H2_dominant,0.07230799232501146,0.5909090909090908,,,1.0
SJ1300_dry,400,,,,H2_dominant,0.07230799232501146,0.5909090909090908,,,1.0
SJ1300_dry,401,,,,H2_dominant,0.07230799232501146,0.5909090909090908,,,1.0
SJ1300_dry,402,,,,H2_dominant,0.07230799232501146,0.5909090909090908,,,1.0
SJ1300_dry,403,,,,H2_dominant,0.07230799232501146,0.5909090909090908,,,1.0
SJ1300_dry,404,,,,H2_dominant,0.07230799232501146,0.5909090909090908,,,1.0
SJ1300_dry,405,,,,H2_dominant,0.07230799232501146,0.5909090909090908,,,1.0
SJ1300_dry,406,,,,H2_dominant,0.07230799232501146,0.5909090909090908,,,1.0
SJ1300_dry,407,,,,H2_dominant,0.07230799232501146,0.5909090909090908,,,1.0
SJ1300_dry,408,,,,H2_dominant,0.07230799232501146,0.5909090909090908,,,1.0
SJ1300_dry,409,,,,H2_dominant,0.07230799232501146,0.5909090909090908,,,1.0
SJ1300_dry,410,,,,H2_dominant,0.07230799232501146,0.5909090909090908,,,1.0
SJ1300_dry,411,,,,H2_dominant,0.07230799232501146,0.5909090909090908,,,1.0
SJ1300_dry,412,,,,H2_dominant,0.07230799232501146,0.5909090909090908,,,1.0
SJ1300_dry,413,,,,H2_dominant,0.07230799232501146,0.5909090909090908,,,1.0
SJ1300_dry,414,,,,H2_dominant,0.07230799232501146,0.5909090909090908,,,1.0
SJ1300_dry,415,,,,H2_dominant,0.07230799232501146,0.5909090909090908,,,1.0
SJ1300_dry,416,,,,H2_dominant,0.07230799232501146,0.5909090909090908,,,1.0
SJ1300_dry,417,,,,H2_dominant,0.07230799232501146,0.5909090909090908,,,1.0
SJ1300_dry,418,,,,H2_dominant,0.07230799232501146,0.5909090909090908,,,1.0
SJ1300_dry,419,,,,H2_dominant,0.07230799232501146,0.5909090909090908,,,1.0
SJ1300_dry,420,,,,H2_dominant,0.07230799232501146,0.5909090909090908,,,1.0
SJ1300_dry,421,,,,H2_dominant,0.07230799232501146,0.5909090909090908,,,1.0
SJ1300_dry,422,,,,H2_dominant,0.07230799232501146,0.5909090909090908,,,1.0
SJ1300_dry,423,,,,H2_dominant,0.07230799232501146,0.5909090909090908,,,1.0
SJ1300_dry,424,,,,H2_dominant,0.07230799232501146,0.5909090909090908,,,1.0
SJ1300_dry,425,,,,H2_dominant,0.07230799232501146,0.5909090909090908,,,1.0
SJ1300_dry,426,,,,H2_dominant,0.07230799232501146,0.5909090909090908,,,1.0
SJ1300_dry,427,,,,H2_dominant,0.07230799232501146,0.5909090909090908,,,1.0
SJ1300_dry,428,,,,H2_dominant,0.07230799232501146,0.5909090909090908,,,1.0
SJ1300_dry,429,,,,H2_dominant,0.07230799232501146,0.5909090909090908,,,1.0
SJ1300_dry,430,,,,H2_dominant,0.07230799232501146,0.5909090909090908,,,1.0
SJ1300_dry,431,,,,H2_dominant,0.07230799232501146,0.5909090909090908,,,1.0
SJ1300_dry,432,,,,H2_dominant,0.07230799232501146,0.5909090909090908,,,1.0
SJ1300_dry,433,,,,H2_dominant,0.07230799232501146,0.5909090909090908,,,1.0
SJ1300_dry,434,,,,H2_dominant,0.07230799232501146,0.5909090909090908,,,1.0
SJ1300_dry,435,,,,H2_dominant,0.07230799232501146,0.5909090909090908,,,1.0
SJ1300_dry,436,,,,H2_dominant,0.07230799232501146,0.5909090909090908,,,1.0
SJ1300_dry,437,,,,H2_dominant,0.07230799232501146,0.5909090909090908,,,1.0
SJ1300_dry,438,,,,H2_dominant,0.07230799232501146,0.5909090909090908,,,1.0
SJ1300_dry,439,,,,H2_dominant,0.07230799232501146,0.5909090909090908,,,1.0
SJ1300_dry,440,,,,H2_dominant,0.07230799232501146,0.5909090909090908,,,1.0
SJ1300_dry,441,,,,H2_dominant,0.07230799232501146,0.5909090909090908,,,1.0
SJ1300_dry,442,,,,H2_dominant,0.07230799232501146,0.5909090909090908,,,1.0
SJ1300_dry,443,,,,H2_dominant,0.07230799232501146,0.5909090909090908,,,1.0
SJ1300_dry,444,,,,H2_dominant,0.07230799232501146,0.5909090909090908,,,1.0
SJ1300_dry,445,,,,H2_dominant,0.07230799232501146,0.5909090909090908,,,1.0
SJ1300_dry,446,,,,H2_dominant,0.07230799232501146,0.5909090909090908,,,1.0
SJ1300_dry,447,,,,H2_dominant,0.07230799232501146,0.5909090909090908,,,1.0
SJ1300_dry,448,,,,H2_dominant,0.07230799232501146,0.5909090909090908,,,1.0
SJ1300_dry,449,,,,H2_dominant,0.07230799232501146,0.5909090909090908,,,1.0
SJ1300_dry,450,,,,H2_dominant,0.07230799232501146,0.5909090909090908,,,1.0
SJ1300_dry,451,,,,H2_dominant,0.07230799232501146,0.5909090909090908,,,1.0
SJ1300_dry,452,,,,H2_dominant,0.07230799232501146,0.5909090909090908,,,1.0
SJ1300_dry,453,,,,H2_dominant,0.07230799232501146,0.5909090909090908,,,1.0
SJ1300_dry,454,,,,H2_dominant,0.07230799232501146,0.5909090909090908,,,1.0
SJ1300_dry,455,,,,H2_dominant,0.07230799232501146,0.5909090909090908,,,1.0
SJ1300_dry,456,,,,H2_dominant,0.07230799232501146,0.5909090909090908,,,1.0
SJ1300_dry,457,,,,H2_dominant,0.07230799232501146,0.5909090909090908,,,1.0
SJ1300_dry,458,,,,H2_dominant,0.07230799232501146,0.5909090909090908,,,1.0
SJ1300_dry,459,,,,H2_dominant,0.07230799232501146,0.5909090909090908,,,1.0
SJ1300_dry,1,,,,H2_dominant,-0.39427710274579597,0.5909090909090908,,,
SJ1300_dry,2,,,,H2_dominant,-0.39427710274579597,0.5909090909090908,,,1.0
SJ1300_dry,3,,,,H2_dominant,-0.39427710274579597,0.5909090909090908,,,1.0
SJ1300_dry,4,,,,H2_dominant,-0.39427710274579597,0.5909090909090908,,,1.0
SJ1300_dry,5,,,,H2_dominant,-0.39427710274579597,0.5909090909090908,,,1.0
SJ1300_dry,6,,,,H2_dominant,-0.39427710274579597,0.5909090909090908,,,1.0
SJ1300_dry,7,,,,H2_dominant,-0.39427710274579597,0.5909090909090908,,,1.0
SJ1300_dry,8,,,,H2_dominant,-0.39427710274579597,0.5909090909090908,,,1.0
SJ1300_dry,9,,,,H2_dominant,-0.39427710274579597,0.5909090909090908,,,1.0
SJ1300_dry,10,,,,H2_dominant,-0.39427710274579597,0.5909090909090908,,,1.0
SJ1300_dry,11,,,,H2_dominant,-0.39427710274579597,0.5909090909090908,,,1.0
SJ1300_dry,12,,,,H2_dominant,-0.39427710274579597,0.5909090909090908,,,1.0
SJ1300_dry,13,,,,H2_dominant,-0.39427710274579597,0.5909090909090908,,,1.0
SJ1300_dry,14,,,,H2_dominant,-0.39427710274579597,0.5909090909090908,,,1.0
SJ1300_dry,15,,,,H2_dominant,-0.39427710274579597,0.5909090909090908,,,1.0
SJ1300_dry,16,,,,H2_dominant,-0.39427710274579597,0.5909090909090908,,,1.0
SJ1300_dry,17,,,,H2_dominant,-0.39427710274579597,0.5909090909090908,,,1.0
SJ1300_dry,18,,,,H2_dominant,-0.39427710274579597,0.5909090909090908,,,1.0
SJ1300_dry,19,,,,H2_dominant,-0.39427710274579597,0.5909090909090908,,,1.0
SJ1300_dry,20,,,,H2_dominant,-0.39427710274579597,0.5909090909090908,,,1.0
SJ1300_dry,21,,,,H2_dominant,-0.39427710274579597,0.5909090909090908,,,1.0
SJ1300_dry,22,,,,H2_dominant,-0.39427710274579597,0.5909090909090908,,,1.0
SJ1300_dry,23,,,,H2_dominant,-0.39427710274579597,0.5909090909090908,,,1.0
SJ1300_dry,24,,,,H2_dominant,-0.39427710274579597,0.5909090909090908,,,1.0
SJ1300_dry,25,,,,H2_dominant,-0.39427710274579597,0.5909090909090908,,,1.0
SJ1300_dry,26,,,,H2_dominant,-0.39427710274579597,0.5909090909090908,,,1.0
SJ1300_dry,27,,,,H2_dominant,-0.39427710274579597,0.5909090909090908,,,1.0
SJ1300_dry,28,,,,H2_dominant,-0.39427710274579597,0.5909090909090908,,,1.0
SJ1300_dry,29,,,,H2_dominant,-0.39427710274579597,0.5909090909090908,,,1.0
SJ1300_dry,30,,,,H2_dominant,-0.39427710274579597,0.5909090909090908,,,1.0
SJ1300_dry,31,,,,H2_dominant,-0.39427710274579597,0.5909090909090908,,,1.0
SJ1300_dry,32,,,,H2_dominant,-0.39427710274579597,0.5909090909090908,,,1.0
SJ1300_dry,33,,,,H2_dominant,-0.39427710274579597,0.5909090909090908,,,1.0
SJ1300_dry,34,,,,H2_dominant,-0.39427710274579597,0.5909090909090908,,,1.0
SJ1300_dry,35,,,,H2_dominant,-0.39427710274579597,0.5909090909090908,,,1.0
SJ1300_dry,36,,,,H2_dominant,-0.39427710274579597,0.5909090909090908,,,1.0
SJ1300_dry,37,,,,H2_dominant,-0.39427710274579597,0.5909090909090908,,,1.0
SJ1300_dry,38,,,,H2_dominant,-0.39427710274579597,0.5909090909090908,,,1.0
SJ1300_dry,39,,,,H2_dominant,-0.39427710274579597,0.5909090909090908,,,1.0
SJ1300_dry,40,,,,H2_dominant,-0.39427710274579597,0.5909090909090908,,,1.0
SJ1300_dry,41,,,,H2_dominant,-0.39427710274579597,0.5909090909090908,,,1.0
SJ1300_dry,42,,,,H2_dominant,-0.39427710274579597,0.5909090909090908,,,1.0
SJ1300_dry,43,,,,H2_dominant,-0.39427710274579597,0.5909090909090908,,,1.0
SJ1300_dry,44,,,,H2_dominant,-0.39427710274579597,0.5909090909090908,,,1.0
SJ1300_dry,45,,,,H2_dominant,-0.39427710274579597,0.5909090909090908,,,1.0
SJ1300_dry,46,,,,H2_dominant,-0.39427710274579597,0.5909090909090908,,,1.0
SJ1300_dry,47,,,,H2_dominant,-0.39427710274579597,0.5909090909090908,,,1.0
SJ1300_dry,48,,,,H2_dominant,-0.39427710274579597,0.5909090909090908,,,1.0
SJ1300_dry,49,,,,H2_dominant,-0.39427710274579597,0.5909090909090908,,,1.0
SJ1300_dry,50,,,,H2_dominant,-0.39427710274579597,0.5909090909090908,,,1.0
SJ1300_dry,51,,,,H2_dominant,-0.39427710274579597,0.5909090909090908,,,1.0
SJ1300_dry,52,,,,H2_dominant,-0.39427710274579597,0.5909090909090908,,,1.0
SJ1300_dry,53,,,,H2_dominant,-0.39427710274579597,0.5909090909090908,,,1.0
SJ1300_dry,54,,,,H2_dominant,-0.39427710274579597,0.5909090909090908,,,1.0
SJ1300_dry,55,,,,H2_dominant,-0.39427710274579597,0.5909090909090908,,,1.0
SJ1300_dry,56,,,,H2_dominant,-0.39427710274579597,0.5909090909090908,,,1.0
SJ1300_dry,57,,,,H2_dominant,-0.39427710274579597,0.5909090909090908,,,1.0
SJ1300_dry,58,,,,H2_dominant,-0.39427710274579597,0.5909090909090908,,,1.0
SJ1300_dry,59,,,,H2_dominant,-0.39427710274579597,0.5909090909090908,,,1.0
SJ1300_dry,60,,,,H2_dominant,-0.39427710274579597,0.5909090909090908,,,1.0
SJ1300_dry,61,,,,H2_dominant,-0.39427710274579597,0.5909090909090908,,,1.0
SJ1300_dry,62,,,,H2_dominant,-0.39427710274579597,0.5909090909090908,,,1.0
SJ1300_dry,63,,,,H2_dominant,-0.39427710274579597,0.5909090909090908,,,1.0
SJ1300_dry,64,,,,H2_dominant,-0.39427710274579597,0.5909090909090908,,,1.0
SJ1300_dry,65,,,,H2_dominant,-0.39427710274579597,0.5909090909090908,,,1.0
SJ1300_dry,66,,,,H2_dominant,-0.39427710274579597,0.5909090909090908,,,1.0
SJ1300_dry,67,,,,H2_dominant,-0.39427710274579597,0.5909090909090908,,,1.0
SJ1300_dry,68,,,,H2_dominant,-0.39427710274579597,0.5909090909090908,,,1.0
SJ1300_dry,69,,,,H2_dominant,-0.39427710274579597,0.5909090909090908,,,1.0
SJ1300_dry,70,,,,H2_dominant,-0.39427710274579597,0.5909090909090908,,,1.0
SJ1300_dry,71,,,,H2_dominant,-0.39427710274579597,0.5909090909090908,,,1.0
SJ1300_dry,72,,,,H2_dominant,-0.39427710274579597,0.5909090909090908,,,1.0
SJ1300_dry,73,,,,H2_dominant,-0.39427710274579597,0.5909090909090908,,,1.0
SJ1300_dry,74,,,,H2_dominant,-0.39427710274579597,0.5909090909090908,,,1.0
SJ1300_dry,75,,,,H2_dominant,-0.39427710274579597,0.5909090909090908,,,1.0
SJ1300_dry,76,,,,H2_dominant,-0.39427710274579597,0.5909090909090908,,,1.0
SJ1300_dry,77,,,,H2_dominant,-0.39427710274579597,0.5909090909090908,,,1.0
SJ1300_dry,78,,,,H2_dominant,-0.39427710274579597,0.5909090909090908,,,1.0
SJ1300_dry,79,,,,H2_dominant,-0.39427710274579597,0.5909090909090908,,,1.0
SJ1300_dry,80,,,,H2_dominant,-0.39427710274579597,0.5909090909090908,,,1.0
SJ1300_dry,81,,,,H2_dominant,-0.39427710274579597,0.5909090909090908,,,1.0
SJ1300_dry,82,,,,H2_dominant,-0.39427710274579597,0.5909090909090908,,,1.0
SJ1300_dry,83,,,,H2_dominant,-0.39427710274579597,0.5909090909090908,,,1.0
SJ1300_dry,84,,,,H2_dominant,-0.39427710274579597,0.5909090909090908,,,1.0
SJ1300_dry,85,,,,H2_dominant,-0.39427710274579597,0.5909090909090908,,,1.0
SJ1300_dry,86,,,,H2_dominant,-0.39427710274579597,0.5909090909090908,,,1.0
SJ1300_dry,87,,,,H2_dominant,-0.39427710274579597,0.5909090909090908,,,1.0
SJ1300_dry,88,,,,H2_dominant,-0.39427710274579597,0.5909090909090908,,,1.0
SJ1300_dry,89,,,,H2_dominant,-0.39427710274579597,0.5909090909090908,,,1.0
SJ1300_dry,90,,,,H2_dominant,-0.39427710274579597,0.5909090909090908,,,1.0
SJ1300_dry,91,,,,H2_dominant,-0.39427710274579597,0.5909090909090908,,,1.0
SJ1300_dry,92,,,,H2_dominant,-0.39427710274579597,0.5909090909090908,,,1.0
SJ1300_dry,93,,,,H2_dominant,-0.39427710274579597,0.5909090909090908,,,1.0
SJ1300_dry,94,,,,H2_dominant,-0.39427710274579597,0.5909090909090908,,,1.0
SJ1300_dry,95,,,,H2_dominant,-0.39427710274579597,0.5909090909090908,,,1.0
SJ1300_dry,96,,,,H2_dominant,-0.39427710274579597,0.5909090909090908,,,1.0
SJ1300_dry,97,,,,H2_dominant,-0.39427710274579597,0.5909090909090908,,,1.0
SJ1300_dry,98,,,,H2_dominant,-0.39427710274579597,0.5909090909090908,,,1.0
SJ1300_dry,99,,,,H2_dominant,-0.39427710274579597,0.5909090909090908,,,1.0
SJ1300_dry,100,,,,H2_dominant,-0.39427710274579597,0.5909090909090908,,,1.0
SJ1300_dry,101,,,,H2_dominant,-0.39427710274579597,0.5909090909090908,,,1.0
SJ1300_dry,102,,,,H2_dominant,-0.39427710274579597,0.5909090909090908,,,1.0
SJ1300_dry,103,,,,H2_dominant,-0.39427710274579597,0.5909090909090908,,,1.0
SJ1300_dry,104,,,,H2_dominant,-0.39427710274579597,0.5909090909090908,,,1.0
SJ1300_dry,105,,,,H2_dominant,-0.39427710274579597,0.5909090909090908,,,1.0
SJ1300_dry,106,,,,H2_dominant,-0.39427710274579597,0.5909090909090908,,,1.0
SJ1300_dry,107,,,,H2_dominant,-0.39427710274579597,0.5909090909090908,,,1.0
SJ1300_dry,108,,,,H2_dominant,-0.39427710274579597,0.5909090909090908,,,1.0
SJ1300_dry,109,,,,H2_dominant,-0.39427710274579597,0.5909090909090908,,,1.0
SJ1300_dry,110,,,,H2_dominant,-0.39427710274579597,0.5909090909090908,,,1.0
SJ1300_dry,111,,,,H2_dominant,-0.39427710274579597,0.5909090909090908,,,1.0
SJ1300_dry,112,,,,H2_dominant,-0.39427710274579597,0.5909090909090908,,,1.0
SJ1300_dry,113,,,,H2_dominant,-0.39427710274579597,0.5909090909090908,,,1.0
SJ1300_dry,114,,,,H2_dominant,-0.39427710274579597,0.5909090909090908,,,1.0
SJ1300_dry,115,,,,H2_dominant,-0.39427710274579597,0.5909090909090908,,,1.0
SJ1300_dry,116,,,,H2_dominant,-0.39427710274579597,0.5909090909090908,,,1.0
SJ1300_dry,117,,,,H2_dominant,-0.39427710274579597,0.5909090909090908,,,1.0
SJ1300_dry,118,,,,H2_dominant,-0.39427710274579597,0.5909090909090908,,,1.0
SJ1300_dry,119,,,,H2_dominant,-0.39427710274579597,0.5909090909090908,,,1.0
SJ1300_dry,120,,,,H2_dominant,-0.39427710274579597,0.5909090909090908,,,1.0
SJ1300_dry,121,,,,H2_dominant,-0.39427710274579597,0.5909090909090908,,,1.0
SJ1300_dry,122,,,,H2_dominant,-0.39427710274579597,0.5909090909090908,,,1.0
SJ1300_dry,123,,,,H2_dominant,-0.39427710274579597,0.5909090909090908,,,1.0
SJ1300_dry,124,,,,H2_dominant,-0.39427710274579597,0.5909090909090908,,,1.0
SJ1300_dry,125,,,,H2_dominant,-0.39427710274579597,0.5909090909090908,,,1.0
SJ1300_dry,126,,,,H2_dominant,-0.39427710274579597,0.5909090909090908,,,1.0
SJ1300_dry,127,,,,H2_dominant,-0.39427710274579597,0.5909090909090908,,,1.0
SJ1300_dry,128,,,,H2_dominant,-0.39427710274579597,0.5909090909090908,,,1.0
SJ1300_dry,129,,,,H2_dominant,-0.39427710274579597,0.5909090909090908,,,1.0
SJ1300_dry,130,,,,H2_dominant,-0.39427710274579597,0.5909090909090908,,,1.0
SJ1300_dry,131,,,,H2_dominant,-0.39427710274579597,0.5909090909090908,,,1.0
SJ1300_dry,132,,,,H2_dominant,-0.39427710274579597,0.5909090909090908,,,1.0
SJ1300_dry,133,,,,H2_dominant,-0.39427710274579597,0.5909090909090908,,,1.0
SJ1300_dry,134,,,,H2_dominant,-0.39427710274579597,0.5909090909090908,,,1.0
SJ1300_dry,135,,,,H2_dominant,-0.39427710274579597,0.5909090909090908,,,1.0
SJ1300_dry,136,,,,H2_dominant,-0.39427710274579597,0.5909090909090908,,,1.0
SJ1300_dry,137,,,,H2_dominant,-0.39427710274579597,0.5909090909090908,,,1.0
SJ1300_dry,138,,,,H2_dominant,-0.39427710274579597,0.5909090909090908,,,1.0
SJ1300_dry,139,,,,H2_dominant,-0.39427710274579597,0.5909090909090908,,,1.0
SJ1300_dry,140,,,,H2_dominant,-0.39427710274579597,0.5909090909090908,,,1.0
SJ1300_dry,141,,,,H2_dominant,-0.39427710274579597,0.5909090909090908,,,1.0
SJ1300_dry,142,,,,H2_dominant,-0.39427710274579597,0.5909090909090908,,,1.0
SJ1300_dry,143,,,,H2_dominant,-0.39427710274579597,0.5909090909090908,,,1.0
SJ1300_dry,144,,,,H2_dominant,-0.39427710274579597,0.5909090909090908,,,1.0
SJ1300_dry,145,,,,H2_dominant,-0.39427710274579597,0.5909090909090908,,,1.0
SJ1300_dry,146,,,,H2_dominant,-0.39427710274579597,0.5909090909090908,,,1.0
SJ1300_dry,147,,,,H2_dominant,-0.39427710274579597,0.5909090909090908,,,1.0
SJ1300_dry,148,,,,H2_dominant,-0.39427710274579597,0.5909090909090908,,,1.0
SJ1300_dry,149,,,,H2_dominant,-0.39427710274579597,0.5909090909090908,,,1.0
SJ1300_dry,150,,,,H2_dominant,-0.39427710274579597,0.5909090909090908,,,1.0
SJ1300_dry,151,,,,H2_dominant,-0.39427710274579597,0.5909090909090908,,,1.0
SJ1300_dry,152,,,,H2_dominant,-0.39427710274579597,0.5909090909090908,,,1.0
SJ1300_dry,153,,,,H2_dominant,-0.39427710274579597,0.5909090909090908,,,1.0
SJ1300_dry,154,,,,H2_dominant,-0.39427710274579597,0.5909090909090908,,,1.0
SJ1300_dry,155,,,,H2_dominant,-0.39427710274579597,0.5909090909090908,,,1.0
SJ1300_dry,156,,,,H2_dominant,-0.39427710274579597,0.5909090909090908,,,1.0
SJ1300_dry,157,,,,H2_dominant,-0.39427710274579597,0.5909090909090908,,,1.0
SJ1300_dry,158,,,,H2_dominant,-0.39427710274579597,0.5909090909090908,,,1.0
SJ1300_dry,159,,,,H2_dominant,-0.39427710274579597,0.5909090909090908,,,1.0
SJ1300_dry,160,,,,H2_dominant,-0.39427710274579597,0.5909090909090908,,,1.0
SJ1300_dry,161,,,,H2_dominant,-0.39427710274579597,0.5909090909090908,,,1.0
SJ1300_dry,162,,,,H2_dominant,-0.39427710274579597,0.5909090909090908,,,1.0
SJ1300_dry,163,,,,H2_dominant,-0.39427710274579597,0.5909090909090908,,,1.0
SJ1300_dry,164,,,,H2_dominant,-0.39427710274579597,0.5909090909090908,,,1.0
SJ1300_dry,165,,,,H2_dominant,-0.39427710274579597,0.5909090909090908,,,1.0
SJ1300_dry,166,,,,H2_dominant,-0.39427710274579597,0.5909090909090908,,,1.0
SJ1300_dry,167,,,,H2_dominant,-0.39427710274579597,0.5909090909090908,,,1.0
SJ1300_dry,168,,,,H2_dominant,-0.39427710274579597,0.5909090909090908,,,1.0
SJ1300_dry,169,,,,H2_dominant,-0.39427710274579597,0.5909090909090908,,,1.0
SJ1300_dry,170,,,,H2_dominant,-0.39427710274579597,0.5909090909090908,,,1.0
SJ1300_dry,171,,,,H2_dominant,-0.39427710274579597,0.5909090909090908,,,1.0
SJ1300_dry,172,,,,H2_dominant,-0.39427710274579597,0.5909090909090908,,,1.0
SJ1300_dry,173,,,,H2_dominant,-0.39427710274579597,0.5909090909090908,,,1.0
SJ1300_dry,174,,,,H2_dominant,-0.39427710274579597,0.5909090909090908,,,1.0
SJ1300_dry,175,,,,H2_dominant,-0.39427710274579597,0.5909090909090908,,,1.0
SJ1300_dry,176,,,,H2_dominant,-0.39427710274579597,0.5909090909090908,,,1.0
SJ1300_dry,177,,,,H2_dominant,-0.39427710274579597,0.5909090909090908,,,1.0
SJ1300_dry,178,,,,H2_dominant,-0.39427710274579597,0.5909090909090908,,,1.0
SJ1300_dry,179,,,,H2_dominant,-0.39427710274579597,0.5909090909090908,,,1.0
SJ1300_dry,180,,,,H2_dominant,-0.39427710274579597,0.5909090909090908,,,1.0
SJ1300_dry,181,,,,H2_dominant,-0.39427710274579597,0.5909090909090908,,,1.0
SJ1300_dry,182,,,,H2_dominant,-0.39427710274579597,0.5909090909090908,,,1.0
SJ1300_dry,183,,,,H2_dominant,-0.39427710274579597,0.5909090909090908,,,1.0
SJ1300_dry,184,,,,H2_dominant,-0.39427710274579597,0.5909090909090908,,,1.0
SJ1300_dry,185,,,,H2_dominant,-0.39427710274579597,0.5909090909090908,,,1.0
SJ1300_dry,186,,,,H2_dominant,-0.39427710274579597,0.5909090909090908,,,1.0
SJ1300_dry,187,,,,H2_dominant,-0.39427710274579597,0.5909090909090908,,,1.0
SJ1300_dry,188,,,,H2_dominant,-0.39427710274579597,0.5909090909090908,,,1.0
SJ1300_dry,189,,,,H2_dominant,-0.39427710274579597,0.5909090909090908,,,1.0
SJ1300_dry,190,,,,H2_dominant,-0.39427710274579597,0.5909090909090908,,,1.0
SJ1300_dry,191,,,,H2_dominant,-0.39427710274579597,0.5909090909090908,,,1.0
SJ1300_dry,192,,,,H2_dominant,-0.39427710274579597,0.5909090909090908,,,1.0
SJ1300_dry,193,,,,H2_dominant,-0.39427710274579597,0.5909090909090908,,,1.0
SJ1300_dry,194,,,,H2_dominant,-0.39427710274579597,0.5909090909090908,,,1.0
SJ1300_dry,195,,,,H2_dominant,-0.39427710274579597,0.5909090909090908,,,1.0
SJ1300_dry,196,,,,H2_dominant,-0.39427710274579597,0.5909090909090908,,,1.0
SJ1300_dry,197,,,,H2_dominant,-0.39427710274579597,0.5909090909090908,,,1.0
SJ1300_dry,198,,,,H2_dominant,-0.39427710274579597,0.5909090909090908,,,1.0
SJ1300_dry,199,,,,H2_dominant,-0.39427710274579597,0.5909090909090908,,,1.0
SJ1300_dry,200,,,,H2_dominant,-0.39427710274579597,0.5909090909090908,,,1.0
SJ1300_dry,201,,,,H2_dominant,-0.39427710274579597,0.5909090909090908,,,1.0
SJ1300_dry,202,,,,H2_dominant,-0.39427710274579597,0.5909090909090908,,,1.0
SJ1300_dry,203,,,,H2_dominant,-0.39427710274579597,0.5909090909090908,,,1.0
SJ1300_dry,204,,,,H2_dominant,-0.39427710274579597,0.5909090909090908,,,1.0
SJ1300_dry,205,,,,H2_dominant,-0.39427710274579597,0.5909090909090908,,,1.0
SJ1300_dry,206,,,,H2_dominant,-0.39427710274579597,0.5909090909090908,,,1.0
SJ1300_dry,207,,,,H2_dominant,-0.39427710274579597,0.5909090909090908,,,1.0
SJ1300_dry,208,,,,H2_dominant,-0.39427710274579597,0.5909090909090908,,,1.0
SJ1300_dry,209,,,,H2_dominant,-0.39427710274579597,0.5909090909090908,,,1.0
SJ1300_dry,210,,,,H2_dominant,-0.39427710274579597,0.5909090909090908,,,1.0
SJ1300_dry,211,,,,H2_dominant,-0.39427710274579597,0.5909090909090908,,,1.0
SJ1300_dry,212,,,,H2_dominant,-0.39427710274579597,0.5909090909090908,,,1.0
SJ1300_dry,213,,,,H2_dominant,-0.39427710274579597,0.5909090909090908,,,1.0
SJ1300_dry,214,,,,H2_dominant,-0.39427710274579597,0.5909090909090908,,,1.0
SJ1300_dry,215,,,,H2_dominant,-0.39427710274579597,0.5909090909090908,,,1.0
SJ1300_dry,216,,,,H2_dominant,-0.39427710274579597,0.5909090909090908,,,1.0
SJ1300_dry,217,,,,H2_dominant,-0.39427710274579597,0.5909090909090908,,,1.0
SJ1300_dry,218,,,,H2_dominant,-0.39427710274579597,0.5909090909090908,,,1.0
SJ1300_dry,219,,,,H2_dominant,-0.39427710274579597,0.5909090909090908,,,1.0
SJ1300_dry,220,,,,H2_dominant,-0.39427710274579597,0.5909090909090908,,,1.0
SJ1300_dry,221,,,,H2_dominant,-0.39427710274579597,0.5909090909090908,,,1.0
SJ1300_dry,222,,,,H2_dominant,-0.39427710274579597,0.5909090909090908,,,1.0
SJ1300_dry,223,,,,H2_dominant,-0.39427710274579597,0.5909090909090908,,,1.0
SJ1300_dry,224,,,,H2_dominant,-0.39427710274579597,0.5909090909090908,,,1.0
SJ1300_dry,225,,,,H2_dominant,-0.39427710274579597,0.5909090909090908,,,1.0
SJ1300_dry,226,,,,H2_dominant,-0.39427710274579597,0.5909090909090908,,,1.0
SJ1300_dry,227,,,,H2_dominant,-0.39427710274579597,0.5909090909090908,,,1.0
SJ1300_dry,228,,,,H2_dominant,-0.39427710274579597,0.5909090909090908,,,1.0
SJ1300_dry,229,,,,H2_dominant,-0.39427710274579597,0.5909090909090908,,,1.0
SJ1300_dry,230,,,,H2_dominant,-0.39427710274579597,0.5909090909090908,,,1.0
SJ1300_dry,231,,,,H2_dominant,-0.39427710274579597,0.5909090909090908,,,1.0
SJ1300_dry,232,,,,H2_dominant,-0.39427710274579597,0.5909090909090908,,,1.0
SJ1300_dry,233,,,,H2_dominant,-0.39427710274579597,0.5909090909090908,,,1.0
SJ1300_dry,234,,,,H2_dominant,-0.39427710274579597,0.5909090909090908,,,1.0
SJ1300_dry,235,,,,H2_dominant,-0.39427710274579597,0.5909090909090908,,,1.0
SJ1300_dry,236,,,,H2_dominant,-0.39427710274579597,0.5909090909090908,,,1.0
SJ1300_dry,237,,,,H2_dominant,-0.39427710274579597,0.5909090909090908,,,1.0
SJ1300_dry,238,,,,H2_dominant,-0.39427710274579597,0.5909090909090908,,,1.0
SJ1300_dry,239,,,,H2_dominant,-0.39427710274579597,0.5909090909090908,,,1.0
SJ1300_dry,240,,,,H2_dominant,-0.39427710274579597,0.5909090909090908,,,1.0
SJ1300_dry,241,,,,H2_dominant,-0.39427710274579597,0.5909090909090908,,,1.0
SJ1300_dry,242,,,,H2_dominant,-0.39427710274579597,0.5909090909090908,,,1.0
SJ1300_dry,243,,,,H2_dominant,-0.39427710274579597,0.5909090909090908,,,1.0
SJ1300_dry,244,,,,H2_dominant,-0.39427710274579597,0.5909090909090908,,,1.0
SJ1300_dry,245,,,,H2_dominant,-0.39427710274579597,0.5909090909090908,,,1.0
SJ1300_dry,246,,,,H2_dominant,-0.39427710274579597,0.5909090909090908,,,1.0
SJ1300_dry,247,,,,H2_dominant,-0.39427710274579597,0.5909090909090908,,,1.0
SJ1300_dry,248,,,,H2_dominant,-0.39427710274579597,0.5909090909090908,,,1.0
SJ1300_dry,249,,,,H2_dominant,-0.39427710274579597,0.5909090909090908,,,1.0
SJ1300_dry,250,,,,H2_dominant,-0.39427710274579597,0.5909090909090908,,,1.0
SJ1300_dry,251,,,,H2_dominant,-0.39427710274579597,0.5909090909090908,,,1.0
SJ1300_dry,252,,,,H2_dominant,-0.39427710274579597,0.5909090909090908,,,1.0
SJ1300_dry,253,,,,H2_dominant,-0.39427710274579597,0.5909090909090908,,,1.0
SJ1300_dry,254,,,,H2_dominant,-0.39427710274579597,0.5909090909090908,,,1.0
SJ1300_dry,255,,,,H2_dominant,-0.39427710274579597,0.5909090909090908,,,1.0
SJ1300_dry,256,,,,H2_dominant,-0.39427710274579597,0.5909090909090908,,,1.0
SJ1300_dry,257,,,,H2_dominant,-0.39427710274579597,0.5909090909090908,,,1.0
SJ1300_dry,258,,,,H2_dominant,-0.39427710274579597,0.5909090909090908,,,1.0
SJ1300_dry,259,,,,H2_dominant,-0.39427710274579597,0.5909090909090908,,,1.0
SJ1300_dry,260,,,,H2_dominant,-0.39427710274579597,0.5909090909090908,,,1.0
SJ1300_dry,261,,,,H2_dominant,-0.39427710274579597,0.5909090909090908,,,1.0
SJ1300_dry,262,,,,H2_dominant,-0.39427710274579597,0.5909090909090908,,,1.0
SJ1300_dry,263,,,,H2_dominant,-0.39427710274579597,0.5909090909090908,,,1.0
SJ1300_dry,264,,,,H2_dominant,-0.39427710274579597,0.5909090909090908,,,1.0
SJ1300_dry,265,,,,H2_dominant,-0.39427710274579597,0.5909090909090908,,,1.0
SJ1300_dry,266,,,,H2_dominant,-0.39427710274579597,0.5909090909090908,,,1.0
SJ1300_dry,267,,,,H2_dominant,-0.39427710274579597,0.5909090909090908,,,1.0
SJ1300_dry,268,,,,H2_dominant,-0.39427710274579597,0.5909090909090908,,,1.0
SJ1300_dry,269,,,,H2_dominant,-0.39427710274579597,0.5909090909090908,,,1.0
SJ1300_dry,270,,,,H2_dominant,-0.39427710274579597,0.5909090909090908,,,1.0
SJ1300_dry,271,,,,H2_dominant,-0.39427710274579597,0.5909090909090908,,,1.0
SJ1300_dry,272,,,,H2_dominant,-0.39427710274579597,0.5909090909090908,,,1.0
SJ1300_dry,273,,,,H2_dominant,-0.39427710274579597,0.5909090909090908,,,1.0
SJ1300_dry,274,,,,H2_dominant,-0.39427710274579597,0.5909090909090908,,,1.0
SJ1300_dry,275,,,,H2_dominant,-0.39427710274579597,0.5909090909090908,,,1.0
SJ1300_dry,276,,,,H2_dominant,-0.39427710274579597,0.5909090909090908,,,1.0
SJ1300_dry,277,,,,H2_dominant,-0.39427710274579597,0.5909090909090908,,,1.0
SJ1300_dry,278,,,,H2_dominant,-0.39427710274579597,0.5909090909090908,,,1.0
SJ1300_dry,279,,,,H2_dominant,-0.39427710274579597,0.5909090909090908,,,1.0
SJ1300_dry,280,,,,H2_dominant,-0.39427710274579597,0.5909090909090908,,,1.0
SJ1300_dry,281,,,,H2_dominant,-0.39427710274579597,0.5909090909090908,,,1.0
SJ1300_dry,282,,,,H2_dominant,-0.39427710274579597,0.5909090909090908,,,1.0
SJ1300_dry,283,,,,H2_dominant,-0.39427710274579597,0.5909090909090908,,,1.0
SJ1300_dry,284,,,,H2_dominant,-0.39427710274579597,0.5909090909090908,,,1.0
SJ1300_dry,285,,,,H2_dominant,-0.39427710274579597,0.5909090909090908,,,1.0
SJ1300_dry,286,,,,H2_dominant,-0.39427710274579597,0.5909090909090908,,,1.0
SJ1300_dry,287,,,,H2_dominant,-0.39427710274579597,0.5909090909090908,,,1.0
SJ1300_dry,288,,,,H2_dominant,-0.39427710274579597,0.5909090909090908,,,1.0
SJ1300_dry,289,,,,H2_dominant,-0.39427710274579597,0.5909090909090908,,,1.0
SJ1300_dry,290,,,,H2_dominant,-0.39427710274579597,0.5909090909090908,,,1.0
SJ1300_dry,291,,,,H2_dominant,-0.39427710274579597,0.5909090909090908,,,1.0
SJ1300_dry,292,,,,H2_dominant,-0.39427710274579597,0.5909090909090908,,,1.0
SJ1300_dry,293,,,,H2_dominant,-0.39427710274579597,0.5909090909090908,,,1.0
SJ1300_dry,294,,,,H2_dominant,-0.39427710274579597,0.5909090909090908,,,1.0
SJ1300_dry,295,,,,H2_dominant,-0.39427710274579597,0.5909090909090908,,,1.0
SJ1300_dry,296,,,,H2_dominant,-0.39427710274579597,0.5909090909090908,,,1.0
SJ1300_dry,297,,,,H2_dominant,-0.39427710274579597,0.5909090909090908,,,1.0
SJ1300_dry,298,,,,H2_dominant,-0.39427710274579597,0.5909090909090908,,,1.0
SJ1300_dry,299,,,,H2_dominant,-0.39427710274579597,0.5909090909090908,,,1.0
SJ1300_dry,300,,,,H2_dominant,-0.39427710274579597,0.5909090909090908,,,1.0
SJ1300_dry,301,,,,H2_dominant,-0.39427710274579597,0.5909090909090908,,,1.0
SJ1300_dry,302,,,,H2_dominant,-0.39427710274579597,0.5909090909090908,,,1.0
SJ1300_dry,303,,,,H2_dominant,-0.39427710274579597,0.5909090909090908,,,1.0
SJ1300_dry,304,,,,H2_dominant,-0.39427710274579597,0.5909090909090908,,,1.0
SJ1300_dry,305,,,,H2_dominant,-0.39427710274579597,0.5909090909090908,,,1.0
SJ1300_dry,306,,,,H2_dominant,-0.39427710274579597,0.5909090909090908,,,1.0
SJ1300_dry,307,,,,H2_dominant,-0.39427710274579597,0.5909090909090908,,,1.0
SJ1300_dry,308,,,,H2_dominant,-0.39427710274579597,0.5909090909090908,,,1.0
SJ1300_dry,309,,,,H2_dominant,-0.39427710274579597,0.5909090909090908,,,1.0
SJ1300_dry,310,,,,H2_dominant,-0.39427710274579597,0.5909090909090908,,,1.0
SJ1300_dry,311,,,,H2_dominant,-0.39427710274579597,0.5909090909090908,,,1.0
SJ1300_dry,312,,,,H2_dominant,-0.39427710274579597,0.5909090909090908,,,1.0
SJ1300_dry,313,,,,H2_dominant,-0.39427710274579597,0.5909090909090908,,,1.0
SJ1300_dry,314,,,,H2_dominant,-0.39427710274579597,0.5909090909090908,,,1.0
SJ1300_dry,315,,,,H2_dominant,-0.39427710274579597,0.5909090909090908,,,1.0
SJ1300_dry,316,,,,H2_dominant,-0.39427710274579597,0.5909090909090908,,,1.0
SJ1300_dry,317,,,,H2_dominant,-0.39427710274579597,0.5909090909090908,,,1.0
SJ1300_dry,318,,,,H2_dominant,-0.39427710274579597,0.5909090909090908,,,1.0
SJ1300_dry,319,,,,H2_dominant,-0.39427710274579597,0.5909090909090908,,,1.0
SJ1300_dry,320,,,,H2_dominant,-0.39427710274579597,0.5909090909090908,,,1.0
SJ1300_dry,321,,,,H2_dominant,-0.39427710274579597,0.5909090909090908,,,1.0
SJ1300_dry,322,,,,H2_dominant,-0.39427710274579597,0.5909090909090908,,,1.0
SJ1300_dry,323,,,,H2_dominant,-0.39427710274579597,0.5909090909090908,,,1.0
SJ1300_dry,324,,,,H2_dominant,-0.39427710274579597,0.5909090909090908,,,1.0
SJ1300_dry,325,,,,H2_dominant,-0.39427710274579597,0.5909090909090908,,,1.0
SJ1300_dry,326,,,,H2_dominant,-0.39427710274579597,0.5909090909090908,,,1.0
SJ1300_dry,327,,,,H2_dominant,-0.39427710274579597,0.5909090909090908,,,1.0
SJ1300_dry,328,,,,H2_dominant,-0.39427710274579597,0.5909090909090908,,,1.0
SJ1300_dry,329,,,,H2_dominant,-0.39427710274579597,0.5909090909090908,,,1.0
SJ1300_dry,330,,,,H2_dominant,-0.39427710274579597,0.5909090909090908,,,1.0
SJ1300_dry,331,,,,H2_dominant,-0.39427710274579597,0.5909090909090908,,,1.0
SJ1300_dry,332,,,,H2_dominant,-0.39427710274579597,0.5909090909090908,,,1.0
SJ1300_dry,333,,,,H2_dominant,-0.39427710274579597,0.5909090909090908,,,1.0
SJ1300_dry,334,,,,H2_dominant,-0.39427710274579597,0.5909090909090908,,,1.0
SJ1300_dry,335,,,,H2_dominant,-0.39427710274579597,0.5909090909090908,,,1.0
SJ1300_dry,336,,,,H2_dominant,-0.39427710274579597,0.5909090909090908,,,1.0
SJ1300_dry,337,,,,H2_dominant,-0.39427710274579597,0.5909090909090908,,,1.0
SJ1300_dry,338,,,,H2_dominant,-0.39427710274579597,0.5909090909090908,,,1.0
SJ1300_dry,339,,,,H2_dominant,-0.39427710274579597,0.5909090909090908,,,1.0
SJ1300_dry,340,,,,H2_dominant,-0.39427710274579597,0.5909090909090908,,,1.0
SJ1300_dry,341,,,,H2_dominant,-0.39427710274579597,0.5909090909090908,,,1.0
SJ1300_dry,342,,,,H2_dominant,-0.39427710274579597,0.5909090909090908,,,1.0
SJ1300_dry,343,,,,H2_dominant,-0.39427710274579597,0.5909090909090908,,,1.0
SJ1300_dry,344,,,,H2_dominant,-0.39427710274579597,0.5909090909090908,,,1.0
SJ1300_dry,345,,,,H2_dominant,-0.39427710274579597,0.5909090909090908,,,1.0
SJ1300_dry,346,,,,H2_dominant,-0.39427710274579597,0.5909090909090908,,,1.0
SJ1300_dry,347,,,,H2_dominant,-0.39427710274579597,0.5909090909090908,,,1.0
SJ1300_dry,348,,,,H2_dominant,-0.39427710274579597,0.5909090909090908,,,1.0
SJ1300_dry,349,,,,H2_dominant,-0.39427710274579597,0.5909090909090908,,,1.0
SJ1300_dry,350,,,,H2_dominant,-0.39427710274579597,0.5909090909090908,,,1.0
SJ1300_dry,351,,,,H2_dominant,-0.39427710274579597,0.5909090909090908,,,1.0
SJ1300_dry,352,,,,H2_dominant,-0.39427710274579597,0.5909090909090908,,,1.0
SJ1300_dry,353,,,,H2_dominant,-0.39427710274579597,0.5909090909090908,,,1.0
SJ1300_dry,354,,,,H2_dominant,-0.39427710274579597,0.5909090909090908,,,1.0
SJ1300_dry,355,,,,H2_dominant,-0.39427710274579597,0.5909090909090908,,,1.0
SJ1300_dry,356,,,,H2_dominant,-0.39427710274579597,0.5909090909090908,,,1.0
SJ1300_dry,357,,,,H2_dominant,-0.39427710274579597,0.5909090909090908,,,1.0
SJ1300_dry,358,,,,H2_dominant,-0.39427710274579597,0.5909090909090908,,,1.0
SJ1300_dry,359,,,,H2_dominant,-0.39427710274579597,0.5909090909090908,,,1.0
SJ1300_dry,360,,,,H2_dominant,-0.39427710274579597,0.5909090909090908,,,1.0
SJ1300_dry,361,,,,H2_dominant,-0.39427710274579597,0.5909090909090908,,,1.0
SJ1300_dry,362,,,,H2_dominant,-0.39427710274579597,0.5909090909090908,,,1.0
SJ1300_dry,363,,,,H2_dominant,-0.39427710274579597,0.5909090909090908,,,1.0
SJ1300_dry,364,,,,H2_dominant,-0.39427710274579597,0.5909090909090908,,,1.0
SJ1300_dry,365,,,,H2_dominant,-0.39427710274579597,0.5909090909090908,,,1.0
SJ1300_dry,366,,,,H2_dominant,-0.39427710274579597,0.5909090909090908,,,1.0
SJ1300_dry,367,,,,H2_dominant,-0.39427710274579597,0.5909090909090908,,,1.0
SJ1300_dry,368,,,,H2_dominant,-0.39427710274579597,0.5909090909090908,,,1.0
SJ1300_dry,369,,,,H2_dominant,-0.39427710274579597,0.5909090909090908,,,1.0
SJ1300_dry,370,,,,H2_dominant,-0.39427710274579597,0.5909090909090908,,,1.0
SJ1300_dry,371,,,,H2_dominant,-0.39427710274579597,0.5909090909090908,,,1.0
SJ1300_dry,372,,,,H2_dominant,-0.39427710274579597,0.5909090909090908,,,1.0
SJ1300_dry,373,,,,H2_dominant,-0.39427710274579597,0.5909090909090908,,,1.0
SJ1300_dry,374,,,,H2_dominant,-0.39427710274579597,0.5909090909090908,,,1.0
SJ1300_dry,375,,,,H2_dominant,-0.39427710274579597,0.5909090909090908,,,1.0
SJ1300_dry,376,,,,H2_dominant,-0.39427710274579597,0.5909090909090908,,,1.0
SJ1300_dry,377,,,,H2_dominant,-0.39427710274579597,0.5909090909090908,,,1.0
SJ1300_dry,378,,,,H2_dominant,-0.39427710274579597,0.5909090909090908,,,1.0
SJ1300_dry,379,,,,H2_dominant,-0.39427710274579597,0.5909090909090908,,,1.0
SJ1300_dry,380,,,,H2_dominant,-0.39427710274579597,0.5909090909090908,,,1.0
SJ1300_dry,381,,,,H2_dominant,-0.39427710274579597,0.5909090909090908,,,1.0
SJ1300_dry,382,,,,H2_dominant,-0.39427710274579597,0.5909090909090908,,,1.0
SJ1300_dry,383,,,,H2_dominant,-0.39427710274579597,0.5909090909090908,,,1.0
SJ1300_dry,384,,,,H2_dominant,-0.39427710274579597,0.5909090909090908,,,1.0
SJ1300_dry,385,,,,H2_dominant,-0.39427710274579597,0.5909090909090908,,,1.0
SJ1300_dry,386,,,,H2_dominant,-0.39427710274579597,0.5909090909090908,,,1.0
SJ1300_dry,387,,,,H2_dominant,-0.39427710274579597,0.5909090909090908,,,1.0
SJ1300_dry,388,,,,H2_dominant,-0.39427710274579597,0.5909090909090908,,,1.0
SJ1300_dry,389,,,,H2_dominant,-0.39427710274579597,0.5909090909090908,,,1.0
SJ1300_dry,390,,,,H2_dominant,-0.39427710274579597,0.5909090909090908,,,1.0
SJ1300_dry,391,,,,H2_dominant,-0.39427710274579597,0.5909090909090908,,,1.0
SJ1300_dry,392,,,,H2_dominant,-0.39427710274579597,0.5909090909090908,,,1.0
SJ1300_dry,393,,,,H2_dominant,-0.39427710274579597,0.5909090909090908,,,1.0
SJ1300_dry,394,,,,H2_dominant,-0.39427710274579597,0.5909090909090908,,,1.0
SJ1300_dry,395,,,,H2_dominant,-0.39427710274579597,0.5909090909090908,,,1.0
SJ1300_dry,396,,,,H2_dominant,-0.39427710274579597,0.5909090909090908,,,1.0
SJ1300_dry,397,,,,H2_dominant,-0.39427710274579597,0.5909090909090908,,,1.0
SJ1300_dry,398,,,,H2_dominant,-0.39427710274579597,0.5909090909090908,,,1.0
SJ1300_dry,399,,,,H2_dominant,-0.39427710274579597,0.5909090909090908,,,1.0
SJ1300_dry,400,,,,H2_dominant,-0.39427710274579597,0.5909090909090908,,,1.0
SJ1300_dry,401,,,,H2_dominant,-0.39427710274579597,0.5909090909090908,,,1.0
SJ1300_dry,402,,,,H2_dominant,-0.39427710274579597,0.5909090909090908,,,1.0
SJ1300_dry,403,,,,H2_dominant,-0.39427710274579597,0.5909090909090908,,,1.0
SJ1300_dry,404,,,,H2_dominant,-0.39427710274579597,0.5909090909090908,,,1.0
SJ1300_dry,405,,,,H2_dominant,-0.39427710274579597,0.5909090909090908,,,1.0
SJ1300_dry,406,,,,H2_dominant,-0.39427710274579597,0.5909090909090908,,,1.0
SJ1300_dry,407,,,,H2_dominant,-0.39427710274579597,0.5909090909090908,,,1.0
SJ1300_dry,408,,,,H2_dominant,-0.39427710274579597,0.5909090909090908,,,1.0
SJ1300_dry,409,,,,H2_dominant,-0.39427710274579597,0.5909090909090908,,,1.0
SJ1300_dry,410,,,,H2_dominant,-0.39427710274579597,0.5909090909090908,,,1.0
SJ1300_dry,411,,,,H2_dominant,-0.39427710274579597,0.5909090909090908,,,1.0
SJ1300_dry,412,,,,H2_dominant,-0.39427710274579597,0.5909090909090908,,,1.0
SJ1300_dry,413,,,,H2_dominant,-0.39427710274579597,0.5909090909090908,,,1.0
SJ1300_dry,414,,,,H2_dominant,-0.39427710274579597,0.5909090909090908,,,1.0
SJ1300_dry,415,,,,H2_dominant,-0.39427710274579597,0.5909090909090908,,,1.0
SJ1300_dry,416,,,,H2_dominant,-0.39427710274579597,0.5909090909090908,,,1.0
SJ1300_dry,417,,,,H2_dominant,-0.39427710274579597,0.5909090909090908,,,1.0
SJ1300_dry,418,,,,H2_dominant,-0.39427710274579597,0.5909090909090908,,,1.0
SJ1300_dry,419,,,,H2_dominant,-0.39427710274579597,0.5909090909090908,,,1.0
SJ1300_dry,420,,,,H2_dominant,-0.39427710274579597,0.5909090909090908,,,1.0
SJ1300_dry,421,,,,H2_dominant,-0.39427710274579597,0.5909090909090908,,,1.0
SJ1300_dry,422,,,,H2_dominant,-0.39427710274579597,0.5909090909090908,,,1.0
SJ1300_dry,423,,,,H2_dominant,-0.39427710274579597,0.5909090909090908,,,1.0
SJ1300_dry,424,,,,H2_dominant,-0.39427710274579597,0.5909090909090908,,,1.0
SJ1300_dry,425,,,,H2_dominant,-0.39427710274579597,0.5909090909090908,,,1.0
SJ1300_dry,426,,,,H2_dominant,-0.39427710274579597,0.5909090909090908,,,1.0
SJ1300_dry,427,,,,H2_dominant,-0.39427710274579597,0.5909090909090908,,,1.0
SJ1300_dry,428,,,,H2_dominant,-0.39427710274579597,0.5909090909090908,,,1.0
SJ1300_dry,429,,,,H2_dominant,-0.39427710274579597,0.5909090909090908,,,1.0
SJ1300_dry,430,,,,H2_dominant,-0.39427710274579597,0.5909090909090908,,,1.0
SJ1300_dry,431,,,,H2_dominant,-0.39427710274579597,0.5909090909090908,,,1.0
SJ1300_dry,432,,,,H2_dominant,-0.39427710274579597,0.5909090909090908,,,1.0
SJ1300_dry,433,,,,H2_dominant,-0.39427710274579597,0.5909090909090908,,,1.0
SJ1300_dry,434,,,,H2_dominant,-0.39427710274579597,0.5909090909090908,,,1.0
SJ1300_dry,435,,,,H2_dominant,-0.39427710274579597,0.5909090909090908,,,1.0
SJ1300_dry,436,,,,H2_dominant,-0.39427710274579597,0.5909090909090908,,,1.0
SJ1300_dry,437,,,,H2_dominant,-0.39427710274579597,0.5909090909090908,,,1.0
SJ1300_dry,438,,,,H2_dominant,-0.39427710274579597,0.5909090909090908,,,1.0
SJ1300_dry,439,,,,H2_dominant,-0.39427710274579597,0.5909090909090908,,,1.0
SJ1300_dry,440,,,,H2_dominant,-0.39427710274579597,0.5909090909090908,,,1.0
SJ1300_dry,441,,,,H2_dominant,-0.39427710274579597,0.5909090909090908,,,1.0
SJ1300_dry,442,,,,H2_dominant,-0.39427710274579597,0.5909090909090908,,,1.0
SJ1300_dry,443,,,,H2_dominant,-0.39427710274579597,0.5909090909090908,,,1.0
SJ1300_dry,444,,,,H2_dominant,-0.39427710274579597,0.5909090909090908,,,1.0
SJ1300_dry,445,,,,H2_dominant,-0.39427710274579597,0.5909090909090908,,,1.0
SJ1300_dry,446,,,,H2_dominant,-0.39427710274579597,0.5909090909090908,,,1.0
SJ1300_dry,447,,,,H2_dominant,-0.39427710274579597,0.5909090909090908,,,1.0
SJ1300_dry,448,,,,H2_dominant,-0.39427710274579597,0.5909090909090908,,,1.0
SJ1300_dry,449,,,,H2_dominant,-0.39427710274579597,0.5909090909090908,,,1.0
SJ1300_dry,450,,,,H2_dominant,-0.39427710274579597,0.5909090909090908,,,1.0
SJ1300_dry,451,,,,H2_dominant,-0.39427710274579597,0.5909090909090908,,,1.0
SJ1300_dry,452,,,,H2_dominant,-0.39427710274579597,0.5909090909090908,,,1.0
SJ1300_dry,453,,,,H2_dominant,-0.39427710274579597,0.5909090909090908,,,1.0
SJ1300_dry,454,,,,H2_dominant,-0.39427710274579597,0.5909090909090908,,,
