cycle,cycle_role,chg_V_cutoff,dchg_V_cutoff,chg_I_cutoff,chg_temp_avg,dchg_temp_avg,cycle_duration_h,SoHQ,dchgCapa,chgCapa,chgCCcapa,chgCVcapa,chgCapa_CCratio,chgCapa_CCratio_norm,delta_chgCapa_CCratio,chgCVtime,tau_CV,Q_CV_at_Tref,CE,CE_rev,CE_local_20,CI,CI_per_hour,VE,EE,chg_E,dchg_E,dE,Q_relax,Q_relax_pct,dSoHQ_dN,d2SoHQ,EoC_restV_init,EoC_restV_60s,EoC_restV_30m,EoC_restV_end,EoC_restV_relax,EoC_restV_relax_60s,EoC_restV_tau,delta_EoC_restV_60s,delta_EoC_restV_30m,delta_EoC_restV_end,delta_EoC_restV_tau,EoD_restV_init,EoD_restV_60s,EoD_restV_30m,EoD_restV_end,EoD_restV_relax,EoD_restV_relax_60s,EoD_restV_tau,delta_EoD_restV_60s,delta_EoD_restV_30m,delta_EoD_restV_end,delta_EoD_restV_tau,EoC_dchgR_10s,EoC_dchgR_10s_inc,EoC_dchgR_30s,EoC_dchgR_30s_inc,EoC_dchgR_60s,EoC_dchgR_60s_inc,EoD_chgR_10s,EoD_chgR_10s_inc,EoD_chgR_30s,EoD_chgR_30s_inc,EoD_chgR_60s,EoD_chgR_60s_inc,EoC_dchgR_10_60_ratio,EoD_chgR_10_60_ratio,EoC_dchgR_10s_T25,EoD_chgR_10s_T25,EoC_dchgR_10s_growth_50,R_ohmic_soc80,R_ct_soc80,tau_ct_soc80,A_diff_soc80,R_30s_total_soc80,R_ohmic_frac_soc80,R_ct_frac_soc80,R_diff_frac_soc80,R_recovery_tau1_soc80,R_recovery_tau2_soc80,V_inf_est_soc80,V_inf_rest_soc80,self_discharge_rate_soc80,dcir_fit_r2_soc80,dcir_fit_rmse_soc80,pulse_current_A_soc80,n_t_le_1s_soc80,relax_amp_ratio_soc80,relax_completeness_soc80,recovery_fit_r2_soc80,dcir_fit_valid_soc80,dcir_fit_cond_soc80,sd_fit_valid_soc80,n_points_soc80,R_ohmic_soc50,R_ct_soc50,tau_ct_soc50,A_diff_soc50,R_30s_total_soc50,R_ohmic_frac_soc50,R_ct_frac_soc50,R_diff_frac_soc50,R_recovery_tau1_soc50,R_recovery_tau2_soc50,V_inf_est_soc50,V_inf_rest_soc50,self_discharge_rate_soc50,dcir_fit_r2_soc50,dcir_fit_rmse_soc50,pulse_current_A_soc50,n_t_le_1s_soc50,relax_amp_ratio_soc50,relax_completeness_soc50,recovery_fit_r2_soc50,dcir_fit_valid_soc50,dcir_fit_cond_soc50,sd_fit_valid_soc50,n_points_soc50,R_ohmic_soc20,R_ct_soc20,tau_ct_soc20,A_diff_soc20,R_30s_total_soc20,R_ohmic_frac_soc20,R_ct_frac_soc20,R_diff_frac_soc20,R_recovery_tau1_soc20,R_recovery_tau2_soc20,V_inf_est_soc20,V_inf_rest_soc20,self_discharge_rate_soc20,dcir_fit_r2_soc20,dcir_fit_rmse_soc20,pulse_current_A_soc20,n_t_le_1s_soc20,relax_amp_ratio_soc20,relax_completeness_soc20,recovery_fit_r2_soc20,dcir_fit_valid_soc20,dcir_fit_cond_soc20,sd_fit_valid_soc20,n_points_soc20,mech_vs_chem_ratio,R_ohmic_growth_100,R_ct_growth_100,R_ratio_20_50,R_ratio_80_50,R_SOC_slope,R_SOC_curvature,R_ohmic_soc50_ff,R_ct_soc50_ff,chg_V_avg,dchg_V_avg,delta_chg_V_avg,delta_dchg_V_avg,chg_ir_drop_proxy,dchg_ir_drop_proxy,hyst_area,hyst_area_low,hyst_area_mid,hyst_area_high,hyst_frac_low,hyst_frac_high,hyst_max_dV,hyst_max_dV_low,hyst_max_dV_mid,hyst_max_dV_high,delta_hyst_area,delta_hyst_max_dV,chg_plateau_V,chg_plateau_width,dchg_plateau_V,dchg_plateau_width,delta_dchg_plateau_V,dchg_V_cutoff_margin,delta_dchg_V_cutoff_margin,dchg_shape_DTW,delta_dchg_shape_DTW,chg_dQdV_peak1_V,chg_dQdV_peak1,dchg_dQdV_peak1_V,dchg_dQdV_peak1,chg_dVdQ_peak1_Q,chg_dVdQ_peak1,dchg_dVdQ_peak1_Q,dchg_dVdQ_peak1,chg_dQdV_peak2_V,chg_dQdV_peak2,dchg_dQdV_peak2_V,dchg_dQdV_peak2,chg_dVdQ_peak2_Q,chg_dVdQ_peak2,dchg_dVdQ_peak2_Q,dchg_dVdQ_peak2,chg_dQdV_peak3_V,chg_dQdV_peak3,dchg_dQdV_peak3_V,dchg_dQdV_peak3,chg_dVdQ_peak3_Q,chg_dVdQ_peak3,dchg_dVdQ_peak3_Q,dchg_dVdQ_peak3,chg_dQdV_peak4_V,chg_dQdV_peak4,dchg_dQdV_peak4_V,dchg_dQdV_peak4,chg_dVdQ_peak4_Q,chg_dVdQ_peak4,dchg_dVdQ_peak4_Q,dchg_dVdQ_peak4,chg_dQdV_peak5_V,chg_dQdV_peak5,dchg_dQdV_peak5_V,dchg_dQdV_peak5,chg_dVdQ_peak5_Q,chg_dVdQ_peak5,dchg_dVdQ_peak5_Q,dchg_dVdQ_peak5,chg_dQdV_peak6_V,chg_dQdV_peak6,dchg_dQdV_peak6_V,dchg_dQdV_peak6,chg_dVdQ_peak6_Q,chg_dVdQ_peak6,dchg_dVdQ_peak6_Q,dchg_dVdQ_peak6,chg_dQdV_peak7_V,chg_dQdV_peak7,dchg_dQdV_peak7_V,dchg_dQdV_peak7,chg_dVdQ_peak7_Q,chg_dVdQ_peak7,dchg_dVdQ_peak7_Q,dchg_dVdQ_peak7,chg_dQdV_peak8_V,chg_dQdV_peak8,dchg_dQdV_peak8_V,dchg_dQdV_peak8,chg_dVdQ_peak8_Q,chg_dVdQ_peak8,dchg_dVdQ_peak8_Q,dchg_dVdQ_peak8,delta_chg_dQdV_peak1_V,delta_dchg_dQdV_peak1_V,dchg_dVdQ_SOC0,dchg_dVdQ_SOC5,dchg_dVdQ_SOC10,dchg_dVdQ_SOCmid,dchg_dVdQ_SOC0_Q,dchg_dVdQ_SOC0_cliff_width,dchg_dVdQ_SOC0_to_mid_ratio,chg_dVdQ_SOC100,delta_dchg_dVdQ_SOC0,delta_dchg_dVdQ_SOC5,delta_dchg_dVdQ_SOC10,delta_dchg_dVdQ_SOCmid,delta_chg_dVdQ_SOC100,delta_dchg_dVdQ_SOC0_cliff_width,delta_dchg_dVdQ_SOC0_to_mid_ratio,chg_dQdV_area_sum,dchg_dQdV_area_sum,RCF,RCF_slope_100,PER,eta_SOC20,eta_SOC50,eta_SOC80,eta_max,eta_mean,eta_argmax_SOC,eta_slope_lowSOC,Reff_scale,Reff_shape_fit_r2,Reff_resid_soc20,Reff_resid_soc50,Reff_resid_soc80,I_inf_norm,pulse_sample_count_1s,pulse_current_stability,rest_sufficiency,leg_completeness,relax_completeness_max,samples_per_mV,ocv_V_inf_soc80,ocv_V_inf_soc50,ocv_V_inf_soc20,ocv_spread_20_80,ocv_spread_50_80,ocv_spread_20_50,ocv_parallel_shift,ocv_spread_compression,delta_ocv_V_inf_soc80,delta_ocv_V_inf_soc50,delta_ocv_V_inf_soc20,delta_ocv_spread_20_80,LAM_curve_proxy,LLI_curve_proxy,R_curve_proxy,dchg_fit_scale,dchg_fit_offset,dchg_fit_dR,dchg_fit_residual_rms,dchg_fit_residual_max,dchg_fit_residual_argmax_SOC,dchg_fit_r2,dchg_fit_corr_s_o,dchg_fit_residual_argmax_DOD,dQV_min,dQV_mean,dQV_var,dQV_log_var,dQV_skew,dQV_kurtosis,dQV_argmin_V,dqdv_snr,quality_score,v_noise_sigma,dQV_ref_cycle,temperature_available,Q_relax_significant,dchg_fit_degenerate_flag,eta_valid,fade_exponent_b_se,dQV_valid_V_range,fade_exponent_b,fade_exponent_a,fade_fit_r2,fade_sohq0,knee_cycle_bw,knee_severity,knee_slope_before,knee_slope_after,knee_fit_r2,LAM_PE_pattern_score,LAM_NE_pattern_score,contact_loss_score,LLI_pattern_score,interface_R_score,solid_diffusion_score,SE_decomposition_score,microshort_score,impedance_pattern_score,transport_limitation_score,plating_risk_score,contact_loss_confidence,LAM_PE_confidence,LLI_confidence,PE_side_score,contact_stack_score,NE_side_score,shared_side_score,si_cosign,dominance_margin,pe_peak_hits,pe_peak_hits_delta,fc_ocp_hits,fc_ocp_hits_delta,electrode_confidence
7,routine_05c,4.199622,2.499968,33.69,0.0,0.0,5.16376388888889,97.48607242339834,69.995,66.821,66.548,0.0,100.0,,0.0,0.0,,,104.7500037413388,92.87663404528894,,-4.750003741338801,-0.9198723728557002,0.8986283529341128,0.9413132333192143,252.18512645195,237.3851967755,14.799929676449976,-0.3689999999999998,-0.513927576601671,,,4.199582,4.1884003,4.173603,4.173603,-0.0259790000000004,-0.0111817000000007,511.9110978408224,-0.0003577000000003,-0.0005335999999998,-0.0005335999999998,8.69599473232563,2.499968,2.908222,3.034276,3.034276,0.5343080000000002,0.4082539999999999,360.4114098573257,0.0593569999999998,0.0408600000000003,0.0408600000000003,1.0179165684381246,0.1566515153294737,24.97308047026977,0.4244283077935685,19.285760065231177,0.7443273315209322,15.706821396028005,0.2989278130096738,6.184628130622777,0.7937334047771658,0.5547870025667728,1.4056193272916426,-2.9404312094829828,0.2104605174303858,0.2126662654714986,0.0748561902355781,0.1428431585247956,,,,,,,,,,,,,,,,,,,,,,,,,,1.36156501128282,0.7174584411637338,,,,,,,,,,,,,,,,,,,,,,,,,,,,,,,,,,,,,,,,,,,,,,,1.8977615052857009,,,,,,,1.36156501128282,0.7174584411637338,3.789522246377802,3.4014700995214144,0.0301737547238944,-0.0334299023155773,0.0401908999999998,0.0396023000000003,0.5555032340564563,0.0800286391409856,0.2569583331838584,0.2161858711526733,0.1440651183190992,0.389171219713731,1.5473848248451612,0.6737122332872327,0.9710200090097878,1.5473848248451612,0.0092264836415938,0.0121697511641176,3.720825687538522,15.33671342685371,3.169546395921735,16.363352705410826,-0.0320926144471935,0.4078920138019168,-0.0322996892845028,0.0038292690495319,0.0023374422075231,3.71495139633681,103.13651184020932,3.167259058198968,-70.6002453610618,58.54623647294589,0.0152951048188131,12.587194388777556,-0.0233234681277344,4.196312078311242,305.37914084486255,3.6392975492542736,-54.68013008126829,,,,,,,3.980382692026047,-64.53788096086889,,,,,,,,,,,,,,,,,,,,,,,,,,,,,,,,,,,,,,,,,,,,,0.2808756031949628,-0.0193345977155345,0.1041202281104729,0.0447058491888861,0.0262142108904672,0.0190817169246023,69.789,4.615304609218441,5.456544006070507,0.0064373252598988,-0.0024452671457845,-0.0034696661718038,-0.0019088740107303,0.0005398780677508,-0.0041735197257532,-0.9752164328657216,-0.2907551738530767,66.62003842951144,69.78900000000002,0.9748607242339834,-0.0176172167778822,,,,,,,,,,,,,,,6,0.0373084760404268,3.0,0.999871176470588,,0.3623996267754493,,,,,,,,,,,,,-2.762189186996955,-0.7397424911422115,1.2138549508600769,1.0276218918699696,-0.5311351086401078,1.2138549508600769,6.374254769003788,56.51068223223099,99.45138938495607,0.999790618484948,0.3931015972083636,0.5486106150439316,-4.121420573197987,-2.934727451753397,0.5100576787696779,-0.2923807098717957,-0.2203106400376384,-1.0527515133665832,3.124791478018018,69.09198174532148,1.0,0.0246017114730552,3.0,False,True,False,,0.0459301392921336,0.7829806600000007,0.637574386854086,0.00292736263978,0.9466282346442774,97.32033426183844,30.0,0.0,-0.160856845837054,-0.0284025617219897,0.9809590457641866,0.5654472895015101,,0.7611415645028938,0.3590717378415189,0.4132569950977668,0.4643049975469499,0.1293959439877245,,,,,0.52,0.750967741935484,0.7200000000000001,0.5240854671261326,0.7611415645028938,0.1674511441906366,0.34150741861849,0.2,0.2370560973767612,0.0,0.0,0.0,0.0,0.8687499999999999
8,routine_05c,4.1996813,2.4999971,34.198,0.0,0.0,5.120819444444444,97.32033426183844,69.876,65.009,64.68900000000001,0.0,100.0,,0.0,0.0,,,107.486655693827,92.18329612456353,,-7.486655693827004,-1.4620034498480992,0.896972427887427,0.9641256652319194,245.650210424,236.8376725394,8.812537884600005,-0.3689999999999998,-0.513927576601671,,,4.199646,4.188477,4.1737614,4.1737614,-0.0258846000000003,-0.0111690000000006,519.0288617282266,-0.0002810000000001,-0.0003751999999996,-0.0003751999999996,15.813758619729867,2.4999971,2.907952,3.035077,3.035077,0.5350798999999999,0.4079549,364.5114175530593,0.0590869999999998,0.0416609999999999,0.0416609999999999,5.117924264171734,0.161395509432261,28.7577330190254,0.4343309760417295,22.068909273154038,0.7569581526773611,17.670301851119945,0.2589061736776279,-8.031790364747112,0.7162393243922146,-9.2626160450676,1.2836898864598274,-11.35979392044363,0.2132158942491142,0.2016890344066213,0.0771231158014612,0.1237187508158862,,,,,,,,,,,,,,,,,,,,,,,,,,1.36156501128282,0.7174584411637338,,,,,,,,,,,,,,,,,,,,,,,,,,,,,,,,,,,,,,,,,,,,,,,1.8977615052857009,,,,,,,1.36156501128282,0.7174584411637338,3.7974031199121954,3.3992747913739896,0.0380546282582878,-0.0356252104630021,0.0400551,0.0401313000000005,0.5567898143763272,0.0773611463476202,0.2603421055690939,0.216774565929222,0.1389413820981517,0.3893292591424936,1.5476870884845502,0.6548496721340653,0.97635162981519,1.5476870884845502,0.0105130639614647,0.0124720148035066,3.728900058603245,14.519374749499,3.167878994915428,16.615404809619235,-0.0337600154535002,0.4059536385714288,-0.0342380645149908,0.0035854511700042,0.0020936243279954,3.726626554933583,102.03984638545688,3.1616780680087,-70.17462976723223,56.78112625250502,0.01526747571786,12.56627254509018,-0.0232602803082869,4.172342606611442,84.40317084886297,3.639080473105213,-54.438674242965135,,,,,,,3.977987310438565,-63.7232725087201,,,,,,,,,,,,,,,,,,,,,,,,,,,,,,,,,,,,,,,,,,,,,0.2925507617917353,-0.0249155879058022,0.1035798192262487,0.044750144537983,0.0263210422068203,0.0190297734273836,69.673,4.747258517034069,5.443040066740804,0.00727191408531,-0.0029856760300086,-0.0034253708227069,-0.0018020426943772,0.0004879345705322,-0.003338930900342,-0.8432625250500934,-0.3042591131827796,64.68900000000002,69.67299999999992,0.9732033426183844,-0.0176172167778822,,,,,,,,,,,,,,,5,0.0359469942072725,3.0,0.9998358235294116,,0.3582941175813041,,,,,,,,,,,,,-2.8631920489273543,-0.6932303899265295,1.2714151534849638,1.0286319204892735,-0.4977394199672482,1.2714151534849638,6.330769748454262,55.91798944632931,99.4619039441296,0.9997898366922812,0.4824921769386976,0.538096055870399,-4.3228495928163255,-3.117543260873328,0.5250084223933893,-0.279833729412962,-0.1985615317537824,-1.018287621797521,3.123223949169169,75.8242527195727,1.0,0.0224165862377335,3.0,False,True,False,,0.0459301392921336,0.7829806600000007,0.637574386854086,0.00292736263978,0.9466282346442774,97.32033426183844,30.0,0.0,-0.160856845837054,-0.0284025617219897,0.9809590457641866,0.5711850575643381,,0.8178565232996016,0.3663329664328753,0.4530270373579946,0.4899033430720333,0.1424848356820597,,,,,0.52,0.750967741935484,0.7200000000000001,0.5283887931732536,0.8178565232996016,0.1799284351259124,0.3629370456362407,0.2,0.2894677301263479,0.0,0.0,0.0,0.0,0.8687499999999999
9,routine_05c,4.1996813,2.4999223,35.254,0.0,0.0,5.112694444444448,97.07799442896936,69.702,64.414,64.09700000000001,0.0,100.0,,0.0,0.0,,,108.2093954730338,92.39333161171848,,-8.209395473033808,-1.605688656390232,0.89629814671868,0.9698788062002892,243.4211885626,236.08905176695,7.332136795650001,-0.3689999999999998,-0.513927576601671,,,4.1997023,4.188267,4.1735535,4.1735535,-0.0261488000000005,-0.0114353000000004,526.5810157496065,-0.0004910000000002,-0.0005831,-0.0005831,23.365912641109787,2.4999223,2.907052,3.0349123,3.0349123,0.5349899999999996,0.4071297,369.2777845715525,0.0581870000000002,0.0414962999999999,0.0414962999999999,9.884291282664948,0.1635278406148642,30.45885921568083,0.4417855812848315,24.16402931128821,0.7740306603577968,20.324249265527,0.2717303367370122,-3.4764130251915075,0.7379434489594484,-6.513010686643662,1.3166166414045464,-9.086165083279557,0.2112679109368526,0.2063853123162217,0.0781420538456575,0.1298467987161335,,,,,,,,,,,,,,,,,,,,,,,,,,1.36156501128282,0.7174584411637338,,,,,,,,,,,,,,,,,,,,,,,,,,,,,,,,,,,,,,,,,,,,,,,1.8977615052857009,,,,,,,1.36156501128282,0.7174584411637338,3.7977001819523526,3.396915897137451,0.038351690298445,-0.0379841046995408,0.0400621999999999,0.0401816000000003,0.556896465978084,0.076597476795642,0.2613077590474129,0.2166885339546806,0.1375434779624843,0.3891002137607534,1.5467770098898042,0.6513961562883241,0.9765482493234768,1.5467770098898042,0.0106197155632214,0.0115619362087606,3.7315921209891942,14.90030460921844,3.167959780119409,16.85294789579158,-0.0336792302495196,0.4037979910374636,-0.0363937120489561,0.0033103674238557,0.0018185405818469,3.4999947860245237,75.01063544037038,3.1617075369370675,-70.1776302338962,56.51839679358719,0.0153452418008898,12.535250501002004,-0.0232869095470552,3.7383060539576936,101.6799708699018,3.6490498389539305,-54.17429281886688,,,,,3.9604622305024777,85.55483263070093,3.9760353097573073,-63.72845615042712,,,,,,,,,,,,,,,,,,,,,,,,,,,,,,,,,,,,,,,,,,,,,0.065918992882676,-0.0248861189774349,0.1030474117076939,0.0445785369565502,0.0264334055588066,0.0190013248644326,69.501,4.735539078156322,5.423169828572405,0.009728762381082,-0.0035180835485635,-0.0035969784041397,-0.0016896793423909,0.0004594860075812,-0.00088208260457,-0.8549819639278411,-0.3241293513511785,64.09699999999995,69.50099999999989,0.9707799442896936,-0.0176172167778822,,,,,,,,,,,,,,,5,0.0389590490303431,3.0,0.999883352941176,,0.3576887821679436,,,,,,,,,,,,,-3.109821278974501,-0.7067859702385979,1.3453335972308356,1.031098212789745,-0.5074723266313133,1.3453335972308356,6.32922929463497,54.703211707408,99.46486470976444,0.9997904206830592,0.5153056674618189,0.5351352902355744,-4.584892385119304,-3.3447882178186936,0.5674583511861176,-0.2460660081672248,-0.1389930338606882,-0.9840994663066605,3.124791478018018,74.33136802577162,1.0,0.022867892050778,3.0,False,True,False,,0.0459301392921336,0.7829806600000007,0.637574386854086,0.00292736263978,0.9466282346442774,97.32033426183844,30.0,0.0,-0.160856845837054,-0.0284025617219897,0.9809590457641866,0.5547866601961865,,0.8391680746513339,0.3740261828730823,0.4877762070617174,0.5258568892947525,0.1477356238165407,,,,,0.52,0.750967741935484,0.7200000000000001,0.4960899951471398,0.8391680746513339,0.1846169764232934,0.3838487257615233,0.2,0.3430780795041941,1.0,1.0,1.0,1.0,0.825
10,routine_05c,4.199686,2.499942,34.095,0.0,0.0,5.105513888888883,96.78133704735376,69.489,64.4,64.092,0.0,100.0,,0.0,0.0,,,107.90217391304348,89.19829037689418,633.2385898734215,-7.902173913043484,-1.5477724838318363,0.8951086892149754,0.9658417345475068,243.57490665975,235.2548103405,8.320096319250013,-0.3689999999999998,-0.513927576601671,,,4.199665,4.188069,4.173353,4.173353,-0.0263120000000007,-0.0115960000000008,517.209931955625,-0.0006890000000003,-0.0007836000000001,-0.0007836000000001,13.994828847128304,2.499942,2.9066982,3.0350962,3.0350962,0.5351542,0.4067562000000002,369.95562635737423,0.0578332000000001,0.0416802,0.0416802,10.562133068486672,0.169364262820285,35.115026507790546,0.4519474560826195,27.020028632453712,0.786105556756282,22.201310367260557,0.2829063534644329,0.4935125840537824,0.7653887769755409,-3.036076118608776,1.3549860157518732,-6.436717358276288,0.2154472276205947,0.2087891315302247,0.0809309980188769,0.1351872771179177,,,,,,,,,,,,,,,,,,,,,,,,,,1.36156501128282,0.7174584411637338,,,,,,,,,,,,,,,,,,,,,,,,,,,,,,,,,,,,,,,,,,,,,,,1.8977615052857009,,,,,,,1.36156501128282,0.7174584411637338,3.800394848963208,3.3949262632835957,0.0410463573093009,-0.0399737385533964,0.0401777999999999,0.0400969999999993,0.5593173453093782,0.0759790495399968,0.26349756505631,0.2175374597499002,0.1358424697127354,0.3889338701440996,1.5503738770739188,0.6489950320332882,0.981256696492177,1.5503738770739188,0.0130405948945157,0.0151588033928753,3.732956860370052,14.642260521042084,3.1693354376665006,16.942108216432864,-0.0323035727024278,0.4024417818536583,-0.0377499212327614,0.0038981302560315,0.0024063034140227,3.7319243037191416,102.73568359273656,3.16608454116577,-69.95144737488998,56.385547094188375,0.0152492921162125,12.498276553106212,-0.0233331584832007,,,3.6437633983129656,-53.65471570664975,,,,,,,3.976886755835939,-63.28521022128197,,,,,,,,,,,,,,,,,,,,,,,,,,,,,,,,,,,,,,,,,,,,,0.2978485105772943,-0.0205091147487324,0.102702939143431,0.0446341987419933,0.0265467709493658,0.018983527251307,69.296,4.721571142284574,5.410108342028988,0.006698030337789,-0.0038625561128264,-0.0035413166186966,-0.0015763139518317,0.0004416883944556,-0.003912814647863,-0.8689498997995884,-0.337190837894596,64.09199999999998,69.29599999999998,0.9678133704735375,-0.0176172167778822,,,,,,,,,,,,,,,5,0.0353636060033249,3.0,0.999859,,0.3576974941702073,,,,,,,,,,,,,-3.367568592026116,-0.6844379947479751,1.4039658066924874,1.0336756859202612,-0.491426480229046,1.4039658066924874,6.276766787527239,53.05556306411852,99.48624962224235,0.9997944791473308,0.4261453553086725,0.5137503777576307,-4.841159186434823,-3.578044966558384,0.6154047159459595,-0.2108391800061848,-0.0587288270119105,-0.9444991101333322,3.127926535715716,73.89573822898711,1.0,0.023002142488012,3.0,False,True,False,,0.0459301392921336,0.7829806600000007,0.637574386854086,0.00292736263978,0.9466282346442774,97.32033426183844,30.0,0.0,-0.160856845837054,-0.0284025617219897,0.9809590457641866,0.5661891154105528,,0.8863421369017743,0.37808845427827,0.5169160326567741,0.5674356715125306,0.1568813993100185,,,,,0.52,0.750967741935484,0.7200000000000001,0.4746418365579146,0.8863421369017743,0.1949952701183903,0.4048303894393983,0.2,0.4117003003438597,0.0,0.0,0.0,0.0,0.825
20,routine_05c,4.1996984,2.4999442,35.455,0.0,0.0,5.0569444444444445,95.05710306406688,68.251,61.983,61.672,0.0,100.0,,0.0,0.0,,,110.11245018795476,89.02580181975355,575.1134632417029,-10.112450187954764,-1.999715499952604,0.8884547392257471,0.9782992821724744,234.801576215,229.7062134641,5.095362750899994,-0.3689999999999998,-0.513927576601671,,,4.1996484,4.187194,4.172091,4.172091,-0.0275574,-0.0124544000000001,524.3149205498963,-0.0015640000000001,-0.0020455999999997,-0.0020455999999997,21.09981744139958,2.4999442,2.9058871,3.0385082,3.0385082,0.538564,0.4059429000000003,373.42224739775367,0.0570221000000001,0.0450922,0.0450922,14.02875410886611,0.1435556526966691,14.525493728482502,0.4056641139987865,14.012075257406046,0.7142249692717375,11.027363172656075,0.3085859874321892,9.615388383909409,0.833450715491802,5.58640806725691,1.469064921314787,1.4405572117632477,0.2009950069976498,0.2100560587587989,0.0685983102369173,0.1474583334267404,,,,,,,,,,,,,,,,,,,,,,,,,,1.36156501128282,0.7174584411637338,,,,,,,,,,,,,,,,,,,,,,,,,,,,,,,,,,,,,,,,,,,,,,,1.8977615052857009,,,,,,,1.36156501128282,0.7174584411637338,3.807263850937216,3.3817624359823326,0.0479153592833085,-0.0531375658546591,0.0402637999999999,0.0351181,0.5638186814105856,0.0709737825351608,0.2715873538816915,0.2189857590983131,0.1258805088855793,0.3883974872035904,1.5534141981733025,0.6206779758650569,0.9923929215613688,1.5534141981733025,0.0175419309957231,0.0181991244922588,3.7455924902779016,13.842212424849698,3.1746200354666336,17.695891783567134,-0.0270189749022948,0.3914239568181816,-0.0487677462682381,0.0038661690884786,0.0023743422464698,3.523079141657834,72.35389076377753,3.1648656734652043,-68.3995803851967,54.998076152304606,0.01541256452668,11.97875751503006,-0.0233063995815893,3.741055587567778,99.7951359133458,3.6128903761199496,-51.74150722151346,,,,,3.964250304149047,85.41298584878956,3.965301960331255,-60.83889993434603,,,,,,,,,,,,,,,,,,,,,,,,,,,,,,,,,,,,,,,,,,,,,0.0890033485159866,-0.0217279824492981,0.1007021023634297,0.0447829903078796,0.0272089025891482,0.0186786496420905,67.92500000000001,4.764278557114231,5.391294568559551,0.0096891419600338,-0.0058633928928277,-0.0033925250528103,-0.0009141823120492,0.0001368107852391,-0.0009217030256182,-0.8262424849699315,-0.3560046113640327,61.67199999999993,67.92499999999993,0.9505710306406686,-0.0176172167778822,,,,,,,,,,,,,,,5,0.0410239143064123,3.0,0.9998769411764707,,0.3547495374136628,,,,,,,,,,,,,-4.8864308250582855,-0.4231129111619268,1.6997657147392615,1.0488643082505829,-0.3037950702142634,1.6997657147392615,6.414418694913693,59.951654679400335,100.0,0.9997834556134516,0.4934405714371366,0.0,-6.358635890985504,-4.836192365559171,0.9154580481518796,-0.0383615529168086,0.125026868353837,-0.7100395466409282,3.105197367407407,68.40300938774291,1.0,0.0248496493825984,3.0,False,True,False,,0.0459301392921336,0.7829806600000007,0.637574386854086,0.00292736263978,0.9466282346442774,97.32033426183844,30.0,0.0,-0.160856845837054,-0.0284025617219897,0.9809590457641866,0.5414345620418339,,0.5234062095373501,0.4066833564385785,0.4443066056249785,0.7567559195974056,0.205035193045327,,,,,0.52,0.750967741935484,0.7200000000000001,0.4860759215313754,0.5234062095373501,0.115149366098217,0.4531952686765724,0.2,0.0373302880059746,1.0,1.0,1.0,1.0,0.5403280040104556
30,routine_05c,4.199708,2.499998,35.037,0.0,0.0,5.026100000000022,93.82869080779945,67.369,60.761,60.428,0.0,100.0,,0.0,0.0,,,110.8753970474482,88.39525597826893,528.6896566222774,-10.875397047448203,-2.163784454636429,0.8865523379036749,0.982968424684134,230.36758988730003,226.4440669298,3.92352295750004,-0.3689999999999998,-0.513927576601671,,,4.199666,4.186808,4.171881,4.171881,-0.0277849999999997,-0.0128579999999995,506.5348869934587,-0.0019499999999998,-0.0022555999999998,-0.0022555999999998,3.3197838849619643,2.499998,2.906838,3.041603,3.041603,0.5416049999999997,0.4068399999999998,372.4446872235574,0.057973,0.0481869999999999,0.0481869999999999,13.051193934669868,0.151381169511645,20.768516278136875,0.4269154273130782,19.984766085352906,0.752482699381704,16.974585795538957,0.3120202340134866,10.83529559987704,0.8364965291806555,5.972269547810506,1.466968963673511,1.29582901906159,0.2011756145836058,0.2126972292802575,0.0723377466168431,0.1490993939352506,,,,,,,,,,,,,,,,,,,,,,,,,,1.36156501128282,0.7174584411637338,,,,,,,,,,,,,,,,,,,,,,,,,,,,,,,,,,,,,,,,,,,,,,,1.8977615052857009,,,,,,,1.36156501128282,0.7174584411637338,3.8122656696779647,3.3765871930841147,0.0529171780240571,-0.058312808752877,0.0401788,0.0373949999999991,0.5664405006377445,0.0683315213316207,0.2756399359116973,0.2202077428677886,0.1206331843409635,0.3887570585434143,1.55728656878125,0.6047591023211765,0.9998607210756468,1.55728656878125,0.020163750222882,0.0220714951002065,3.749951832420345,12.957507014028057,3.168197852306422,17.471322645290577,-0.0334411580625064,0.38571885751462,-0.0544728455717997,0.0045310116364541,0.0030391847944453,3.741379488850357,96.03378866942188,3.144838014041336,-66.95217268708221,54.00979559118237,0.0154427734704582,11.826741482965932,-0.0231500094651145,3.966907404678741,84.86376691171279,3.6173960952770376,-51.26135010568737,,,,,,,3.9538902417313193,-58.854906262194845,,,,,,,,,,,,,,,,,,,,,,,,,,,,,,,,,,,,,,,,,,,,,0.3073036957085095,-0.0417556418731668,0.0999768074906556,0.0449343117132624,0.0277073015592475,0.0187881178294945,67.063,4.838212424849701,5.321278501548823,0.0088005142695882,-0.0065886877656018,-0.0032412036474275,-0.00041578334195,0.0002462789726431,-0.0018103307160638,-0.752308617234462,-0.4260206783747602,60.427999999999926,67.06299999999997,0.9382869080779944,-0.0176172167778822,,,,,,,,,,,,,,,5,0.0406300080039749,3.0,0.999829411764706,,0.3530013943555077,,,,,,,,,,,,,-6.009126788766328,-0.2138229751390756,1.8134072823070075,1.0600912678876633,-0.1535248961498563,1.8134072823070075,6.32630205920914,63.86848314204308,100.0,0.9997882565922618,0.611625259780076,0.0,-7.288794765641597,-5.518006895871489,1.1881687269701555,0.0748781174039103,0.0325842454472204,-0.7617937712893497,3.105197367407407,64.72800488424004,1.0,0.0262592675772993,3.0,False,True,False,,0.0459301392921336,0.7829806600000007,0.637574386854086,0.00292736263978,0.9466282346442774,97.32033426183844,30.0,0.0,-0.160856845837054,-0.0284025617219897,0.9809590457641866,0.5701144245007483,,0.6808735001080325,0.4172825254448702,0.5396812436667162,0.843811084232732,0.217791547823316,,,,,0.364,0.750967741935484,0.7200000000000001,0.4775858183755612,0.6808735001080325,0.1497921700237671,0.5046416002919086,0.2,0.1762318998161238,0.0,0.0,0.0,0.0,0.7834058246782167
40,routine_05c,4.199708,2.499983,36.242,0.0,0.0,5.007000000000019,93.08356545961004,66.834,59.551,59.251000000000005,0.0,100.0,,0.0,0.0,,,112.22985340296552,88.22605260795403,490.8296745114309,-12.229853402965515,-2.442551109040437,0.8851357407026123,0.9933865442077948,225.89781467365,224.40384946275003,1.4939652108999724,-0.3689999999999998,-0.513927576601671,,,4.199646,4.1863866,4.171286,4.171286,-0.0283600000000001,-0.0132594000000008,512.617160857269,-0.0023714000000003,-0.0028505999999994,-0.0028505999999994,9.40205774877228,2.499983,2.9064963,3.0421832,3.0421832,0.5422002000000004,0.4065133000000003,370.5292668817511,0.0576313000000001,0.0487672000000003,0.0487672000000003,11.13577359286353,0.1584883811947969,26.438491035353103,0.4413665162833211,24.04625091078099,0.7800738111721277,21.263666296625757,0.3349948647228162,18.996304753714465,0.8864817745878518,12.304692594315313,1.5381811271313737,6.213107647534712,0.2031710062880518,0.217786357415244,0.0757339396806612,0.160077859884671,,,,,,,,,,,,,,,,,,,,,,,,,,1.36156501128282,0.7174584411637338,,,,,,,,,,,,,,,,,,,,,,,,,,,,,,,,,,,,,,,,,,,,,,,1.8977615052857009,,,,,,,1.36156501128282,0.7174584411637338,3.8125569977494047,3.372364062738572,0.0532085060954972,-0.0625359390984203,0.0401402000000001,0.0392352999999996,0.565938042405826,0.0665014634875802,0.2767147171341721,0.2204734295855737,0.1175066146903286,0.3895716722776438,1.5566249915129964,0.5958963953212026,1.00241083755994,1.5566249915129964,0.0196612919909635,0.0214099178319528,3.752330917093912,12.58638476953908,3.1626070356504705,17.33559118236473,-0.0390319747184579,0.3801958497734627,-0.0599958533129569,0.0045925436455814,0.0031007168035726,3.537103002737435,72.20061685156685,3.145190679501278,-65.84591248122535,53.90772344689379,0.0155927062581524,11.201458917835671,-0.0231277988166192,3.740295136051392,94.14029809502038,3.589630583171165,-51.71977050252667,,,,,3.975896533605887,83.78677056859316,3.947521311117823,-57.42028887030726,,,,,,,,,,,,,,,,,,,,,,,,,,,,,,,,,,,,,,,,,,,,,0.1030272095955875,-0.0414029764132246,0.0985564863809016,0.0449144587806106,0.0280354464369531,0.0189592927116443,66.542,4.800625250501007,5.198320838222559,0.0121297736272734,-0.0080090088753558,-0.0032610565800793,-8.763846424442168e-05,0.0004174538547928,0.0015189286416213,-0.7898957915831559,-0.5489783417010248,59.25099999999994,66.54199999999994,0.9308356545961004,-0.0176172167778822,,,,,,,,,,,,,,,5,0.0424256404090255,3.0,0.9998858823529412,,0.353569760313824,,,,,,,,,,,,,-6.61905833256593,0.0375749135537341,1.8812767432295137,1.0661905833256593,0.0269787879315811,1.8812767432295137,8.823008842857853,113.156563588511,100.0,0.999585708958623,0.6812586381079219,0.0,-7.944173145356622,-5.953378934860352,1.3488103930969124,0.1299509036979887,-0.1934897807299242,-0.775239551049328,3.105197367407407,66.79690421861734,1.0,0.0254473769388587,3.0,False,True,False,,0.0459301392921336,0.7829806600000007,0.637574386854086,0.00292736263978,0.9466282346442774,97.32033426183844,30.0,0.0,-0.160856845837054,-0.0284025617219897,0.9809590457641866,0.5852871254056202,,0.7847203784668608,0.4209944825297995,0.5964597426062023,0.8816851607821057,0.2269829681869521,,,,,0.364,0.750967741935484,0.7200000000000001,0.5189653440542151,0.7847203784668608,0.1726384832627094,0.5315305885262649,0.2,0.2531897899405959,1.0,1.0,1.0,1.0,0.825
50,routine_05c,4.199718,2.499927,36.464,0.0,0.0,5.005055555555543,92.74791086350976,66.593,58.965,58.690000000000005,0.0,100.0,,0.0,0.0,,,112.93648774696854,88.50479780157073,459.3385756143924,-12.936487746968538,-2.584684146534441,0.8836187907648053,0.997928027362006,223.84637115625003,223.3825676001,0.463803556150026,-0.3689999999999998,-0.513927576601671,,,4.1996303,4.1861653,4.171058,4.171058,-0.0285722999999995,-0.013465,508.46087889686856,-0.0025927000000001,-0.0030785999999993,-0.0030785999999993,5.245775788371816,2.499927,2.9057872,3.0415292,3.0415292,0.5416021999999998,0.4058601999999998,371.4784827173575,0.0569221999999998,0.0481131999999999,0.0481131999999999,12.084989428469951,0.1616807610484676,28.985300387981184,0.4488498095862071,26.14943374056524,0.7882147420636643,22.529186447202058,0.3512512133306276,24.77085719265517,0.930325201721332,17.85903420364616,1.6039937618826667,10.75754284837693,0.2051227316875135,0.2189853986204729,0.0772594237663274,0.1678459834254029,,,,,,,,,,,,,,,,,,,,,,,,,,1.36156501128282,0.7174584411637338,,,,,,,,,,,,,,,,,,,,,,,,,,,,,,,,,,,,,,,,,,,,,,,1.8977615052857009,,,,,,,1.36156501128282,0.7174584411637338,3.8140461945178057,3.3691678622077768,0.0546977028638981,-0.0657321396292149,0.040216,0.0396453000000001,0.567102297107347,0.0652142508417106,0.2783809089237557,0.2212625112350161,0.1149955681265142,0.3901633133274599,1.558725867073402,0.5901946931838564,1.0070335298398967,1.558725867073402,0.0208255466924845,0.0235107933923583,3.756266734388341,12.70244488977956,3.1603586240017245,17.14019639278557,-0.0412803863672039,0.3747171455279501,-0.0654745575584696,0.0047654362140768,0.003273609372068,3.5366469110911822,71.54026062473889,3.1621997054305866,-65.25599520012145,53.2796993987976,0.0157497547005392,11.161058116232464,-0.0228822000298766,3.7567145768762544,93.13907101293312,3.613268969686138,-51.96400254534371,,,,,3.963874391861968,83.66352062430451,3.941037952677085,-56.48455875166804,,,,,,,,,,,,,,,,,,,,,,,,,,,,,,,,,,,,,,,,,,,,,0.1025711179493349,-0.0243939504839159,0.0967716737857715,0.0446656916283539,0.0282243884397905,0.019162813863681,66.302,4.6504408817635365,5.049972017375879,0.0126066713716514,-0.0097938214704858,-0.003509823732336,0.0001013035385929,0.0006209750068295,0.0019958263859993,-0.940080160320626,-0.6973271625477047,58.68999999999999,66.30199999999998,0.9274791086350976,-0.0176172167778822,,,,,,,,,,,,,,,5,0.0413526713612193,3.0,0.9998843529411764,,0.3529819978004515,,,,,,,,,,,,,-7.081986763461279,-0.0466314616909698,1.985019317324609,1.0708198676346128,-0.0334813894941163,1.985019317324609,7.037433195995478,69.31108446419465,100.0,0.9997349898201756,0.7559479588237298,0.0,-8.372144156026202,-6.19278767343806,1.519739917844468,0.1817692708993126,-0.3553609012574545,-0.7937772775037732,3.088738314494494,65.83153359980942,1.0,0.0258205043548449,3.0,False,True,False,,0.0459301392921336,0.7829806600000007,0.637574386854086,0.00292736263978,0.9466282346442774,97.32033426183844,30.0,0.0,-0.160856845837054,-0.0284025617219897,0.9809590457641866,0.5916890755741888,,0.8208481684757438,0.4284344295451205,0.6199419647623687,0.8957754617084352,0.2365302641267379,,,,,0.364,0.750967741935484,0.7200000000000001,0.5237668066806416,0.8208481684757438,0.1805865970646636,0.5451705300356656,0.2,0.2756776384400782,1.0,1.0,1.0,1.0,0.825
60,routine_05c,4.199666,2.499999,35.082,0.0,0.0,5.003333333333333,92.50974930362116,66.422,58.938,58.614,0.0,100.0,,0.0,0.0,,,112.69808951779837,87.82632260395651,432.67392283773125,-12.698089517798364,-2.5379259529243905,0.8828858770166009,0.994995516020168,223.7106442566,222.5910879213,1.1195563353000182,-0.3689999999999998,-0.513927576601671,,,4.199662,4.1857753,4.1704392,4.1704392,-0.0292228000000003,-0.0138866999999995,518.401378521604,-0.0029826999999995,-0.0036974,-0.0036974,15.18627541310724,2.499999,2.9041452,3.0391333,3.0391333,0.5391343000000002,0.4041462,370.7319527164217,0.0552801999999998,0.0457173000000001,0.0457173000000001,11.338459427534133,0.1679778985424873,34.00901604829438,0.4601356985784305,29.32133773878765,0.8103872397348317,25.975935101049487,0.3298304343056657,17.16180458516088,0.8865299024691821,12.310789715624455,1.5396832861868597,6.316833391304306,0.2072810260406514,0.2142196627479898,0.0802685215155608,0.1576100281183996,,,,,,,,,,,,,,,,,,,,,,,,,,1.36156501128282,0.7174584411637338,,,,,,,,,,,,,,,,,,,,,,,,,,,,,,,,,,,,,,,,,,,,,,,1.8977615052857009,,,,,,,1.36156501128282,0.7174584411637338,3.816675952103593,3.3653007562599213,0.0573274604496858,-0.0695992455770704,0.0401899000000001,0.0401030000000002,0.5703537018711197,0.0641055672390019,0.281061376971163,0.2229377273443733,0.1123961622913908,0.3908762696077837,1.5657791755613304,0.5840097221480591,1.0155708948541804,1.5657791755613304,0.0240769514562572,0.0305641018802869,3.756690990794882,11.981218436873746,3.152539965315308,16.966541082164326,-0.0490990450536208,0.3681598852727274,-0.0720318178136922,0.0051748862520481,0.0036830594100393,3.761486272292496,93.01895399403249,3.161942339033741,-64.77978677291873,52.62339078156313,0.0157999914222215,10.869190380761523,-0.0227811866282832,3.969392558854756,83.42145046759083,3.605663391339082,-52.25876419780401,,,,,,,3.929812273830119,-55.65723378877784,,,,,,,,,,,,,,,,,,,,,,,,,,,,,,,,,,,,,,,,,,,,,0.3274104791506484,-0.0246513168807616,0.0944147716238364,0.0443082923455643,0.0283436641768018,0.0193593514236953,66.143,4.506737474949894,4.8769594371986615,0.0086566886627448,-0.012150723632421,-0.0038672230151256,0.0002205792756042,0.0008175125668439,-0.0019541563229073,-1.0837835671342688,-0.870339742724922,58.61399999999997,66.14299999999992,0.987085940170305,-0.0176172167778822,,,,,,,,,,,,,,,5,0.0436559194574471,3.0,0.9998770588235296,,0.3523962651878966,,,,,,,,,,,,,-7.453222872347243,-0.0796571001034282,2.08902022104603,1.0745322287234724,-0.0571937978742614,2.08902022104603,8.021790716045977,72.49334550199116,100.0,0.9996569031515764,0.0712442036383582,0.0,-8.794976125690106,-6.4509729836234415,1.7123590460240543,0.2335948323963167,-0.4538326572250637,-0.8226348537728705,3.0926571366166167,65.66349719230753,1.0,0.0258863915673247,3.0,False,True,False,,0.0459301392921336,0.7829806600000007,0.637574386854086,0.00292736263978,0.9466282346442774,97.32033426183844,30.0,0.0,-0.160856845837054,-0.0284025617219897,0.9809590457641866,0.613913788899468,,0.8764766865956276,0.4326278647334232,0.6528910934848198,0.2526871763329008,0.2410327861951333,,,,,0.364,0.750967741935484,0.7200000000000001,0.510435341674601,0.8764766865956276,0.1928248710510381,0.3948097301865693,0.2,0.3660413449210266,0.0,0.0,0.0,0.0,0.825
70,routine_05c,4.199646,2.4999292,36.212,0.0,0.0,5.004833333333307,92.31894150417828,66.285,58.336,58.043,0.0,100.0,,0.0,0.0,,,113.62623422929236,87.99426717960323,409.8848022228428,-13.626234229292365,-2.722614984706604,0.8816865398206932,1.001827212904804,221.4311554424,221.83575730715,-0.4046018647500204,-0.3689999999999998,-0.513927576601671,,,4.199635,4.1855493,4.1701202,4.1701202,-0.0295147999999993,-0.0140856999999998,500.3650809469328,-0.0032087,-0.0040163999999993,-0.0040163999999993,-2.8500221615639703,2.4999292,2.902973,3.0370693,3.0370693,0.5371401000000002,0.4030437999999998,370.5012348482852,0.0541079999999998,0.0436533000000003,0.0436533000000003,11.107741559397596,0.1701167980730862,35.71538232629145,0.4674586636069512,31.37946023749492,0.8234923534211841,28.01314505487848,0.3561314135056207,26.504393579140128,0.9376445960130408,18.78629785358313,1.6145604401311784,11.487183665371674,0.2065796936259809,0.2205748417053288,0.081290598255901,0.1701779952921164,,,,,,,,,,,,,,,,,,,,,,,,,,1.36156501128282,0.7174584411637338,,,,,,,,,,,,,,,,,,,,,,,,,,,,,,,,,,,,,,,,,,,,,,,1.8977615052857009,,,,,,,1.36156501128282,0.7174584411637338,3.8149502169495033,3.360435018437756,0.0556017252955958,-0.0744649833992356,0.0402238999999999,0.0400976999999995,0.5715583655504839,0.0633965919840901,0.2825288626104882,0.223385055436006,0.1109188418982041,0.3908350728465982,1.56599085266034,0.5824908299368672,1.01932804794949,1.56599085266034,0.0252816151356214,0.0307757789792963,3.762227432836184,11.980819639278558,3.1469622056287325,17.19803607214429,-0.0546768047401959,0.3614474489719628,-0.0787442541144569,0.0045718004999684,0.0030799736579596,3.538347448579921,70.1742413387238,3.142188871344138,-64.54263153675537,52.92497995991984,0.0159513849666295,11.112577154308616,-0.0226264661240942,3.7672055984828434,92.1664679613505,3.602015866827255,-52.12636725940976,,,,,3.9699671994903447,82.77052884778549,3.930560954150036,-54.52359785156668,,,,,,,,,,,,,,,,,,,,,,,,,,,,,,,,,,,,,,,,,,,,,0.1042716554380738,-0.0444047845703643,0.0918397632722382,0.0437769961415077,0.0283665894448374,0.0194842637619606,66.014,4.365655310621243,4.713535209451328,0.0123404188799818,-0.0147257319840191,-0.0043985192191822,0.0002435045436398,0.0009424249051092,0.0017295738943297,-1.22486573146292,-1.033763970472256,58.04299999999998,66.01399999999994,0.9850500066873727,-0.0176172167778822,,,,,,,,,,,,,,,5,0.0411834377621017,3.0,0.999924588235294,,0.3529677943948479,,,,,,,,,,,,,-7.900175096590623,-0.3401808185109911,2.282787747425676,1.0790017509659062,-0.2442498276908916,2.282787747425676,8.954449352280443,79.23686914861517,100.0,0.9995748693842642,0.6708649378230159,0.0,-9.25465953791469,-6.7590546238844125,1.917307977825136,0.2826918793503964,-0.4927791436051274,-0.8413243662848724,3.0918733721921923,65.55799009564242,1.0,0.0259292848594055,3.0,False,True,False,,0.0459301392921336,0.7829806600000007,0.637574386854086,0.00292736263978,0.9466282346442774,97.32033426183844,30.0,0.0,-0.160856845837054,-0.0284025617219897,0.9809590457641866,0.6228872119203789,,0.891382479486372,0.4457722551584955,0.6755677433464872,0.2903970866578998,0.2482450288557451,,,,,0.364,0.750967741935484,0.7200000000000001,0.5471654089402842,0.891382479486372,0.1961041454870018,0.4149955285046569,0.2,0.3442170705460877,1.0,1.0,1.0,1.0,0.825
80,routine_05c,4.1996574,2.4999812,34.919,0.0,0.0,5.006861111111098,92.35515320334264,66.311,58.327,57.993,0.0,100.0,,0.0,0.0,,,113.68834330584464,87.95674925728763,390.13837162837626,-13.688343305844654,-2.7339171193440603,0.8804458390550784,1.000964288126962,221.42950714605,221.64302899075,-0.2135218446999829,-0.3689999999999998,-0.513927576601671,,,4.199642,4.185151,4.169441,4.169441,-0.0302009999999999,-0.0144909999999995,521.901745083458,-0.0036069999999996,-0.0046955999999998,-0.0046955999999998,18.68664197496122,2.4999812,2.902898,3.0352452,3.0352452,0.5352639999999997,0.4029167999999998,370.2801631605439,0.054033,0.0418292,0.0418292,10.886669871656297,0.1734012183590005,38.33561948024721,0.4697651625129387,32.02770275581481,0.8318867938984715,29.318073658051464,0.3336063575642286,18.50308160794261,0.8925782539306579,13.07703023072047,1.5539850677597384,7.304387222877199,0.208443287753602,0.2146779685889539,0.0828600640170135,0.1594143594021631,,,,,,,,,,,,,,,,,,,,,,,,,,1.36156501128282,0.7174584411637338,,,,,,,,,,,,,,,,,,,,,,,,,,,,,,,,,,,,,,,,,,,,,,,1.8977615052857009,,,,,,,1.36156501128282,0.7174584411637338,3.818210941769697,3.355990385057688,0.0588624501157895,-0.0789096167793035,0.0402199999999997,0.0401809999999995,0.5755897013914942,0.0621921877475763,0.2859610587182546,0.2251858603012709,0.1080495144322876,0.3912263540450458,1.5732412412990833,0.576503257802857,1.0285080444859784,1.5732412412990833,0.0293129509766317,0.0380261676180397,3.757674831336859,12.551591182364731,3.1439694806920104,17.20585170340682,-0.057669529676918,0.3542044567883207,-0.085987246298099,0.005280669687908,0.0037888428458992,3.760223638673436,92.66332615784324,3.1622766199130545,-63.59352380804356,52.87938877755511,0.0159918472502941,10.455863727454911,-0.0226172463060531,4.176314425687695,70.76289218381321,3.591107723593309,-52.33046181120648,,,,,,,3.9196534036496447,-53.90602415486632,,,,,,,,,,,,,,,,,,,,,,,,,,,,,,,,,,,,,,,,,,,,,0.3261478455315885,-0.0243170360014479,0.0889650025937751,0.043252102553179,0.0283845241502382,0.019603998679133,66.04400000000001,4.23528657314629,4.538104906550097,0.008484904202332,-0.0176004926624823,-0.0049234128075109,0.0002614392490406,0.0010621598222815,-0.00212594078332,-1.3552344689378728,-1.2091942733734866,57.99299999999994,66.04399999999994,0.9854363882242798,-0.0176172167778822,,,,,,,,,,,,,,,5,0.043242231235608,3.0,0.9999018235294116,,0.3541524164931252,,,,,,,,,,,,,-8.066126690058129,-0.555633229623494,2.451335889169908,1.0806612669005813,-0.3989446588696687,2.451335889169908,9.936063591156405,84.70707121391553,100.0,0.9994706092707552,0.5990222053100035,0.0,-9.57688239552541,-6.964743067092892,2.059092052326404,0.3136757623170184,-0.5448478117252731,-0.8469117375950792,3.091089607767768,69.15522033110688,1.0,0.0245799679599226,3.0,False,True,False,,0.0459301392921336,0.7829806600000007,0.637574386854086,0.00292736263978,0.9466282346442774,97.32033426183844,30.0,0.0,-0.160856845837054,-0.0284025617219897,0.9809590457641866,0.6306760370874323,,0.9110088423210329,0.4561015021569699,0.6925172031069189,0.2833053573811559,0.2555022255037765,,,,,0.364,0.750967741935484,0.7200000000000001,0.5230070278155742,0.9110088423210329,0.2004219453106272,0.4218565720372053,0.2,0.3880018145054585,0.0,0.0,0.0,0.0,0.825
90,routine_05c,4.1997213,2.499928,34.35,0.0,0.0,5.012111111111137,92.28969359331477,66.264,58.325,58.005,0.0,100.0,,0.0,0.0,,,113.6116588084012,87.9980079681275,372.8554520771278,-13.611658808401188,-2.7157536029530704,0.8788882190555559,0.9985194847406318,221.5568051558,221.22878692495,0.3280182308500343,-0.3689999999999998,-0.513927576601671,,,4.199647,4.184934,4.169021,4.169021,-0.0306259999999998,-0.0147129999999995,507.2717743547853,-0.0038239999999998,-0.0051155999999998,-0.0051155999999998,4.056671246288488,2.499928,2.9035802,3.034213,3.034213,0.5342849999999997,0.4036521999999998,368.9819445314658,0.0547151999999999,0.0407969999999999,0.0407969999999999,9.58845124257823,0.1768504692974208,41.08735484765005,0.4811893809193504,35.23848429591608,0.8450133712449613,31.35862017065622,0.3513510146314206,24.806308440583432,0.9233627903664674,16.97699523867503,1.5954593710582634,10.168233725186091,0.2092871844582369,0.2202193430963839,0.0845082943828263,0.1678936736449466,,,,,,,,,,,,,,,,,,,,,,,,,,1.36156501128282,0.7174584411637338,,,,,,,,,,,,,,,,,,,,,,,,,,,,,,,,,,,,,,,,,,,,,,,1.8977615052857009,,,,,,,1.36156501128282,0.7174584411637338,3.819615639269029,3.351595844758132,0.0602671476151215,-0.0833041570788597,0.0402222000000001,0.0400972999999993,0.5788221302657521,0.0613172301179467,0.288627363941682,0.2266228456366036,0.105934495092291,0.391524155326534,1.5794787458288804,0.5734175694086954,1.0362772566792025,1.5794787458288804,0.0325453798508896,0.0442636721478368,3.761919400736544,12.786673346693387,3.1422087591495704,17.59304809619239,-0.059430251219358,0.347239320486322,-0.0929523826000977,0.0054673056984373,0.0039754788564285,3.7415337237461994,94.0665767046437,3.157583061262929,-63.042171260171415,52.89033066132265,0.0160349388756248,10.053170340681362,-0.0224978287241317,4.18976953370755,259.8337459080224,3.587890668792333,-52.2730480700062,,,,,,,3.916135453238634,-53.58552151706297,,,,,,,,,,,,,,,,,,,,,,,,,,,,,,,,,,,,,,,,,,,,,0.3074579306043512,-0.0290105946515732,0.0859259807070281,0.0427999202751198,0.0282358870401831,0.0196746836789652,66.00699999999999,4.232913827655302,4.367337341178906,0.0066943251188151,-0.0206395145492293,-0.0053755950855701,0.0001128021389855,0.0011328448221138,-0.0039165198668369,-1.3576072144288602,-1.379961838744678,58.04325812674779,66.00699999999998,0.9847379292921788,-0.0176172167778822,,,,,,,,,,,,,,,5,0.0441386703220558,3.0,0.999926705882353,,0.3541436037017771,,,,,,,,,,,,,-8.380420222609096,-0.7888034622922908,2.6217994828523854,1.083804202226091,-0.5663608859258648,2.6217994828523854,11.09580422418516,90.5171579365236,100.0,0.9993411031754366,0.3793303194650868,0.0,-9.932628837508515,-7.201966424059771,2.233019313221466,0.3488924792692315,-0.5724992236178821,-0.8432775828386294,3.084819492372372,68.89559009131428,1.0,0.0246732105457981,3.0,False,True,False,,0.0459301392921336,0.7829806600000007,0.637574386854086,0.00292736263978,0.9466282346442774,97.32033426183844,30.0,0.0,-0.160856845837054,-0.0284025617219897,0.9809590457641866,0.6335849115562442,,0.9279594569408404,0.4675920067025871,0.7145615474908884,0.2961018677547025,0.2643197370181245,,,,,0.364,0.750967741935484,0.7200000000000001,0.5251886836671832,0.9279594569408404,0.2041510805269848,0.4356437897415756,0.2,0.402770773273657,0.0,0.0,0.0,0.0,0.825
100,routine_05c,4.199624,2.4999611,33.617,0.0,0.0,5.019305555555556,92.09470752089136,66.124,58.311,58.036,0.0,100.0,,0.0,0.0,,,113.39884412889504,93.7072772367068,357.59329866840824,-13.39884412889505,-2.669461737404033,0.8763630150282792,0.9937855294152034,221.8093241156,220.43089659545,1.3784275201500122,-0.3689999999999998,-0.513927576601671,,,4.199686,4.18503,4.1689925,4.1689925,-0.0306934999999999,-0.0146559999999995,494.3002921358209,-0.0037279999999997,-0.0051440999999998,-0.0051440999999998,-8.914810972675866,2.4999611,2.9064271,3.0347662,3.0347662,0.5348050999999998,0.406466,367.2543178367509,0.0575621000000001,0.0413502000000001,0.0413502000000001,7.860824547863388,0.1823878892554,45.50498482429413,0.4939528768687694,38.82567037059341,0.8610845950690288,33.85691647911936,0.3819958802469225,35.69192536171506,0.9946390597665472,26.006689648317167,1.6923650015539236,16.859674662758263,0.2118118130318878,0.2257171945154711,0.0871543598289024,0.1825373742528407,,,,,,,,,,,,,,,,,,,,,,,,,,1.36156501128282,0.7174584411637338,,,,,,,,,,,,,,,,,,,,,,,,,,,,,,,,,,,,,,,,,,,,,,,1.8977615052857009,,,,,,,1.36156501128282,0.7174584411637338,3.821926461430836,3.346402765943283,0.0625779697769282,-0.0884972358937088,0.0401470999999999,0.0401078000000003,0.5833031323945633,0.0602836128457322,0.2923734190376449,0.2283871653155686,0.1033486869824568,0.3915411261002468,1.5856789507682123,0.5709537088009342,1.0457149919999842,1.5856789507682123,0.0370263819797008,0.0504638770871688,3.7618091010918255,12.444593186372746,3.1376098885827246,17.424793587174342,-0.0640291217862039,0.3395384649484536,-0.1006532381379661,0.0051355124210732,0.0036436855790644,3.762905520129373,93.90785906418616,3.154420950603278,-62.53854562116644,52.80229258517034,0.0161101056443036,10.428474949899798,-0.0223458817834516,,,3.619209723295937,-52.05989442467207,,,,,,,3.9070599984149688,-52.88110467827992,,,,,,,,,,,,,,,,,,,,,,,,,,,,,,,,,,,,,,,,,,,,,0.3288297269875251,-0.0321727053112246,0.082908206573215,0.0422559424750468,0.0283224053974266,0.0197340576581491,65.871,4.092186372745495,4.201275176622294,0.0056408423391679,-0.0236572886830424,-0.0059195728856431,0.000199320496229,0.0011922188012977,-0.0049700026464841,-1.498334669338668,-1.546024003301289,57.88749878863304,65.87099999999994,0.9826574133242186,-0.0176172167778822,,,,,,,,,,,,,,,6,0.0453363815323332,3.0,0.999926,,0.3541438537039976,,,,,,,,,,,,,-8.720102675197428,-0.8717053992265215,2.77829146991014,1.0872010267519745,-0.6258844766446424,2.77829146991014,11.984111667346584,96.20797282232196,100.0,0.9992259826075082,0.4592592938270437,0.0,-10.405545105146878,-7.518689463822526,2.453414345576617,0.3897709003473642,-0.5836865370484225,-0.8359801364575761,3.084819492372372,69.73633888238147,1.0,0.024375730461948,3.0,False,True,False,,0.0459301392921336,0.7829806600000007,0.637574386854086,0.00292736263978,0.9466282346442774,97.32033426183844,30.0,0.0,-0.160856845837054,-0.0284025617219897,0.9809590457641866,0.6404223586083898,,0.9488583002203096,0.4761092914822709,0.7431661454732752,0.3335805488382111,0.2779235611568013,,,,,0.364,0.750967741935484,0.7200000000000001,0.5803167689562924,0.9488583002203096,0.2087488260484681,0.4576948867376396,0.2,0.3685415312640172,0.0,0.0,0.0,0.0,0.8687499999999999
120,routine_05c,4.199739,2.499998,34.541,0.0,0.0,5.015750000000052,91.68941504178272,65.833,57.714,57.416,0.0,100.0,,0.0,0.0,,,114.06764389922724,94.82934090805524,311.2233811335667,-14.067643899227235,-2.8046939937650577,0.8747485935860729,0.99780511074526,219.4763447676,218.9946184968,0.4817262707999816,0.0170000000000101,0.0252570273964612,-0.1185717952871635,-0.0052119173441887,4.1997113,4.1845193,4.1679745,4.1679745,-0.0317368,-0.0151919999999998,499.8579995439616,-0.0042387000000001,-0.0061621,-0.0061621,-3.357103564535123,2.499998,2.9123,3.0370512,3.0370512,0.5370531999999999,0.4123019999999999,361.9719338734954,0.0634350000000001,0.0436352000000002,0.0436352000000002,2.578440584607847,0.1866684823567312,48.91994640310819,0.5087231831594801,42.97687136244766,0.8791819769412355,36.67018215316675,0.3706885512897856,31.67535524608868,0.9675837451790942,22.579164261008376,1.6448101454271973,13.575959264188292,0.2123206426571324,0.2253685948620585,0.0891998484463628,0.1771341480810958,,,,,,,,,,,,,,,,,,,,,,,,,,2.171230532478834,0.8214564975223461,,,,,,,,,,,,,,,,,,,,,,,,,,,,,,,,,,,,,,,,,,,,,,,2.6431473109381183,0.77111002018668,0.099045767960583,,,,,2.171230532478834,0.8214564975223461,3.822564176668525,3.3388415687879247,0.063215685014617,-0.096058433049067,0.0402610000000001,0.0400288000000004,0.5866937350155531,0.0585586509216223,0.2961023743818142,0.2297757741341578,0.0998112770371921,0.3916451811575361,1.5894468104342103,0.5623684337650006,1.0547550641544663,1.5894468104342103,0.0404169846006906,0.054231736753167,3.7647826504048543,13.002020040080158,3.1319736781119256,17.21901803607215,-0.0696653322570028,0.3273549191616762,-0.1128367839247435,0.0059325325717566,0.0044407057297478,3.763714437888696,95.27598923273246,3.12202345318905,-60.86187997342742,52.46832865731463,0.0160475125009658,9.726773547094188,-0.0223218634439678,4.195168076788194,290.4185853874799,3.6114425444924536,-51.80859105076856,,,29.574649298597198,-0.0213023733877047,,,3.903477036253189,-51.693369988079816,,,,,,,,,,,,,,,,,,,,,,,,,,,,,,,,,,,,,,,,,,,,,0.3296386447468489,-0.0645702027254526,0.07800791391493,0.0415797351944925,0.0282669352491176,0.0199748471949285,65.59,3.811843687374754,3.90530716724259,0.0073584741626576,-0.0285575813413274,-0.0065957801661974,0.00014385034792,0.0014330083380771,-0.0032523708229945,-1.7786773547094086,-1.8419920126809932,57.508154589488186,65.59,0.978085814464848,-0.0176172167778822,,,,,,,,,,,,,,,6,0.0431878824529824,3.0,0.9999188235294116,,0.3535581123644154,,,,,,,,,,,,,-9.755756049954355,-1.473486719667931,3.1200234064130976,1.0975575604995436,-1.0579634647215743,3.1200234064130976,14.155169464335389,107.6438737723242,100.0,0.9989225492446364,0.5685065932931813,0.0,-11.211022173973817,-7.997015049911508,2.9417305901073405,0.4686028966080798,-0.632701071070063,-0.8154406187304941,3.084819492372372,67.53178593977422,1.0,0.0251712875106836,3.0,False,False,False,,0.0459301392921336,0.7829806600000007,0.637574386854086,0.00292736263978,0.9466282346442774,97.32033426183844,30.0,0.0,-0.160856845837054,-0.0284025617219897,0.9809590457641866,0.6474564557202578,,0.9791891351601972,0.5110971608838913,0.7643003730936728,0.412220803657837,0.2861770044119154,,,,,0.448,0.750967741935484,0.7200000000000001,0.5855923417901934,0.9791891351601972,0.2962047133859597,0.4934488355118291,0.4,0.3935967933700038,0.0,0.0,0.0,0.0,0.9125
130,routine_05c,4.199904,2.4999652,19.652,0.0,0.0,5.015416666666667,91.51253481894152,65.706,62.429,57.412000000000006,4.038999999999994,93.42728352671234,93.42385039655916,-6.572716473287656,540.0,751.2436878157323,4.041258195098437,105.24916304922392,86.92509055489606,300.38263281333815,-5.24916304922391,-1.0466055759854933,0.8662012456856842,0.9116695614061344,239.4482619502,218.2976919516,21.15056999859999,0.0170000000000101,0.0252570273964612,-0.166505534483624,-0.0054237909864674,4.199847,4.184529,4.167775,4.167775,-0.0320720000000003,-0.0153179999999997,498.1888233978114,-0.0042289999999995,-0.0063615999999999,-0.0063615999999999,-5.026279710685344,2.4999652,2.915991,3.0391052,3.0391052,0.5391399999999997,0.4160257999999999,354.3071075526257,0.067126,0.0456891999999999,0.0456891999999999,-5.086385736261832,0.194687530891218,55.31736423649226,0.5202465000212672,46.21550456643113,0.8953565287756097,39.18454095876987,0.3712240319939379,31.86556778893995,0.9748738915885152,23.502722618266468,1.652343295833612,14.096131629411476,0.2174413483726434,0.224665196953914,0.0930317642841595,0.1773900284367578,,,,,,,,,,,,,,,,,,,,,,,,,,2.171230532478834,0.8214564975223461,,,,,,,,,,,,,,,,,,,,,,,,,,,,,,,,,,,,,,,,,,,,,,,2.6431473109381183,0.77111002018668,0.099045767960583,,,,,2.171230532478834,0.8214564975223461,3.853491614635167,3.334316357898274,0.0941431229812592,-0.1005836439387177,0.0402651,0.0400581000000004,0.6145391107106949,0.0559789459354925,0.3156434057412476,0.2405845933815894,0.0910909410969053,0.3914878470523398,1.6022456556718878,0.554008328932492,1.1155808385535495,1.6022456556718878,0.0682623602958324,0.0670305819908443,3.7652590328030215,12.57703006012024,3.12847617321634,17.31871743486974,-0.0731628371525885,0.3212972544891639,-0.1188944485972558,0.0054166526194098,0.003924825777401,4.199824383202281,-236628.11462132307,3.144109682798804,-61.01008648383595,52.30052104208418,0.0161521830071095,9.840180360721442,-0.022297384722306,,,3.619615812495426,-51.691217463201,,,28.99573146292585,-0.0213272200857068,,,3.895169083939813,-51.11238988909973,,,,,,,,,,,,,,,,,,,,,,,,,,,,,,,,,,,,,,,,,,,,,0.7657485900604337,-0.0424839731156985,0.0755312192795752,0.0413453733096199,0.0281888858228853,0.019933554333361,65.47,3.80486973947896,3.789149592512215,1.648718640204232e-05,-0.0310342759766822,-0.00683014205107,6.580092168774823e-05,0.0013917154765096,-0.01059435779925,-1.7856513026052028,-1.9581495874113688,251.86447403630703,65.46999999999997,0.9761989659475842,-0.0176172167778822,,,,,,,,,,,,,,0.2826257696525703,6,0.0448636679130648,3.0,0.999968705882353,,0.352952221798941,,,,,,,,,,,,,-10.169581538989547,-1.7165163020739476,3.3045299679117206,1.1016958153898957,-1.2324587048890945,3.3045299679117206,14.991969233908922,114.17443510954772,100.0,0.998802191140958,0.6375070935135423,0.0,-11.57249370562031,-8.285708462030273,3.075734686768872,0.4879488704527684,-0.6049957664968885,-0.8155929109751279,3.078549376976977,65.92146564248054,1.0,0.0257874545632755,3.0,False,False,False,,0.0459301392921336,0.7829806600000007,0.637574386854086,0.00292736263978,0.9466282346442774,97.32033426183844,30.0,0.0,-0.160856845837054,-0.0284025617219897,0.9809590457641866,0.6511693110229154,,0.9843555726603924,0.5272029840854405,0.8665329501315893,0.4430510541328982,0.324329030994246,,,,,0.448,0.5256774193548388,0.7200000000000001,0.5883769832671866,0.9843555726603924,0.3789768954742511,0.5402790048360435,0.6,0.3959785893932059,0.0,0.0,0.0,0.0,0.95625
140,routine_05c,4.199798,2.499994,34.957,0.0,0.0,5.021166666666718,91.3649025069638,65.6,57.115,56.826,0.0,100.0,,0.0,0.0,,,114.8559922962444,86.14786585365854,300.91452694780685,-14.855992296244407,-2.95867340848626,0.8723706086304696,1.001969919043313,217.33211151665,217.76023818185,-0.4281266651999829,0.0170000000000101,0.0252570273964612,-0.2270476150165121,-0.0009779681456766,4.199802,4.184691,4.1679564,4.1679564,-0.0318456000000004,-0.015111,503.5524293304014,-0.004067,-0.0061802000000001,-0.0061802000000001,0.3373262219046751,2.499994,2.921442,3.042763,3.042763,0.5427689999999998,0.4214479999999998,348.214425192865,0.0725769999999998,0.049347,0.049347,-11.179068096022547,0.1968064263322926,57.00777169861324,0.5260489105238724,47.8462745558598,0.9064504794517654,40.90911254858284,0.3771590426188137,33.97379214521065,0.9735839454625674,23.339304703436625,1.6443295467472865,13.542773393926153,0.2171176813225627,0.2293694979603614,0.0940442820366548,0.1802260832521324,,,,,,,,,,,,,,,,,,,,,,,,,,2.171230532478834,0.8214564975223461,,,,,,,,,,,,,,,,,,,,,,,,,,,,,,,,,,,,,,,,,,,,,,,2.6431473109381183,0.77111002018668,0.099045767960583,,,,,2.171230532478834,0.8214564975223461,3.824518908891176,3.331348206003794,0.0651704172372689,-0.1035517958331975,0.0400200000000001,0.0401029999999997,0.5909365858811259,0.0566654931063621,0.3004725790494841,0.2315445211742883,0.0958909880691684,0.3918263426337701,1.5945714527402584,0.5531472600364542,1.0649749522099603,1.5945714527402584,0.0446598354662634,0.0593563790592148,3.765546962772968,13.893330661322649,3.128474579991908,17.160474949899793,-0.0731644303770204,0.3149483327102804,-0.1252433703761393,0.0057991318648678,0.004307305022859,3.7838814945064994,99.3667328743138,3.1431490673454445,-60.06569698684645,52.0430501002004,0.0161732820297008,9.300715430861722,-0.0221633897774802,3.989246398675325,82.4522100961043,3.6133059838720154,-51.18518834820985,,,28.950114228456908,-0.0213828712430553,,,3.8952232963853497,-50.867573128526246,,,,,,,,,,,,,,,,,,,,,,,,,,,,,,,,,,,,,,,,,,,,,0.349805701364652,-0.0434445885690579,0.0728786771746549,0.0408479953162882,0.0282974789945256,0.0200458435438616,65.36699999999999,3.667887775551101,3.635600418370597,0.009096802380411,-0.0336868180816024,-0.0073275200444017,0.000174394093328,0.0015040046870102,-0.001514042605241,-1.9226332665330617,-2.1116987615529865,56.82599999999998,65.36699999999999,0.974624116004041,-0.0176172167778822,,,,,,,,,,,,,,,6,0.0466048251671348,3.0,0.9998899999999996,,0.3541566042852949,,,,,,,,,,,,,-10.607310342451548,-1.888916384845727,3.403241572089108,1.1060731034245157,-1.356241964319232,3.403241572089108,16.31751255416403,117.97005254981042,100.0,0.9985697868414598,0.6088806186416302,0.0,-11.878310640108907,-8.445105512932056,3.2972330234804685,0.5181496408756424,-0.6267977947290072,-0.8095411536038504,3.0722792615815813,68.53537076735994,1.0,0.0248019815311123,3.0,False,False,False,,0.0459301392921336,0.7829806600000007,0.637574386854086,0.00292736263978,0.9466282346442774,97.32033426183844,30.0,0.0,-0.160856845837054,-0.0284025617219897,0.9809590457641866,0.6511709517875365,,0.9853426447626378,0.543282452267325,0.7914020685052988,0.4680088406036492,0.2977138868961526,,,,,0.448,0.5256774193548388,0.7200000000000001,0.5883782138406524,0.9853426447626378,0.298066150040698,0.5251018120681065,0.4,0.3969644309219854,0.0,0.0,0.0,0.0,0.9125
150,routine_05c,4.199696,2.4999292,36.464,0.0,0.0,5.009861111111111,91.15459610027855,65.449,56.513,56.23,0.0,100.0,,0.0,0.0,,,115.81229097729728,93.78294549954929,301.3527182785158,-15.812290977297266,-3.1562334018058915,0.8713908823922366,1.0091777442657353,215.0439636424,217.0175821466,-1.9736185042000045,0.0170000000000101,0.0252570273964612,-0.1860648973971579,0.0040690706432715,4.1997833,4.1842685,4.1669145,4.1669145,-0.0328688000000001,-0.0155148,515.641133591025,-0.0044895,-0.0072220999999998,-0.0072220999999998,12.426030482528232,2.4999292,2.926969,3.046822,3.046822,0.5468928000000002,0.4270398000000002,337.4949040271083,0.0781040000000001,0.0534060000000002,0.0534060000000002,-21.89858926177925,0.1972693906508177,57.37711429266488,0.528014241873358,48.39863178439188,0.9107129963377868,41.57172731381073,0.3748685269069066,33.16015905885633,0.9666302523997754,22.45837022266272,1.6336273332816875,12.803773720325667,0.2166098336622944,0.2294700384045714,0.0942655103154041,0.1791315564643929,,,,,,,,,,,,,,,,,,,,,,,,,,2.171230532478834,0.8214564975223461,,,,,,,,,,,,,,,,,,,,,,,,,,,,,,,,,,,,,,,,,,,,,,,2.6431473109381183,0.77111002018668,0.099045767960583,,,,,2.171230532478834,0.8214564975223461,3.824363571801529,3.3274698274547685,0.0650150801476217,-0.1074301743822232,0.0400990999999999,0.0400140000000002,0.5920942161209269,0.0556850484741487,0.3023566330921997,0.2318036239924049,0.0940476143120707,0.3914978692260393,1.5928486454695403,0.5483444398595538,1.0681716161261,1.5928486454695403,0.0458174657060644,0.057633571788497,3.765443757274819,13.747615230460925,3.125440662331548,16.99118236472946,-0.0761983480373804,0.3090879512820512,-0.1311037518043685,0.0062758723797424,0.0047840455377336,3.7696706633692783,97.29929736443788,3.11941738403493,-59.743847323780095,52.39869739478958,0.016050486861275,9.410501002004008,-0.0220923594344062,3.9682222664354025,82.38077787612545,3.607725859651684,-50.96429586754952,,,28.362204408817632,-0.0213126624055125,,,3.889315193396904,-50.674524855576536,,,,,,,,,,,,,,,,,,,,,,,,,,,,,,,,,,,,,,,,,,,,,0.3355948702274309,-0.0671762718795725,0.0705470401906366,0.0405843207698688,0.0282739380988076,0.0200879662822696,65.22,3.659639278557116,3.5119055458044954,0.0140624500874279,-0.0360184550656208,-0.0075911945908211,0.00015085319761,0.0015461274254182,0.0034516051017758,-1.9308817635270472,-2.235393634119088,56.229999999999976,65.21999999999994,0.972380697688239,-0.0176172167778822,,,,,,,,,,,,,,,6,0.0440468306314163,3.0,1.0,,0.3535254398024116,,,,,,,,,,,,,-11.12157229275661,-2.232874025836276,3.593112314657838,1.111215722927566,-1.6032035505504456,3.593112314657838,16.65427373518345,123.8402647894592,100.0,0.9985013979988644,0.6798535752220223,0.0,-12.23455434865825,-8.68835544527219,3.49898107534788,0.5439415935564189,-0.6301415814479289,-0.8045529704243135,3.066009146186186,67.73838945351325,1.0,0.0250968337705559,3.0,False,False,False,,0.0459301392921336,0.7829806600000007,0.637574386854086,0.00292736263978,0.9466282346442774,97.32033426183844,30.0,0.0,-0.160856845837054,-0.0284025617219897,0.9809590457641866,0.6540347464902609,,0.985541469928828,0.565177513294713,0.7987497385328421,0.5023063674405694,0.3022556764743547,,,,,0.448,0.5256774193548388,0.7200000000000001,0.5905260598676957,0.985541469928828,0.2981262946534705,0.5421223239356199,0.4,0.3950154100611324,0.0,0.0,0.0,0.0,0.9125
160,routine_05c,4.1997733,2.499973,20.386,0.0,0.0,5.005833333333333,90.78272980501391,65.182,61.38,56.806,3.962999999999994,93.47858283006138,93.47605803746208,-6.521417169938616,540.0,760.5795916803203,3.964641373467052,106.1942000651678,86.66963272068976,301.2466553623124,-6.194200065167792,-1.237396383918986,0.8624680679784379,0.9158910656072098,235.75986374760004,215.9303528352,19.829510912400053,0.0170000000000101,0.0252570273964612,-0.1456662021510807,0.004048765994021,4.199778,4.1842074,4.166694,4.166694,-0.0330840000000005,-0.0155706000000002,517.2237188164498,-0.0045505999999999,-0.0074426,-0.0074426,14.008615707953084,2.499973,2.934039,3.052733,3.052733,0.5527600000000001,0.434066,327.1666547138607,0.0851739999999998,0.059317,0.059317,-32.226838575026875,0.2017747464503672,60.97138653254765,0.543068442787219,52.6296214832647,0.9291100440717596,44.43157650411164,0.3875445535614965,37.66291563724115,0.9896501738824038,25.374668425018665,1.656479246261204,14.381723579697574,0.2171699119364845,0.233956781792596,0.0964184021664706,0.1851888171343043,,,,,,,,,,,,,,,,,,,,,,,,,,2.171230532478834,0.8214564975223461,,,,,,,,,,,,,,,,,,,,,,,,,,,,,,,,,,,,,,,,,,,,,,,2.6431473109381183,0.77111002018668,0.099045767960583,,,,,2.171230532478834,0.8214564975223461,3.8575169551450506,3.323948659758012,0.098168463491143,-0.1109513420789798,0.0402711,0.0400987999999999,0.6211570754744784,0.0529660582039892,0.3224223405823511,0.2434404816063388,0.0852699909496006,0.391914527288261,1.6128643424367817,0.5390722884017904,1.130866003159276,1.6128643424367817,0.0748803250596159,0.0776492687557381,3.765830345673627,12.370374749498996,3.127501387439068,17.054152304609218,-0.0741376229298609,0.3026680280838323,-0.1375236750025874,0.0061078137800163,0.0046159869380075,4.199902329452556,130327.23533611298,3.129207280781553,-58.69439097501083,51.68612024048097,0.0161642925384002,9.373274549098198,-0.0221037384866986,,,3.5973664703646437,-50.58661189214965,,,28.77074549098197,-0.02140919528543,,,3.886599298174447,-50.17152764376285,,,,,,,,,,,,,,,,,,,,,,,,,,,,,,,,,,,,,,,,,,,,,0.7658265363107084,-0.0573863751329493,0.0679712591536039,0.040321384667948,0.028576595950681,0.0201590080639809,64.962,3.5149779559118173,3.3717561369029543,7.218003661218486e-05,-0.0385942361026535,-0.0078541306927419,0.0004535110494834,0.0016171692071295,-0.0105386649490399,-2.0755430861723454,-2.375543043020629,88.35533501618076,64.96199999999999,0.9684138586795032,-0.0176172167778822,,,,,,,,,,,,,,0.2840607188535649,6,0.0466453228650687,3.0,1.0,,0.352940470589647,,,,,,,,,,,,,-11.381714690174617,-1.9176049309871728,3.603033015900148,1.1138171469017462,-1.3768403404487903,3.603033015900148,17.806730868490163,123.98163228797364,100.0,0.9982961553487292,0.6312549237333197,0.0,-12.66917696695338,-8.955329584151121,3.77057102425868,0.5764071257776131,-0.6303516148529308,-0.790354232615365,3.066009146186186,65.39241172162578,1.0,0.0259969521729353,3.0,False,False,False,,0.0459301392921336,0.7829806600000007,0.637574386854086,0.00292736263978,0.9466282346442774,97.32033426183844,30.0,0.0,-0.160856845837054,-0.0284025617219897,0.9809590457641866,0.6521240920602928,,0.9872029687898316,0.5641590939012026,0.8887823531913168,0.5592373748322419,0.3382465868131043,,,,,0.448,0.5256774193548388,0.7200000000000001,0.5890930690452195,0.9872029687898316,0.3800731429840851,0.5876063521844664,0.6,0.398109899744612,0.0,0.0,0.0,0.0,0.95625
170,routine_05c,4.1998954,2.4999661,34.059,0.0,0.0,5.00161111111106,90.45125348189416,64.944,56.493,56.227,0.0,100.0,,0.0,0.0,,,114.9593754978493,86.06953683173195,301.61808702467056,-14.959375497849294,-2.990911361464529,0.8683647657631518,0.9982667117646812,215.3726973352,214.9993943727,0.3733029624999915,0.0170000000000101,0.0252570273964612,-0.1050895775167371,0.0041377668755285,4.199767,4.184214,4.1666203,4.1666203,-0.0331466999999996,-0.0155529999999997,517.9606573368351,-0.0045440000000001,-0.0075162999999998,-0.0075162999999998,14.745554228338335,2.4999661,2.939671,3.0578504,3.0578504,0.5578843,0.4397049000000002,321.40198528674654,0.0908060000000001,0.0644344000000001,0.0644344000000001,-37.99150800214102,0.2061760501723048,64.48264834868095,0.5521489063932923,55.181689719773445,0.9392360645127832,46.005681859383145,0.381557803587102,35.53631251743871,0.974557934755128,23.462695359879643,1.6267205470647534,12.32685249497826,0.2195146225344914,0.2345564542573603,0.0985215725571366,0.1823280385836879,,,,,,,,,,,,,,,,,,,,,,,,,,2.171230532478834,0.8214564975223461,,,,,,,,,,,,,,,,,,,,,,,,,,,,,,,,,,,,,,,,,,,,,,,2.6431473109381183,0.77111002018668,0.099045767960583,,,,,2.171230532478834,0.8214564975223461,3.8304141664182687,3.3214799068855245,0.0710656747643612,-0.1134200949514672,0.0402158000000003,0.0400619999999998,0.59886366869367,0.0537219119424161,0.3079219807148866,0.2349608306729698,0.0897064135809111,0.3923444399048304,1.6065072986086952,0.5382339091635551,1.0845743419973086,1.6065072986086952,0.0525869182788075,0.0712922249276517,3.768153397174067,13.746881763527057,3.128182408067592,16.60408817635271,-0.0734566023013365,0.2979169963855419,-0.1422747067008778,0.0061768709147258,0.004685044072717,3.774363963374223,98.32261410374124,3.1356369834645466,-57.71482831666462,51.83250501002004,0.0162068890988068,9.210080160320642,-0.0220104953901496,4.199475065525455,295.51385023159713,3.6191604239074953,-50.31501223036716,,,28.278837675350704,-0.0214135668239086,,,3.884588211885518,-49.63522185936608,,,,,,,,,,,,,,,,,,,,,,,,,,,,,,,,,,,,,,,,,,,,,0.3402881702323754,-0.0509566724499559,0.0665900035370156,0.0399845608494699,0.0284951786894662,0.020260171823665,64.73,3.372705410821638,3.2867442643914107,0.0068904332552009,-0.0399754917192418,-0.00819095451122,0.0003720937882686,0.0017183329668136,-0.0037204117304511,-2.217815631262525,-2.460554915532173,56.06952896521089,64.72999999999999,0.9844027101996272,-0.0176172167778822,,,,,,,,,,,,,,,6,0.0484241629312835,3.0,0.9999808235294118,,0.3529479447664702,,,,,,,,,,,,,-12.288716626227924,-2.3760426785104576,3.77413441122858,1.1228871662622792,-1.7059986431705083,3.77413441122858,18.633929778940747,130.14902678397357,100.0,0.9981282860260072,0.6367804094763867,0.0,-13.02811239757645,-9.148922495407616,4.036215146274149,0.6059743078001995,-0.638340909486054,-0.7751860774467549,3.066009146186186,65.47391810026102,1.0,0.0259640395645304,3.0,False,False,False,,0.0459301392921336,0.7829806600000007,0.637574386854086,0.00292736263978,0.9466282346442774,97.32033426183844,30.0,0.0,-0.160856845837054,-0.0284025617219897,0.9809590457641866,0.6514607256746963,,0.9884296868622954,0.5889147136299623,0.8245275451081153,0.3022062243959789,0.3155249329471786,,,,,0.448,0.5256774193548388,0.7200000000000001,0.5885955442560222,0.9884296868622954,0.2989999802758444,0.5077933540203088,0.4,0.3998341426062731,0.0,0.0,0.0,0.0,0.9125
180,routine_05c,4.1997714,2.499968,34.757,0.0,0.0,4.990694444444444,90.12116991643454,64.707,55.897,55.57,0.0,100.0,,0.0,0.0,,,115.76113208222264,85.45597848764432,301.9153860717373,-15.761132082222645,-3.1581039988869017,0.868224895828502,1.0050669684307725,212.95136673775,214.0303845903,-1.0790178525499812,0.0170000000000101,0.0252570273964612,-0.0629108646405096,0.0041502848437601,4.199756,4.1839952,4.16624,4.16624,-0.0335159999999996,-0.0157607999999997,522.2434158122579,-0.0047627999999999,-0.0078965999999995,-0.0078965999999995,19.028312703761173,2.499968,2.9463723,3.06389,3.06389,0.5639219999999998,0.4464043000000002,313.83523290946385,0.0975073000000001,0.0704739999999999,0.0704739999999999,-45.5582603794237,0.2110718909595392,68.38844079113399,0.5576271295755794,56.72134672216151,0.9567191895124458,48.723460363696354,0.32807947635961,16.539832288564075,0.8643486163365888,9.500734741143342,1.4483792065786645,0.0121857363366533,0.2206205261411174,0.2265149036035897,0.1008610583167319,0.1567733299171165,,,,,,,,,,,,,,,,,,,,,,,,,,2.171230532478834,0.8214564975223461,,,,,,,,,,,,,,,,,,,,,,,,,,,,,,,,,,,,,,,,,,,,,,,2.6431473109381183,0.77111002018668,0.099045767960583,,,,,2.171230532478834,0.8214564975223461,3.832128247935037,3.318197646434219,0.0727797562811294,-0.1167023554027726,0.040016,0.0400678000000001,0.6007826677066715,0.0525467032165382,0.3104312863245619,0.2355510336023734,0.0874637469438347,0.3920736170727544,1.6070587569026389,0.5302149894760699,1.0886427512475163,1.6070587569026389,0.054505917291809,0.0718436832215951,3.769427643550348,14.365791583166333,3.125355527695892,16.416340681362726,-0.0762834826730363,0.2924755512244901,-0.1477161518619296,0.0061667714603819,0.0046749446183731,3.771062447802438,99.19676471640936,3.1544144730414048,-57.54772930888524,51.33821643286573,0.0161427696992803,9.177639278557114,-0.0220637469686566,,,3.5963035452706995,-50.001778981135686,,,29.213330661322644,-0.0214587815237083,,,3.884775241802336,-49.279026211811725,,,,,,,,,,,,,,,,,,,,,,,,,,,,,,,,,,,,,,,,,,,,,0.3369866546605906,-0.0321791828730977,0.0645340885191425,0.0397364534611994,0.0286857828773356,0.0203952099117988,64.502,3.360825651302605,3.164178686967517,0.0083669390577258,-0.0420314067371148,-0.0084390618994905,0.000562697976138,0.0018533710549474,-0.0022439059279262,-2.2296953907815578,-2.5831204929560667,55.56999999999994,64.50199999999992,0.9808103314992496,-0.0176172167778822,,,,,,,,,,,,,,,7,0.0467423823483182,3.0,0.9999578235294116,,0.3517795427018892,,,,,,,,,,,,,-12.907578633754358,-2.719803520446918,3.9513215055372335,1.1290757863375436,-1.952818927680887,3.9513215055372335,18.92598761098978,136.23970587898793,100.0,0.9980775499010512,0.5985600227533009,0.0,-13.43610764691286,-9.39469614026978,4.367794964580444,0.6402622432862279,-0.6377967400080314,-0.7817589610524092,3.051117622122122,63.228606223956064,1.0,0.02688543052774,3.0,False,False,False,,0.0459301392921336,0.7829806600000007,0.637574386854086,0.00292736263978,0.9466282346442774,97.32033426183844,30.0,0.0,-0.160856845837054,-0.0284025617219897,0.9809590457641866,0.6541107994062635,,0.9894481678751996,0.6083367923113036,0.8295032688834543,0.3659972521849124,0.3161110445272691,,,,,0.448,0.5256774193548388,0.7200000000000001,0.5905830995546976,0.9894481678751996,0.2993080707822479,0.5299870894767349,0.4,0.3988650683205021,0.0,0.0,0.0,0.0,0.9125
190,routine_05c,4.199754,2.499998,35.607,0.0,0.0,4.979861111111111,89.74512534818942,64.437,55.296,54.969,0.0,100.0,,0.0,0.0,,,116.53103298611111,84.87825317752224,302.2130511211406,-16.531032986111114,-3.3195771161623213,0.8674776418160279,1.0108806569317743,210.68310985945,212.97548049915,-2.2923706397000103,0.0170000000000101,0.0252570273964612,-0.0220838806415346,0.0039675550492988,4.1997504,4.1838303,4.165859,4.165859,-0.0338913999999999,-0.0159200999999997,522.8477130559252,-0.0049276999999996,-0.0082775999999995,-0.0082775999999995,19.63260994742842,2.499998,2.952605,3.0698762,3.0698762,0.5698781999999998,0.452607,316.3242168586358,0.1037400000000001,0.0764602,0.0764602,-43.06927643025176,0.2159876094773884,72.31009124314706,0.5710514594330576,60.49426045343533,0.9704059685377576,50.85109108354733,0.332287158641119,18.03447801542184,0.855735487024487,8.409573177082539,1.4217893178328658,-1.8238754829038035,0.2225744858132378,0.2337105466143191,0.1032100426833545,0.1587839779766201,,,,,,,,,,,,,,,,,,,,,,,,,,2.171230532478834,0.8214564975223461,,,,,,,,,,,,,,,,,,,,,,,,,,,,,,,,,,,,,,,,,,,,,,,2.6431473109381183,0.77111002018668,0.099045767960583,,,,,2.171230532478834,0.8214564975223461,3.832762281639651,3.315619150281004,0.0734137899857434,-0.1192808515559877,0.0401400999999999,0.0400579000000003,0.6012600705293574,0.0514530214300569,0.3116637697371552,0.2358960328922816,0.0855753174907441,0.3923361028857207,1.6063752310377928,0.5235767826134072,1.091146973169788,1.6063752310377928,0.0549833201144949,0.0711601573567493,3.770262978421221,13.65963126252505,3.126759150341956,15.961955911823653,-0.0748798600269724,0.2870398842857145,-0.1531518188007052,0.0065532243724646,0.0050613975304558,3.770241528928187,99.24491882910546,3.1185288051839493,-56.35509015888135,51.11345891783567,0.0162617633972387,8.882056112224449,-0.0220289245976554,3.987864493222368,81.32082537057242,3.607372511539309,-49.97647060014464,,,27.93342284569138,-0.0215421133986512,,,3.887593635360788,-48.73821527716791,,,,,,,,,,,,,,,,,,,,,,,,,,,,,,,,,,,,,,,,,,,,,0.3361657357863397,-0.0680648507305532,0.0627276146688546,0.0395464387370506,0.0285796285633102,0.0204598501151403,64.234,3.218136272545088,3.065888279525378,0.0127517604944434,-0.0438378805874028,-0.0086290766236393,0.0004565436621126,0.0019180112582888,0.0021409155087913,-2.3723847695390745,-2.6814109003982054,54.96899999999998,64.23399999999998,0.9767177481697058,-0.0176172167778822,,,,,,,,,,,,,,,7,0.0453299769859221,3.0,1.0,,0.3523427854138323,,,,,,,,,,,,,-13.363542263394802,-2.729096817218553,4.021980755934648,1.133635422633948,-1.9594915147629213,4.021980755934648,20.005353182610783,138.4241480727164,100.0,0.9978642286895568,0.5791172989004829,0.0,-13.774721534434654,-9.596491343781723,4.553346083928535,0.6583306607691496,-0.6533376569833463,-0.753731581943335,3.0471988,62.25399365633832,1.0,0.027308272130858,3.0,False,False,False,,0.0459301392921336,0.7829806600000007,0.637574386854086,0.00292736263978,0.9466282346442774,97.32033426183844,30.0,0.0,-0.160856845837054,-0.0284025617219897,0.9809590457641866,0.65282887939932,,0.990197902156004,0.6146674927594037,0.8361429989622751,0.4346738801371623,0.3192024081029314,,,,,0.448,0.5256774193548388,0.7200000000000001,0.58962165954949,0.990197902156004,0.2995348654021912,0.551171694990443,0.4,0.4005762426065141,0.0,0.0,0.0,0.0,0.9125
200,routine_05c,4.199641,2.499963,36.111,0.0,0.0,4.968055555555556,89.40947075208913,64.196,54.693,54.437,0.0,100.0,,0.0,0.0,,,117.37516684036348,85.19222381456788,302.48385709153,-17.37516684036349,-3.497377725765086,0.8656599268276618,1.0160697833841366,208.69359907555005,212.04726000635,-3.353660930799947,0.0170000000000101,0.0252570273964612,0.0164402363454669,0.003659406897016,4.1995564,4.18342,4.165257,4.165257,-0.0342993999999992,-0.0161363999999997,509.2496632865722,-0.005338,-0.0088795999999993,-0.0088795999999993,6.034560178075424,2.499963,2.959428,3.076615,3.076615,0.5766519999999997,0.4594649999999998,305.39452381782814,0.1105629999999999,0.083199,0.083199,-53.99896947105941,0.2205031770659135,75.91251022021717,0.5750487979354826,61.61771417399087,0.9791669298749376,52.21299591462108,0.370517882761374,31.61473066237889,0.9398996027977796,19.071975293343183,1.5342292495898346,5.9402261335662265,0.2251946734905323,0.2415009900641832,0.1053678142549688,0.1770525938375691,,,,,,,,,,,,,,,,,,,,,,,,,,2.171230532478834,0.8214564975223461,,,,,,,,,,,,,,,,,,,,,,,,,,,,,,,,,,,,,,,,,,,,,,,2.6431473109381183,0.77111002018668,0.099045767960583,,,,,2.171230532478834,0.8214564975223461,3.833671934080681,3.3132384375992183,0.0743234424267735,-0.1216615642377734,0.0401899000000001,0.0401925999999996,0.6025683640135413,0.0506329918918593,0.313347370000536,0.236343234822765,0.0840286263198536,0.3922264243156546,1.606201483296953,0.519757144788048,1.094183063359365,1.606201483296953,0.0562916135986788,0.0709864096159091,3.771301172581442,14.18198396793587,3.121523945365702,15.903807615230455,-0.0801150650032265,0.2830571813333336,-0.1571345217530861,0.0068450547338276,0.0053532278918188,3.7649895586831934,99.26577606219118,3.1432827453353323,-55.79736134948249,51.38241883767535,0.0162882487129757,9.23446893787575,-0.0221055379173072,3.985180177048784,80.77963221199158,3.600386135389934,-49.48870407776582,,,,,,,3.8801695684817448,-48.610776223309216,,,,,,,,,,,,,,,,,,,,,,,,,,,,,,,,,,,,,,,,,,,,,0.3309137655413461,-0.0433109105791702,0.06145687556707,0.0391816583953904,0.0289534548522856,0.0205684688586744,64.0,3.0781563126252536,2.987916893053105,0.0141789772940289,-0.0451086196891874,-0.0089938569652996,0.000830369951088,0.002026630001823,0.0035681323083768,-2.512364729458909,-2.7593822868704785,54.43699999999995,63.99999999999997,0.9730647386051868,-0.0176172167778822,,,,,,,,,,,,,,,7,0.0489000732409984,3.0,0.9998831176470586,,0.3512175217185679,,,,,,,,,,,,,-12.748527470988558,-1.3936928675250135,3.761650451051613,1.1274852747098856,-1.0006714788829596,3.761650451051613,21.561599388932468,128.34540845436317,100.0,0.997507682893382,0.1258374174792787,0.0,-14.127796012580326,-9.79819415306094,4.839343387243845,0.684786439611101,-0.6593966916000783,-0.7416218109984065,3.051117622122122,61.87024293331717,1.0,0.0274736483875135,3.0,False,False,False,,0.0459301392921336,0.7829806600000007,0.637574386854086,0.00292736263978,0.9466282346442774,97.32033426183844,30.0,0.0,-0.160856845837054,-0.0284025617219897,0.9809590457641866,0.6572937071411891,,0.990708256753572,0.569818377920198,0.8467878233380232,0.4920072468221522,0.3264454865216982,,,,,0.448,0.5256774193548388,0.7200000000000001,0.5929702803558918,0.990708256753572,0.2996892476679555,0.5587647336505178,0.4,0.3977379763976802,0.0,0.0,0.0,0.0,0.9125
210,routine_05c,4.1997533,2.499998,35.905,0.0,0.0,4.961749999999948,88.6991643454039,63.686,54.69,54.426,0.0,100.0,,0.0,0.0,,,116.44907661364051,92.83358979995604,302.66873018977583,-16.44907661364053,-3.315176422359188,0.8625416181649016,1.004421749761381,208.7943016164,209.71753776975,-0.9232361533500182,0.0170000000000101,0.0252570273964612,0.0511042572987864,0.0167540307460106,4.1997423,4.183692,4.165665,4.165665,-0.0340772999999998,-0.0160502999999998,515.5874824255641,-0.0050660000000002,-0.0084716,-0.0084716,12.372379317067328,2.499998,2.9671412,3.084587,3.084587,0.5845889999999998,0.4671431999999997,299.4051528136623,0.1182761999999999,0.0911710000000001,0.0911710000000001,-59.98834047522524,0.1789301898603946,42.74650946690504,0.4954003920977202,39.23249515376826,0.87003567050261,35.248374837069804,0.3642513871207251,29.38875676391487,0.9131781488735252,15.686745326227628,1.480044860560365,2.198734157562161,0.2056584527816297,0.2461083422720136,0.0855020923538921,0.1740581383495373,,,,,,,,,,,,,,,,,,,,,,,,,,2.171230532478834,0.8214564975223461,,,,,,,,,,,,,,,,,,,,,,,,,,,,,,,,,,,,,,,,,,,,,,,2.6431473109381183,0.77111002018668,0.099045767960583,,,,,2.171230532478834,0.8214564975223461,3.836297020108036,3.3094135674569984,0.0769485284541287,-0.1254864343799933,0.0403077,0.0401419999999999,0.6054874902878931,0.0492432474045227,0.3164954233538694,0.2375067749605514,0.081328265561868,0.3922571131033993,1.6106121194660212,0.5108471157512637,1.100336162790312,1.6106121194660212,0.0592107398730306,0.0753970457849777,3.772081987304859,13.63376753507014,3.1327479212504143,16.001242484969936,-0.0688910891185141,0.277155838297872,-0.1630358647885477,0.0071296699481567,0.0056378431061479,3.7597436784857874,99.33365268342588,3.149568461445418,-55.31202116753481,50.93575551102204,0.0161913664324906,8.762585170340682,-0.0221121219350803,3.971223398839014,82.03378635436657,3.633611068428161,-48.98711517282399,,,27.30370741482966,-0.021826114484735,,,3.889334012398508,-48.03387501322226,,,,,,,,,,,,,,,,,,,,,,,,,,,,,,,,,,,,,,,,,,,,,0.3256678853439401,-0.0370251944690847,0.0593920948652178,0.0391093060914147,0.0293325374457683,0.0207450153787736,63.37,2.9208617234468903,2.862957379438144,0.0131925066490895,-0.0471734003910396,-0.0090662092692752,0.0012094525445707,0.0022031765219222,0.0025816616634374,-2.6696593186372723,-2.8843418004854398,54.42599999999999,63.36999999999996,0.9653343034271596,-0.0176172167778822,,,,,,,,,,,,,,,7,0.0489003819939244,3.0,0.999950882352941,,0.3494289278326318,,,,,,,,,,,,,-15.593475846243887,-3.588098654616814,4.331751646386367,1.1559347584624389,-2.5762548340148723,4.331751646386367,21.88219389089289,149.52470955029628,100.0,0.9974435021085216,0.7210293535571085,0.0,-14.631319721445957,-10.09659356445667,5.302559016393978,0.7244855108240638,-0.6424528382163575,-0.7588300050834866,3.051117622122122,62.59672439707816,1.0,0.027156636651092,3.0,False,False,False,,0.0459301392921336,0.7829806600000007,0.637574386854086,0.00292736263978,0.9466282346442774,97.32033426183844,30.0,0.0,-0.160856845837054,-0.0284025617219897,0.9809590457641866,0.6465707285352906,,0.971117694205461,0.6510188578249078,0.8242646066455835,0.6001067098966198,0.337987410728796,,,,,0.448,0.750967741935484,0.504,0.584928046401468,0.971117694205461,0.293763102497152,0.6033443962739768,0.4,0.3677732979314841,0.0,0.0,0.0,0.0,0.9125
220,routine_05c,4.19984,2.4999702,35.947,0.0,0.0,4.951861111111163,88.32729805013928,63.419,54.084,53.822,0.0,100.0,,0.0,0.0,,,117.2601878559278,85.26309150254656,472.4697332589608,-17.260187855927796,-3.4855961160135878,0.8617170204868724,1.0104509970094104,206.5791314509,208.7380893359,-2.158957884999978,0.0700000000000073,0.1059915509592347,0.0174186987205993,0.0115761542986067,4.1997113,4.1837854,4.165623,4.165623,-0.0340882999999996,-0.0159259,525.610716536121,-0.0049726000000003,-0.0085135999999996,-0.0085135999999996,22.39561342762425,2.4999702,2.9736743,3.0921023,3.0921023,0.5921321000000002,0.4737040999999999,296.8741941672995,0.1248092999999999,0.0986863000000002,0.0986863000000002,-62.51929912158806,0.1848342767372033,47.45665812270967,0.507187674780402,42.54531606624924,0.8902702192077068,38.39386636196892,0.3577518327199662,27.079996129998875,0.8859718207160009,12.240088657204335,1.4295014718673498,-1.2913427192320404,0.2076159268830715,0.2502633538758355,0.08832337020421,0.1709523153407627,,,,,,,,,,,,,,,,,,,,,,,,,,2.3656102131770904,0.9128076474499196,,,,,,,,,,,,,,,,,,,,,,,,,,,,,,,,,,,,,,,,,,,,,,,2.5915758043721664,0.4781167628067954,0.0930234315648504,,,,,2.3656102131770904,0.9128076474499196,3.8381912870368993,3.307265932597639,0.0788427953829917,-0.1276340692393529,0.0400939,0.0401830000000003,0.606752521536593,0.0480882188493003,0.3182099781091326,0.2382152546705025,0.0792550787057589,0.3926069463497663,1.6121174204130542,0.504573287198141,1.1046000336800348,1.6121174204130542,0.0604757711217305,0.0769023467320106,3.775927234673686,14.45320240480962,3.126911266566017,15.304438877755516,-0.0747277438029114,0.2733249515686271,-0.1668667515177926,0.0070932818949773,0.0056014550529685,3.761922143958213,99.8282783942359,3.1081697740125813,-54.40194847732567,50.26262925851704,0.0163932257967753,29.470531062124248,-0.0217954158280543,4.006860937578471,81.02166262492769,3.613915455172939,-48.91596669224488,,,,,,,3.873333747695713,-47.597299968008045,,,,,,,,,,,,,,,,,,,,,,,,,,,,,,,,,,,,,,,,,,,,,0.3278463508163658,-0.0784238819019211,0.0581963101577556,0.0389406945627838,0.0293922210236737,0.0208294005043235,63.115,2.782625250500999,2.79395031775762,0.01333853016885,-0.0483691850985018,-0.0092348207979061,0.0012691361224761,0.0022875616474721,0.0027276851831979,-2.807895791583164,-2.953348862165964,53.82199999999996,63.11499999999991,0.960268310040428,-0.0176172167778822,,,,,,,,,,,,,,,7,0.0491840634675825,3.0,0.9999604705882352,,0.3494255772934083,,,,,,,,,,,,,-15.747295364846469,-3.2641280475447334,4.330950423029508,1.1574729536484647,-2.343643938137119,4.330950423029508,22.038896247710483,149.45348572957863,100.0,0.9973880489745393,0.6128465221786086,0.0,-14.966128385306677,-10.288897424510928,5.522211092238243,0.7421130039769939,-0.6590733236108202,-0.7358501393108483,3.0519013865465463,64.44016729953113,1.0,0.0263800184145761,3.0,False,True,False,,0.0459301392921336,0.7829806600000007,0.637574386854086,0.00292736263978,0.9466282346442774,97.32033426183844,30.0,0.0,-0.160856845837054,-0.0284025617219897,0.9809590457641866,0.7476716099172473,,0.932508357846008,0.6450679514502712,0.8386410857344597,0.6610260686759826,0.3408595775988306,,,,,0.448,0.616,0.7200000000000001,0.6607537074379355,0.932508357846008,0.2820837782484175,0.621398670864886,0.4,0.2717546504080725,0.0,0.0,0.0,0.0,0.9125
230,routine_05c,4.1998672,2.4999743,34.475,0.0,0.0,4.93,88.0,63.184,54.073,53.807,0.0,100.0,,0.0,0.0,,,116.84944426978343,84.62743732590529,473.0433914406524,-16.849444269783433,-3.4177371743982623,0.860353497313559,1.00531828036654,206.7832194442,207.8829505803,-1.0997311360999902,0.0700000000000073,0.1059915509592347,0.0774560478286359,0.0090804833943857,4.199728,4.182981,4.164429,4.164429,-0.0352990000000001,-0.0167470000000005,505.2394719244453,-0.0057770000000001,-0.0097075999999995,-0.0097075999999995,2.024368815948492,2.4999743,2.9795282,3.098272,3.098272,0.5982977000000003,0.4795539,290.97980450118035,0.1306631999999998,0.1048560000000002,0.1048560000000002,-68.4136887877072,0.1813187130617631,44.65201993465841,0.5005735999027969,40.686427452044896,0.8809981100231443,36.95250281672543,0.3421315791903878,21.531396300344817,0.8549426297982994,8.309129389504866,1.3786178143847818,-4.804915532191592,0.2058105585005169,0.2481699972396385,0.0866434521854117,0.1634881509036754,,,,,,,,,,,,,,,,,,,,,,,,,,2.3656102131770904,0.9128076474499196,,,,,,,,,,,,,,,,,,,,,,,,,,,,,,,,,,,,,,,,,,,,,,,2.5915758043721664,0.4781167628067954,0.0930234315648504,,,,,2.3656102131770904,0.9128076474499196,3.8430542391175866,3.306236888165596,0.083705747463679,-0.1286631136713958,0.0401861999999999,0.0400932000000002,0.6097249158382982,0.0469281609161364,0.3208856105488467,0.2396723889470569,0.0769661197978368,0.3930828193522915,1.6191088092442882,0.4974784552318922,1.1112194638700523,1.6191088092442882,0.0634481654234357,0.0838937355632447,3.774296541088531,13.586537074148296,3.127932238657156,14.364456913827652,-0.0737067717117723,0.2700329477064218,-0.1701587553799979,0.0072097922229319,0.0057179653809231,,,3.159608748361636,-53.66417216760324,49.81730260521042,0.0162703725695872,,,,,3.5841981038189736,-48.725903864728366,,,,,,,3.829246939786522,-47.50214130349883,,,,,,,,,,,,,,,,,,,,,,,,,,,,,,,,,,,,,,,,,,,,,,-0.0269849075528663,0.0573808662251933,0.0388277245795226,0.0295512461781495,0.0208938559331793,62.876,2.772088176352703,2.7463033347555927,0.0076931271797237,-0.049184629031064,-0.0093477907811673,0.0014281612769519,0.0023520170763279,-0.0029177178059283,-2.8184328657314595,-3.000995845167991,55.38081325471005,62.87599999999999,0.9567100222582255,-0.0176172167778822,,,,,,,,,,,,,,,7,0.0477360196853901,3.0,0.9999653529411764,,0.3482473598644093,,,,,,,,,,,,,-16.7854890134717,-3.806249802119617,4.452858718391594,1.167854890134717,-2.732887357921885,4.452858718391594,22.92340664973452,152.7059688946153,100.0,0.9971590747949411,0.7428169649068108,0.0,-15.187663352718928,-10.397124172784585,5.633986413850375,0.750815795366032,-0.6765046451547716,-0.6983237107958029,3.050333857697697,69.20052467667783,1.0,0.0245654365764212,3.0,False,True,False,,0.0459301392921336,0.7829806600000007,0.637574386854086,0.00292736263978,0.9466282346442774,97.32033426183844,30.0,0.0,-0.160856845837054,-0.0284025617219897,0.9809590457641866,0.8336877697904638,,0.928927229900342,0.6623595839683288,0.8397796736951701,0.6992336992799959,0.3454496286901499,,,,,0.448,0.5319999999999999,0.504,0.7252658273428478,0.928927229900342,0.2810004870448535,0.6367056464084113,0.4,0.2036614025574942,0.0,0.0,0.0,0.0,0.9125
236,routine_05c,4.199828,2.499998,35.334,0.0,0.0,4.909583333333333,87.41922005571031,62.767,53.471,53.20399999999999,0.0,100.0,,0.0,0.0,,,117.38512464700491,85.17373779215191,478.3811565626253,-17.38512464700493,-3.541059081117868,0.8601802529669063,1.0097236621341252,204.44728984085,206.4352662115,-1.987976370650017,0.0700000000000073,0.1059915509592347,0.1430152427358457,-0.0651743531712367,4.199787,4.182842,4.1640544,4.1640544,-0.0357325999999993,-0.0169449999999997,508.4440536955465,-0.005916,-0.0100821999999993,-0.0100821999999993,5.228950587049724,2.499998,2.9874291,3.107283,3.107283,0.6072849999999996,0.4874310999999998,289.8883056720369,0.1385640999999999,0.1138669999999999,0.1138669999999999,-69.5051876168506,0.1872150426881076,49.355980029283415,0.5103686576311224,43.43933267667568,0.8937540545356573,38.93543388877282,0.3371354691880588,19.756686622594565,0.8394157915421374,6.342098766533928,1.3486597379458414,-6.873553835963012,0.2094704261625685,0.2499781521627935,0.0894610232205402,0.1611007513309,,,,,,,,,,,,,,,,,,,,,,,,,,2.3656102131770904,0.9128076474499196,,,,,,,,,,,,,,,,,,,,,,,,,,,,,,,,,,,,,,,,,,,,,,,2.5915758043721664,0.4781167628067954,0.0930234315648504,,,,,2.3656102131770904,0.9128076474499196,3.8427052447344185,3.304550443596926,0.083356753080511,-0.1303495582400651,0.0401033000000001,0.0400952999999999,0.6104125048722135,0.0466333925885374,0.3210522198446607,0.2404765225568045,0.0763965223784198,0.3939573987055637,1.6188835800530157,0.4949241103819366,1.1177230767342785,1.6188835800530157,0.064135754457351,0.0836685063719722,3.778136914713202,14.28724649298597,3.1824990048017785,9.138897795591184,-0.01914000556715,0.2617670875,-0.1784246155864197,0.0074393953110868,0.005947568469078,3.7642163563441406,99.91729626863496,3.035235564875489,-49.164414721800455,49.68549899799599,0.0163478806724213,,,3.9928119476011457,80.47994516815788,3.1168382183959515,-53.13155136155391,,,,,,,3.592738208960094,-48.50744129289721,,,,,,,3.828987377028028,-47.6700788118668,,,,,,,,,,,,,,,,,,,,,,,,,,,,,,,,,,,,,0.3301405632022933,-0.1513580910390133,0.0552624937979509,0.0380361362180948,0.0294733346780339,0.0210592408193361,62.470000000000006,2.503807615230464,2.624144634274285,0.0110947511163375,-0.0513030014583065,-0.0101393791425952,0.0013502497768363,0.0025174019624847,0.0004839061306854,-3.086713426853698,-3.1231545456492986,53.20399999999994,62.469999999999935,0.9503959541510834,-0.0176172167778822,,,,,,,,,,,,,,,7,0.0461425103979964,3.0,0.9999476470588232,,0.3482535262140194,,,,,,,,,,,,,-18.41037000417838,-4.705117565611311,4.691017890964988,1.1841037000417838,-3.378274412108921,4.691017890964988,25.657322190506143,161.00391350138477,100.0,0.996476581242726,0.7517379861716229,0.0,-15.74984838391584,-10.541600793393853,6.068299230980858,0.7830669879288201,-0.7151766980753101,-0.6258246167566535,3.049550093273273,73.62954731739327,1.0,0.0230873482444789,3.0,False,True,False,,0.0459301392921336,0.7829806600000007,0.637574386854086,0.00292736263978,0.9466282346442774,97.32033426183844,30.0,0.0,-0.160856845837054,-0.0284025617219897,0.9809590457641866,0.8358133538267116,,0.9345326378210496,0.6856193297605963,0.8467456057965301,0.7582482345421157,0.3460188512344253,,,,,0.448,0.616,0.504,0.7268600153700336,0.9345326378210496,0.2826961229408675,0.6591580053334168,0.4,0.2076726224510158,0.0,0.0,0.0,0.0,0.9125
237,routine_05c,4.1997952,2.499968,34.44,0.0,0.0,4.906944444444444,87.57938718662953,62.882,53.461,53.191,0.0,100.0,,0.0,0.0,,,117.6221918781916,85.0418243694539,273.2490561114137,-17.622191878191586,-3.5912760125383363,0.8597337391782364,1.0112376683377764,204.5596155274,206.858388642,-2.2987731145999817,0.0700000000000073,0.1059915509592347,0.0651574086219803,-0.0834362149015736,4.199748,4.1828475,4.164184,4.164184,-0.0355639999999999,-0.0169004999999993,504.5959235400767,-0.0059104999999997,-0.0099526,-0.0099526,1.3808204315799344,2.499968,2.984338,3.103594,3.103594,0.6036260000000002,0.4843700000000002,292.00856208832414,0.1354730000000001,0.1101780000000003,0.1101780000000003,-67.38493120056341,0.184920797416986,47.52568238879535,0.5117347854674362,43.82328349783586,0.8939363827515481,38.96377708862338,0.3319936973951933,17.930235211931475,0.8186010231163015,3.705162242292156,1.3129958583331702,-9.336184157980892,0.2068612498439736,0.2528520522651569,0.0883647142566534,0.1586437470263763,,,,,,,,,,,,,,,,,,,,,,,,,,2.3656102131770904,0.9128076474499196,,,,,,,,,,,,,,,,,,,,,,,,,,,,,,,,,,,,,,,,,,,,,,,2.5915758043721664,0.4781167628067954,0.0930234315648504,,,,,2.3656102131770904,0.9128076474499196,3.845756152871727,3.305450354612422,0.086407661217819,-0.1294496472245696,0.040102,0.0401420000000003,0.6109337680465008,0.0459694335662756,0.3225798184001171,0.2401482490381429,0.0752445452692291,0.3930839341325526,1.6207697785501765,0.4909664558820932,1.1143061163565555,1.6207697785501765,0.0646570176316383,0.0855547048691329,3.778405378596669,14.283755511022042,3.1308629049176213,14.171649298597195,-0.0707761054513071,0.2678498200645163,-0.1723418830219034,0.0073573147907863,0.0058654879487775,3.763451803737111,99.30341198142176,3.1071125426129886,-53.15181566818889,49.88654909819639,0.0164043766485285,,,4.189562896124446,235.5101142230045,3.589203913605092,-48.34557558461936,,,,,,,3.831103723794738,-47.42179147434042,,,,,,,,,,,,,,,,,,,,,,,,,,,,,,,,,,,,,,,,,,,,,0.3293760105952636,-0.0794811133015138,0.0565149908867407,0.0389133152314161,0.0298699211347213,0.0209867819939389,62.581,2.759082164328653,2.692885021775256,0.0073810059370445,-0.0500505043695167,-0.0092622001292738,0.0017468362335237,0.0024449431370874,-0.0032298390486075,-2.831438877755509,-3.0544141581483277,53.22564199240266,62.580999999999975,0.952137243916842,-0.0176172167778822,,,,,,,,,,,,,,,7,0.0479284362973643,3.0,0.9999229411764704,,0.3476738501613948,,,,,,,,,,,,,-16.78869017707285,-3.2743385808202,4.363375790565506,1.1678869017707283,-2.3509751010289035,4.363375790565506,23.33829955850819,149.21025871245774,100.0,0.997069125934936,0.6393773638498935,0.0,-15.46509474110065,-10.53781647769947,5.893074888801859,0.7703419601155432,-0.6786361221054933,-0.6929819528107788,3.049550093273273,72.62251304409781,1.0,0.0234069151389432,3.0,False,True,False,,0.0459301392921336,0.7829806600000007,0.637574386854086,0.00292736263978,0.9466282346442774,97.32033426183844,30.0,0.0,-0.160856845837054,-0.0284025617219897,0.9809590457641866,0.8855874621562202,,0.9325871999983436,0.6489571507805935,0.8486549145957513,0.7430500057065572,0.3474716310162497,,,,,0.448,0.616,0.7200000000000001,0.7641905966171652,0.9325871999983436,0.2821076279994989,0.6470334255247879,0.4,0.1683966033811784,0.0,0.0,0.0,0.0,0.8571940559170623
238,routine_05c,4.1999335,2.499977,35.378,0.0,0.0,4.912916666666667,87.31754874651811,62.694,53.476,53.207,0.0,100.0,,0.0,0.0,,,117.23763931483282,85.2856732701694,265.03792891159367,-17.23763931483282,-3.508636617386037,0.8604375765399594,1.0087567025132065,204.47411387445,206.2646328613,-1.7905189868500315,0.0700000000000073,0.1059915509592347,-0.0238571870673015,-0.1139554370725887,4.1997733,4.183022,4.1644564,4.1644564,-0.0353169000000006,-0.0167513000000001,507.94584119254216,-0.0057359999999997,-0.0096802,-0.0096802,4.730738084045413,2.499977,2.9863071,3.105667,3.105667,0.6056900000000001,0.4863301,291.1034524204883,0.1374420999999999,0.1122510000000001,0.1122510000000001,-68.29004086839927,0.1890148357744785,50.791814759255885,0.5151770196840074,44.79072491799192,0.8993475325764685,39.80494859989901,0.3371706283239946,19.76917579092301,0.8347666599166313,5.753119598546278,1.342595467246202,-7.292298433243189,0.2101688490021039,0.2511334475272476,0.0903210573758096,0.1611175521831777,,,,,,,,,,,,,,,,,,,,,,,,,,2.3656102131770904,0.9128076474499196,,,,,,,,,,,,,,,,,,,,,,,,,,,,,,,,,,,,,,,,,,,,,,,2.5915758043721664,0.4781167628067954,0.0930234315648504,,,,,2.3656102131770904,0.9128076474499196,3.8429927241612942,3.3056289121654543,0.0836442325073867,-0.1292710896715374,0.0400233,0.0401379000000003,0.6092996966917467,0.0464974065535601,0.3209190082383042,0.239645159376015,0.0763128667321228,0.3933124547364658,1.6173742816973515,0.4935844300565071,1.1121205373412355,1.6173742816973515,0.0630229462768842,0.082159208016308,3.777241510068496,14.288052104208417,3.133426236953343,13.630024048096187,-0.0682127734155852,0.2672546369642856,-0.1729370661221341,0.0073282219532057,0.0058363951111969,3.7818125212386,99.4753010135172,3.109530906488125,-52.66767560766792,49.68830060120241,0.0163663127460484,,,4.002182831451752,80.45625982371504,3.571547130785779,-48.23053104404772,,,,,,,3.828880925384544,-47.5319352269617,,,,,,,,,,,,,,,,,,,,,,,,,,,,,,,,,,,,,,,,,,,,,0.3477367280967529,-0.0770627494263775,0.056490060785951,0.0391393866852754,0.0297687365246111,0.0210641355384242,62.398,2.625967935871742,2.6818124429034595,0.0111319316414909,-0.0500754344703063,-0.0090361286754145,0.0016456516234135,0.0025222966815728,0.0005210866558388,-2.9645531062124206,-3.065486737020124,53.20699999999998,62.397999999999925,0.94929061369108,-0.0176172167778822,,,,,,,,,,,,,,,7,0.0504596848391696,3.0,0.999977235294118,,0.3476549730867402,,,,,,,,,,,,,-17.6307188279631,-3.706882529880076,4.4357523211696845,1.176307188279631,-2.661541656453894,4.4357523211696845,24.13249018279652,152.1271731716274,100.0,0.9968680784303232,0.7114807132639834,0.0,-15.60793609296534,-10.590006966992444,6.072265083960644,0.7833507223717575,-0.6780587558589485,-0.688077536565181,3.0471988,72.59189514744064,1.0,0.0234180592275105,3.0,False,True,False,,0.0459301392921336,0.7829806600000007,0.637574386854086,0.00292736263978,0.9466282346442774,97.32033426183844,30.0,0.0,-0.160856845837054,-0.0284025617219897,0.9809590457641866,0.9186579492983032,,0.935878184062412,0.6616749823660427,0.8481493689428823,0.7674885507828942,0.3451722477393773,,,,,0.448,0.616,0.504,0.7889934619737273,0.935878184062412,0.2831031506788797,0.6556212874577991,0.4,0.1468847220886846,0.0,0.0,0.0,0.0,0.8195482636551981
239,routine_05c,4.199802,2.4999802,34.658,0.0,0.0,4.910694444444444,87.36072423398329,62.725,53.469,53.205,0.0,100.0,,0.0,0.0,,,117.31096523219064,85.24192905540056,265.2086300343812,-17.310965232190625,-3.52515625397439,0.8596383656151678,1.0084500642093812,204.55574510085,206.28425428135,-1.728509180499998,0.0700000000000073,0.1059915509592347,-0.1627534655231971,-0.0714649218575229,4.199767,4.1830363,4.1642904,4.1642904,-0.0354765999999999,-0.0167306999999992,508.1794262420131,-0.0057216999999996,-0.0098462000000001,-0.0098462000000001,4.964323133516359,2.4999802,2.9861891,3.1056252,3.1056252,0.605645,0.4862088999999998,290.26586636419376,0.1373240999999998,0.1122092000000001,0.1122092000000001,-69.1276269246938,0.1868334657328116,49.05156645601212,0.5132302925564,44.24359641409108,0.8989175838417708,39.73811241190969,0.3338928103793201,18.60483488857991,0.8267522977036955,4.737813350336368,1.3334009417672097,-7.927190584266712,0.2078427089325893,0.2504069105701986,0.0892786860302802,0.159551241361938,,,,,,,,,,,,,,,,,,,,,,,,,,2.3656102131770904,0.9128076474499196,,,,,,,,,,,,,,,,,,,,,,,,,,,,,,,,,,,,,,,,,,,,,,,2.5915758043721664,0.4781167628067954,0.0930234315648504,,,,,2.3656102131770904,0.9128076474499196,3.844671461344799,3.3043017552956155,0.0853229696908912,-0.1305982465413762,0.0401417999999997,0.0400627,0.6111608689160148,0.0460335745913962,0.3226815785105962,0.2402081962508027,0.0753215346935475,0.3930359557817369,1.620083189545634,0.491707247210587,1.114820453220796,1.620083189545634,0.0648841185011523,0.0848681158645905,3.77688183464478,13.967645290581162,3.1233667879836373,14.512553106212422,-0.0782722223852911,0.2661088642857141,-0.1740828388007056,0.0076153984343438,0.006123571592335,3.765701656232636,99.58933868435848,3.122354937097347,-52.84629996433542,49.57980961923848,0.0164090117694349,,,,,3.5801167612981035,-48.281900767624464,,,,,,,3.8276077734619047,-47.38124346078479,,,,,,,,,,,,,,,,,,,,,,,,,,,,,,,,,,,,,,,,,,,,,0.3316258630907889,-0.0642387188171556,0.0563036420491905,0.0390743888337527,0.029724793616655,0.0210344767536945,62.429,2.627272545090179,2.6767312878035425,0.0081329478408736,-0.0502618532070669,-0.0091011265269372,0.0016017087154574,0.0024926378968431,-0.0024778971447785,-2.963248496993984,-3.070567892120041,53.20499999999997,62.42899999999997,0.949760004845328,-0.0176172167778822,,,,,,,,,,,,,,,7,0.0472979257471279,3.0,0.9999983529411764,,0.3482358676826056,,,,,,,,,,,,,-17.480650645869677,-3.751868687936792,4.51223997797253,1.1748065064586968,-2.693841717938616,4.51223997797253,23.512433873651823,154.7422654365258,100.0,0.9970361071590242,0.7106334383859597,0.0,-15.65131200565788,-10.659137476042574,6.054705399320048,0.7820930167504464,-0.6702360060975463,-0.6935536685690775,3.0471988,73.5122989190634,1.0,0.0231253439900129,3.0,False,True,False,,0.0459301392921336,0.7829806600000007,0.637574386854086,0.00292736263978,0.9466282346442774,97.32033426183844,30.0,0.0,-0.160856845837054,-0.0284025617219897,0.9809590457641866,0.8601601207278837,,0.9342277315496096,0.6628894607026817,0.8512426146525703,0.7636026345224216,0.347779279887411,,,,,0.448,0.616,0.504,0.7451200905459128,0.9342277315496096,0.282603888793757,0.6563784974412712,0.4,0.1891076410036969,0.0,0.0,0.0,0.0,0.8934383717564696
240,routine_05c,4.19985,,34.595,0.0,,2.6868055555555554,,,53.468,53.198,0.0,100.0,,0.0,0.0,,,,,274.09526708911216,,,,,204.54653758385,,,0.0700000000000073,0.1059915509592347,-0.1667870307823474,-0.0040335652591503,4.1997933,4.1828494,4.164192,4.164192,-0.0356012999999997,-0.0169438999999993,505.8484395707608,-0.0059085999999997,-0.0099445999999998,-0.0099445999999998,2.633336462264083,,,,,,,,,,,,,,,,,,0.3319029912139191,17.89801471685349,0.8207450387152075,3.976778669899493,1.3230987974424095,-8.638565041325018,,0.2508527646276285,,0.1586004029250012,,,,,,,,,,,,,,,,,,,,,,,,,,2.3656102131770904,0.9128076474499196,,,,,,,,,,,,,,,,,,,,,,,,,,,,,,,,,,,,,,,,,,,,,,,2.5915758043721664,0.4781167628067954,0.0930234315648504,,,,,2.3656102131770904,0.9128076474499196,3.845004278052746,,0.0856557863988385,,0.0401859999999998,,,,,,,,,,,,,,3.777558335718625,13.85919839679359,,,,,,,,,,,,49.78650501002004,0.0164385209253515,,,,,,,,,,,,,,,,,,,,,,,,,,,,,,,,,,,,,,,,,,,,,,,,,,,,,,,,,,,,,,,,,,,,0.0078144614822509,,,,,-0.0027963835034012,,,53.19800000000001,,,,,,,,,,,,,,,,,,5,0.0716107542148392,3.0,0.6437489411764706,,0.240320212519824,,,,,,,,,,,,,,,,,,,,,,,,,,,,,,,,101.62644582511032,0.8847326706528402,0.010768586770055,,False,True,,,0.0459301392921336,,0.637574386854086,0.00292736263978,0.9466282346442774,97.32033426183844,30.0,0.0,-0.160856845837054,-0.0284025617219897,0.9809590457641866,,,0.9207181407565128,,,,,,,,,0.52,0.0,0.0,0.0,0.9207181407565128,0.2785172375788452,0.0,0.4,0.9207181407565128,0.0,0.0,0.0,0.0,0.78125
